1.116876125335693359e+00,2.240538358688354492e+00
2.655302524566650391e+00,5.162302255630493164e-01
1.605852603912353516e+00,2.598841905593872070e+00
1.492338657379150391e+00,4.811310291290283203e+00
1.117511868476867676e+00,2.232015848159790039e+00
2.868876218795776367e+00,6.961144804954528809e-01
1.286683917045593262e+00,6.333889484405517578e+00
1.391868352890014648e+00,3.749348521232604980e-01
2.697914600372314453e+00,3.186745643615722656e+00
1.396560072898864746e+00,1.651389122009277344e+00
2.074716091156005859e+00,7.873849272727966309e-01
7.133774757385253906e-01,1.713786244392395020e+00
-1.773518770933151245e-01,1.529097437858581543e+00
1.945663452148437500e+00,-3.423922657966613770e-01
1.008233785629272461e+00,-7.048817276954650879e-01
6.784337162971496582e-01,8.340011239051818848e-01
1.304056525230407715e+00,2.392910242080688477e+00
6.258637905120849609e-01,2.386602163314819336e+00
1.062546491622924805e+00,6.141860485076904297e-01
2.487336397171020508e+00,1.091484665870666504e+00
6.536095142364501953e-01,2.799321413040161133e+00
1.723279595375061035e+00,1.498469233512878418e+00
1.726427227258682251e-01,1.510708212852478027e+00
1.120828628540039062e+00,-6.079878211021423340e-01
6.066641807556152344e-01,6.943246126174926758e-01
2.181603908538818359e+00,1.306712180376052856e-01
2.491222381591796875e+00,2.260082721710205078e+00
-9.401514530181884766e-01,1.199310302734375000e+00
1.314838528633117676e+00,4.486105918884277344e+00
4.882101416587829590e-01,2.885283470153808594e+00
2.086760044097900391e+00,3.432423114776611328e+00
2.276106595993041992e+00,3.951056241989135742e+00
2.388024330139160156e-01,3.420187234878540039e+00
1.537077188491821289e+00,3.849851131439208984e+00
1.153234362602233887e+00,6.370637416839599609e+00
1.607675313949584961e+00,3.419003486633300781e+00
1.354367613792419434e+00,-3.564375638961791992e-01
1.386668086051940918e-01,2.869802713394165039e+00
1.689910888671875000e+00,-5.652894824743270874e-02
3.171290159225463867e+00,1.682126164436340332e+00
1.390937805175781250e+00,4.978888928890228271e-01
1.325381755828857422e+00,-3.036807179450988770e-01
6.742752790451049805e-01,5.701658248901367188e+00
7.660118937492370605e-01,2.520740747451782227e+00
1.612112641334533691e+00,2.912928581237792969e+00
1.323112964630126953e+00,3.560049057006835938e+00
-2.123429030179977417e-01,2.859780311584472656e+00
2.699412345886230469e+00,2.651606082916259766e+00
1.342626690864562988e+00,5.246006488800048828e+00
1.704350829124450684e+00,1.057435393333435059e+00
-3.467456698417663574e-01,2.623282670974731445e+00
3.645483255386352539e+00,1.706262946128845215e+00
2.047444343566894531e+00,-1.097055077552795410e-01
2.752734124660491943e-01,2.089466094970703125e+00
2.504397869110107422e+00,6.867915391921997070e-01
1.358989477157592773e+00,2.765383243560791016e+00
1.549365282058715820e+00,1.656356573104858398e+00
1.603384137153625488e+00,2.415463447570800781e+00
2.140848040580749512e-01,1.150475502014160156e+00
1.447240948677062988e+00,-3.694686889648437500e-01
1.043769955635070801e+00,1.969028234481811523e+00
2.295564174652099609e+00,2.480179548263549805e+00
2.066154003143310547e+00,2.337745189666748047e+00
2.658541202545166016e-01,1.878418445587158203e+00
1.352564454078674316e+00,5.589537620544433594e+00
1.910104274749755859e+00,3.700580120086669922e+00
2.711707830429077148e+00,2.918751478195190430e+00
1.327059119939804077e-01,7.458553910255432129e-01
2.024677038192749023e+00,3.627431154251098633e+00
3.583747744560241699e-01,3.592817783355712891e+00
2.016955614089965820e+00,2.634168863296508789e+00
6.547284126281738281e-01,4.195248126983642578e+00
1.632605791091918945e+00,3.652017354965209961e+00
8.735217452049255371e-01,6.205929279327392578e+00
1.152213811874389648e+00,6.699708461761474609e+00
2.235717058181762695e+00,2.364959955215454102e+00
9.249281287193298340e-01,-4.560644924640655518e-01
3.508346974849700928e-01,1.228678584098815918e+00
1.390409469604492188e+00,2.883194446563720703e+00
2.654552459716796875e+00,1.116443157196044922e+00
-6.232132315635681152e-01,8.128254413604736328e-01
1.618205308914184570e-01,3.455517441034317017e-02
5.517045259475708008e-01,1.578293442726135254e+00
1.329062819480895996e+00,-1.938204765319824219e-01
1.815833687782287598e+00,3.245489597320556641e-01
1.814983844757080078e+00,7.852262854576110840e-01
1.493407249450683594e+00,2.685756921768188477e+00
8.470067977905273438e-01,2.951457023620605469e+00
1.920356273651123047e+00,9.753401279449462891e-01
1.169025063514709473e+00,2.826007902622222900e-01
-2.663829326629638672e-01,1.074497818946838379e+00
1.946032524108886719e+00,1.581304430961608887e+00
1.631877779960632324e+00,-5.318925976753234863e-01
6.949258595705032349e-02,2.820860147476196289e+00
-3.403559327125549316e-01,1.965724468231201172e+00
1.748433947563171387e+00,2.488273382186889648e+00
2.463790625333786011e-01,4.968516349792480469e+00
5.579941868782043457e-01,6.638099193572998047e+00
1.362252831459045410e+00,3.684425354003906250e-01
1.022460341453552246e+00,1.094492912292480469e+00
1.294063687324523926e+00,9.163812398910522461e-01
8.646805286407470703e-01,3.116935253143310547e+00
8.579959273338317871e-01,2.024700880050659180e+00
7.998504042625427246e-01,2.463386774063110352e+00
1.324318051338195801e+00,1.195839047431945801e+00
1.061350703239440918e+00,2.150823354721069336e+00
2.030325651168823242e+00,1.566373348236083984e+00
1.372768878936767578e+00,2.373538970947265625e+00
1.562211513519287109e+00,1.796108841896057129e+00
2.383662700653076172e+00,2.335987091064453125e+00
1.126656413078308105e+00,7.971904873847961426e-01
2.014522314071655273e+00,2.684570789337158203e+00
1.467893719673156738e+00,2.777626514434814453e+00
4.626564383506774902e-01,-2.844224274158477783e-01
6.513510346412658691e-01,1.535685658454895020e+00
2.464433670043945312e+00,2.426472425460815430e+00
3.796030580997467041e-01,6.313405632972717285e-01
2.037312746047973633e+00,3.997876942157745361e-01
1.240910649299621582e+00,5.781230449676513672e+00
1.110400199890136719e+00,-3.936899602413177490e-01
5.866057276725769043e-01,1.094844341278076172e+00
1.796323806047439575e-01,2.447929620742797852e+00
1.160521149635314941e+00,3.651255369186401367e-01
2.575538873672485352e+00,1.968557000160217285e+00
-4.532783105969429016e-02,2.467384099960327148e+00
1.287758946418762207e+00,6.408237814903259277e-01
2.620207309722900391e+00,-4.386898577213287354e-01
1.374495029449462891e+00,3.344923496246337891e+00
4.543290734291076660e-01,1.338028430938720703e+00
1.353712916374206543e+00,8.983390331268310547e-01
1.157548427581787109e+00,6.346052169799804688e+00
6.920901536941528320e-01,6.075049877166748047e+00
6.855832338333129883e-01,6.644244670867919922e+00
8.121796846389770508e-01,5.932201385498046875e+00
1.421819090843200684e+00,3.777027368545532227e+00
1.728487133979797363e+00,2.477438449859619141e+00
2.068956613540649414e+00,2.109131813049316406e+00
1.528884768486022949e+00,8.044556975364685059e-01
3.119276046752929688e+00,1.373051285743713379e+00
-1.675741076469421387e-01,7.730470299720764160e-01
1.153150320053100586e+00,1.703798055648803711e+00
3.689138412475585938e+00,9.594923853874206543e-01
1.547886729240417480e+00,-1.444576401263475418e-02
2.726816654205322266e+00,3.731226921081542969e-01
3.655363082885742188e+00,7.766256332397460938e-01
3.372912704944610596e-01,1.095308288931846619e-01
-2.421184331178665161e-01,7.414652705192565918e-01
8.436550498008728027e-01,1.937711596488952637e+00
1.662805676460266113e+00,3.295228242874145508e+00
3.387674093246459961e-01,3.275384664535522461e+00
1.209512829780578613e+00,5.054567813873291016e+00
1.125807523727416992e+00,6.315500736236572266e+00
2.840093851089477539e+00,1.378573298454284668e+00
1.871201634407043457e+00,-1.553484946489334106e-01
1.579980254173278809e+00,1.813183784484863281e+00
1.697729706764221191e+00,2.787347078323364258e+00
-1.732723265886306763e-01,2.498173266649246216e-01
2.108069658279418945e-01,-7.283907383680343628e-02
2.946613073348999023e+00,2.111865282058715820e+00
2.786871671676635742e+00,5.608764290809631348e-01
2.884528160095214844e+00,3.333188295364379883e-01
-4.426632523536682129e-01,1.330857157707214355e+00
1.536053299903869629e+00,3.119562149047851562e+00
1.275275826454162598e+00,2.635837078094482422e+00
2.165416955947875977e+00,2.813756704330444336e+00
5.504761338233947754e-01,6.633705496788024902e-01
1.199070215225219727e+00,5.429874897003173828e+00
1.092645287513732910e+00,6.337221145629882812e+00
7.592883706092834473e-01,1.829378485679626465e+00
1.159090518951416016e+00,6.693443298339843750e+00
6.344357132911682129e-01,5.585127830505371094e+00
2.774741053581237793e-01,8.764771372079849243e-02
3.276247382164001465e-01,1.099605083465576172e+00
4.741778075695037842e-01,2.392682075500488281e+00
1.131482243537902832e+00,2.509147167205810547e+00
1.454036355018615723e+00,2.988916873931884766e+00
1.231377482414245605e+00,2.014502286911010742e+00
1.039913058280944824e+00,-1.637572497129440308e-01
2.318173408508300781e+00,-2.505979239940643311e-01
7.888364791870117188e-01,6.690953254699707031e+00
9.605172872543334961e-01,6.819718837738037109e+00
1.228128671646118164e+00,6.253581523895263672e+00
8.720942735671997070e-01,5.888114929199218750e+00
1.643815040588378906e+00,2.080136299133300781e+00
2.754871845245361328e-01,1.363022565841674805e+00
2.433473110198974609e+00,1.089233756065368652e+00
2.612449884414672852e+00,2.635966300964355469e+00
1.544101834297180176e+00,4.860163211822509766e+00
1.418508440256118774e-01,2.857287883758544922e+00
3.090745210647583008e+00,1.235233068466186523e+00
2.025246381759643555e+00,1.522022366523742676e+00
1.118196964263916016e+00,6.677039623260498047e+00
7.021788954734802246e-01,6.557325839996337891e+00
1.768306851387023926e+00,5.946664214134216309e-01
1.745318651199340820e+00,1.927960276603698730e+00
4.592021703720092773e-01,5.942490100860595703e+00
2.516002953052520752e-01,2.834248065948486328e+00
1.903934001922607422e+00,2.747592926025390625e-01
1.992338895797729492e+00,3.670777082443237305e-01
2.285184860229492188e+00,3.246119976043701172e+00
2.729101896286010742e+00,7.767083644866943359e-01
1.289200067520141602e+00,3.099818706512451172e+00
6.054175496101379395e-01,2.254187345504760742e+00
2.355638980865478516e+00,-2.660177648067474365e-01
5.702576041221618652e-01,6.750454902648925781e+00
8.493746519088745117e-01,6.335372924804687500e+00
1.363029360771179199e+00,2.462400436401367188e+00
4.232888519763946533e-01,5.505705833435058594e+00
7.215263843536376953e-01,6.779955863952636719e+00
4.752830266952514648e-01,3.233134031295776367e+00
1.611114144325256348e-01,2.218878269195556641e+00
2.452199220657348633e+00,2.575104713439941406e+00
7.642065882682800293e-01,1.079505085945129395e+00
1.443899035453796387e+00,2.027094841003417969e+00
2.596385955810546875e+00,2.533629894256591797e+00
3.070132732391357422e+00,2.053558111190795898e+00
2.299937009811401367e+00,3.599669933319091797e+00
1.307383537292480469e+00,6.171912193298339844e+00
1.000534892082214355e+00,5.752924919128417969e+00
9.069337248802185059e-01,6.372290611267089844e+00
6.894512176513671875e-01,6.284512996673583984e+00
7.804470658302307129e-01,6.314848423004150391e+00
5.036263540387153625e-02,2.468476295471191406e+00
1.372088909149169922e+00,6.152242183685302734e+00
6.459730267524719238e-01,6.787464618682861328e+00
1.870334506034851074e+00,-9.300707280635833740e-02
2.299860954284667969e+00,2.374233484268188477e+00
1.443126916885375977e+00,5.686902999877929688e+00
-2.761125564575195312e-01,1.684190630912780762e+00
7.530437707901000977e-01,-5.486488342285156250e-01
5.026007294654846191e-01,3.420490026473999023e+00
5.497263073921203613e-01,3.146673202514648438e+00
1.087639927864074707e+00,2.528160810470581055e+00
1.966603636741638184e+00,4.600718319416046143e-01
3.073705196380615234e+00,1.134704232215881348e+00
9.397071003913879395e-01,-4.433289468288421631e-01
7.737154960632324219e-01,3.878293991088867188e+00
5.923560857772827148e-01,1.219830274581909180e+00
8.052257299423217773e-01,1.269799828529357910e+00
-6.400577425956726074e-01,1.276085376739501953e+00
6.184105873107910156e-01,4.110935211181640625e+00
1.436588287353515625e+00,3.857056856155395508e+00
1.056067943572998047e+00,6.720405578613281250e+00
2.765088319778442383e+00,1.411946266889572144e-01
8.471477627754211426e-01,1.841647028923034668e+00
5.140258073806762695e-01,2.141272306442260742e+00
2.202339172363281250e-01,2.733425140380859375e+00
-1.828178167343139648e-01,1.053508877754211426e+00
1.626112461090087891e+00,5.288406610488891602e-01
1.818457841873168945e-01,1.096620798110961914e+00
2.428918838500976562e+00,1.777484178543090820e+00
1.641683220863342285e+00,1.437713146209716797e+00
-2.571494579315185547e-01,4.583748579025268555e-01
1.145876169204711914e+00,5.367529392242431641e+00
-1.516468226909637451e-01,1.863628387451171875e+00
5.588677525520324707e-01,3.642020940780639648e+00
1.190055966377258301e+00,6.293076038360595703e+00
5.391243696212768555e-01,6.248844146728515625e+00
-2.429430633783340454e-01,2.445396423339843750e+00
1.263541936874389648e+00,5.608816146850585938e+00
6.845338940620422363e-01,6.254371166229248047e+00
1.328131370246410370e-02,-2.834616899490356445e-01
2.161574840545654297e+00,5.862817764282226562e-01
2.744886636734008789e+00,7.472444772720336914e-01
1.370866656303405762e+00,1.243086695671081543e+00
1.298366785049438477e+00,-2.003771811723709106e-01
1.160166501998901367e+00,6.289363861083984375e+00
2.378318071365356445e+00,1.197660446166992188e+00
1.299376368522644043e+00,3.589500904083251953e+00
7.304875254631042480e-01,6.337573528289794922e+00
2.561598300933837891e+00,-4.616719782352447510e-01
-1.402865052223205566e-01,2.895835936069488525e-01
7.552139163017272949e-01,6.115815639495849609e+00
2.837096452713012695e+00,2.738669395446777344e+00
5.984747409820556641e-01,6.759456634521484375e+00
2.383790969848632812e+00,-3.957143723964691162e-01
1.065881729125976562e+00,6.139691829681396484e+00
6.341670155525207520e-01,6.825207710266113281e+00
-5.570828914642333984e-02,2.628741979598999023e+00
3.187147140502929688e+00,1.918879389762878418e+00
1.306703805923461914e+00,3.373944282531738281e+00
2.587711572647094727e+00,3.375352323055267334e-01
-3.460776507854461670e-01,2.281653165817260742e+00
3.041085004806518555e-01,-8.754303306341171265e-02
1.720676898956298828e+00,1.653051853179931641e+00
-3.168867826461791992e-01,3.955593109130859375e-01
1.664721131324768066e+00,1.083899855613708496e+00
1.793794512748718262e+00,3.804954290390014648e-01
-4.489619731903076172e-01,2.474248409271240234e+00
1.455008745193481445e+00,3.489097356796264648e+00
9.198723435401916504e-01,-1.492510139942169189e-01
2.280297994613647461e+00,2.696323156356811523e+00
1.750760227441787720e-01,4.602834701538085938e+00
2.957159280776977539e+00,3.185026645660400391e+00
1.951023578643798828e+00,2.256826162338256836e+00
-4.091205894947052002e-01,1.214865326881408691e+00
1.448353409767150879e+00,1.047760486602783203e+00
2.400960206985473633e+00,3.692163228988647461e+00
1.511213541030883789e+00,3.602886199951171875e+00
3.137529611587524414e+00,6.489307880401611328e-01
1.777441382408142090e+00,4.926012456417083740e-01
3.105925559997558594e+00,2.961025834083557129e-01
2.678847074508666992e+00,2.492487668991088867e+00
8.799232840538024902e-01,2.317427635192871094e+00
1.113446950912475586e+00,1.384073376655578613e+00
7.646005749702453613e-01,4.527603834867477417e-02
7.116595506668090820e-01,1.124927639961242676e+00
9.939313530921936035e-01,2.852248907089233398e+00
2.407332897186279297e+00,-3.929763659834861755e-02
5.064787864685058594e-01,1.120031356811523438e+00
1.557387351989746094e+00,3.428301811218261719e+00
2.686779022216796875e+00,2.502979993820190430e+00
6.947531104087829590e-01,6.737864971160888672e+00
8.402535915374755859e-01,6.908798217773437500e+00
1.617169529199600220e-01,1.312406539916992188e+00
3.238609552383422852e+00,1.696418166160583496e+00
4.821065962314605713e-01,5.862006187438964844e+00
3.852086663246154785e-01,5.898231983184814453e+00
5.783275961875915527e-01,2.966706514358520508e+00
2.789098978042602539e+00,-1.077816188335418701e-01
1.923580527305603027e+00,2.017645597457885742e+00
1.310586929321289062e+00,5.977639198303222656e+00
7.386873960494995117e-01,6.427940368652343750e+00
6.099701523780822754e-01,3.105092644691467285e-01
-3.410913646221160889e-01,2.046470403671264648e+00
6.871701478958129883e-01,5.863016128540039062e+00
6.986206173896789551e-01,2.350727558135986328e+00
-3.422764539718627930e-01,2.001173257827758789e+00
1.616415858268737793e+00,1.303734421730041504e+00
2.805077314376831055e+00,3.094208478927612305e+00
2.111029148101806641e+00,3.536988019943237305e+00
7.706001996994018555e-01,6.750015258789062500e+00
5.584579110145568848e-01,6.597606658935546875e+00
7.169230580329895020e-01,6.557541847229003906e+00
4.090048670768737793e-01,6.809406280517578125e-01
-3.587428629398345947e-01,2.150210618972778320e+00
9.247772693634033203e-01,5.278710365295410156e+00
1.910851001739501953e+00,1.080557823181152344e+00
2.310251235961914062e+00,3.387841209769248962e-02
1.497805237770080566e+00,4.280118048191070557e-01
1.902141928672790527e+00,3.162326335906982422e+00
7.204172015190124512e-01,1.162748813629150391e+00
2.768276691436767578e+00,1.974545121192932129e+00
-1.062502805143594742e-02,1.931396484375000000e+00
2.202084541320800781e+00,3.525248289108276367e+00
8.327315002679824829e-02,1.439167618751525879e+00
2.155833721160888672e+00,1.746983170509338379e+00
8.494830727577209473e-01,-3.517479598522186279e-01
1.090400889515876770e-01,1.398532688617706299e-01
-1.506487727165222168e-01,2.600813388824462891e+00
1.092898100614547729e-01,3.065268039703369141e+00
1.995509266853332520e+00,1.528413891792297363e+00
9.034451246261596680e-01,-1.335390359163284302e-01
2.880777835845947266e+00,3.989267349243164062e-01
2.163716077804565430e+00,3.957376956939697266e+00
9.160738587379455566e-01,4.095216751098632812e+00
7.994245886802673340e-01,1.887593150138854980e+00
1.604724675416946411e-01,2.675484657287597656e+00
5.850655436515808105e-01,2.508767843246459961e+00
-7.300634980201721191e-01,1.950441479682922363e+00
3.493127524852752686e-01,-1.501186788082122803e-01
2.800012826919555664e-01,5.028548717498779297e+00
3.323580920696258545e-01,5.439133167266845703e+00
7.599957287311553955e-02,1.034299731254577637e+00
6.339733600616455078e-01,3.629149436950683594e+00
7.042096257209777832e-01,5.145523071289062500e+00
3.261341452598571777e-01,9.261312484741210938e-01
1.372727155685424805e+00,2.325701713562011719e+00
1.552895426750183105e+00,9.337850809097290039e-01
3.931450545787811279e-01,6.487079262733459473e-01
1.378756761550903320e-01,-8.827426284551620483e-02
2.445745468139648438e+00,4.646828472614288330e-01
2.278836488723754883e+00,-6.590474843978881836e-01
4.544525444507598877e-01,2.567954540252685547e+00
1.864566326141357422e+00,2.090462446212768555e+00
-5.711268633604049683e-02,1.942301750183105469e+00
6.188381314277648926e-01,5.207627415657043457e-01
1.800706863403320312e+00,-7.097416520118713379e-01
3.016621112823486328e+00,2.157235622406005859e+00
-4.377050995826721191e-01,2.488822937011718750e+00
2.597638607025146484e+00,1.422549039125442505e-01
2.065433979034423828e+00,1.616262555122375488e+00
3.278145074844360352e+00,2.235156536102294922e+00
2.630137443542480469e+00,3.549343049526214600e-01
1.210115313529968262e+00,5.349159240722656250e+00
1.308857560157775879e+00,3.129793405532836914e+00
-8.637787103652954102e-01,1.526461720466613770e+00
1.842964172363281250e+00,5.884581804275512695e-01
1.601733088493347168e+00,1.586133241653442383e-01
-3.217301964759826660e-01,2.826738119125366211e+00
2.341626405715942383e+00,2.482218027114868164e+00
9.842845611274242401e-03,3.044986724853515625e+00
3.954891562461853027e-01,1.450760841369628906e+00
5.039687156677246094e-01,2.625071704387664795e-01
2.309942245483398438e+00,3.374255657196044922e+00
1.142258882522583008e+00,2.817152976989746094e+00
2.619994163513183594e+00,2.354310303926467896e-01
2.652341365814208984e+00,1.148828387260437012e+00
2.632180929183959961e+00,9.605853557586669922e-01
1.159390330314636230e+00,9.122442603111267090e-01
-1.183416396379470825e-01,1.486760854721069336e+00
1.224780440330505371e+00,4.559839963912963867e-01
1.846431255340576172e+00,9.471359252929687500e-01
-4.114724993705749512e-01,1.391646027565002441e+00
2.421638369560241699e-01,-3.088909983634948730e-01
2.069435119628906250e+00,3.039284229278564453e+00
2.028437376022338867e+00,3.917848110198974609e+00
8.889900445938110352e-01,1.790279746055603027e+00
2.647308111190795898e+00,9.229337573051452637e-01
1.762288212776184082e+00,3.227205038070678711e+00
5.793991684913635254e-01,3.019217491149902344e+00
1.427785992622375488e+00,5.123582482337951660e-01
1.717506766319274902e+00,1.320011854171752930e+00
2.729286670684814453e+00,1.908730268478393555e+00
2.911776304244995117e+00,1.851240873336791992e+00
1.040409445762634277e+00,2.371038913726806641e+00
-6.547093987464904785e-01,2.309097766876220703e+00
4.629644453525543213e-01,1.010536074638366699e+00
1.373714447021484375e+00,3.740989446640014648e+00
1.321402907371520996e+00,1.559528708457946777e+00
2.721665382385253906e+00,1.954460144042968750e+00
7.152467966079711914e-02,1.334574818611145020e+00
-1.175133883953094482e-01,1.435309886932373047e+00
1.681566834449768066e+00,1.560496985912322998e-01
3.217363357543945312e+00,8.022000193595886230e-01
1.435943722724914551e+00,2.569003582000732422e+00
1.610332131385803223e+00,9.249826073646545410e-01
7.099891304969787598e-01,1.994378119707107544e-01
5.636435747146606445e-01,2.758372783660888672e+00
7.382001280784606934e-01,2.250692367553710938e+00
5.314204692840576172e-01,8.342070579528808594e-01
1.573465943336486816e+00,1.653689265251159668e+00
2.331802368164062500e+00,6.074573397636413574e-01
3.531751036643981934e-01,1.055176854133605957e+00
2.017219066619873047e+00,3.392547369003295898e+00
-6.615049391984939575e-02,2.842876434326171875e+00
9.405754804611206055e-01,4.201475620269775391e+00
6.041902899742126465e-01,-1.770592182874679565e-01
4.408552125096321106e-02,-3.151655495166778564e-01
1.821565032005310059e+00,2.609283447265625000e+00
2.138013362884521484e+00,2.175321102142333984e+00
2.881062507629394531e+00,4.894158542156219482e-01
8.685666918754577637e-01,3.922838926315307617e+00
1.346967220306396484e+00,3.840963840484619141e+00
2.885727882385253906e+00,2.268357276916503906e+00
2.180035352706909180e+00,3.803306341171264648e+00
2.242763757705688477e+00,3.397053480148315430e+00
2.194194793701171875e+00,5.773454308509826660e-01
1.559746026992797852e+00,4.346717834472656250e+00
4.654834866523742676e-01,5.568805217742919922e+00
7.061774730682373047e-01,6.870057106018066406e+00
7.520110607147216797e-01,6.263509273529052734e+00
2.433437347412109375e+00,-3.040005564689636230e-01
-7.564444839954376221e-02,4.958055019378662109e-01
2.579006195068359375e+00,3.345553398132324219e+00
1.531098246574401855e+00,3.153936862945556641e+00
-5.553640797734260559e-02,1.215358018875122070e+00
3.030447721481323242e+00,2.163507699966430664e+00
-7.179591059684753418e-01,2.272626876831054688e+00
2.111883878707885742e+00,1.343721508979797363e+00
1.292048335075378418e+00,2.220576047897338867e+00
4.755512475967407227e-01,2.085318326950073242e+00
3.813644349575042725e-01,2.436057090759277344e+00
4.435762166976928711e-01,3.905593156814575195e-01
1.713786482810974121e+00,1.787704467773437500e+00
5.359186530113220215e-01,2.539845943450927734e+00
-1.920533925294876099e-01,1.373520970344543457e+00
1.427392601966857910e+00,5.998311042785644531e-01
4.451069235801696777e-01,1.136038064956665039e+00
2.259615659713745117e-01,1.153690218925476074e+00
-9.538648650050163269e-03,-3.010269701480865479e-01
1.822222709655761719e+00,3.598221063613891602e+00
2.354328155517578125e+00,6.099671125411987305e-01
1.206986546516418457e+00,6.592513561248779297e+00
3.140618085861206055e+00,4.083294570446014404e-01
1.393925786018371582e+00,4.096285343170166016e+00
2.247103452682495117e+00,7.921635508537292480e-01
1.419549822807312012e+00,5.548543453216552734e+00
4.698744416236877441e-01,6.721781730651855469e+00
2.400531917810440063e-01,2.345246076583862305e+00
2.580174684524536133e+00,2.866059541702270508e+00
1.128081083297729492e+00,2.531817913055419922e+00
1.821826696395874023e+00,5.208010077476501465e-01
2.251141071319580078e+00,3.225502073764801025e-01
-7.470639050006866455e-02,1.739988327026367188e+00
3.376176118850708008e+00,8.311955332756042480e-01
1.230357170104980469e+00,9.442767500877380371e-01
-5.624690279364585876e-02,1.391970992088317871e+00
8.627686500549316406e-01,1.420201420783996582e+00
2.147022724151611328e+00,2.198920011520385742e+00
2.569625139236450195e+00,1.691851973533630371e+00
2.258015632629394531e+00,1.929682612419128418e+00
1.092690944671630859e+00,-5.987650752067565918e-01
2.703383684158325195e+00,-2.022734582424163818e-01
1.443288207054138184e+00,1.479235053062438965e+00
2.502906322479248047e-01,4.983898162841796875e+00
1.314954519271850586e+00,2.243720293045043945e+00
4.756096601486206055e-01,2.593773126602172852e+00
4.566909074783325195e-01,2.433539628982543945e+00
7.040660977363586426e-01,4.110591411590576172e-01
1.074634313583374023e+00,2.703749179840087891e+00
2.415179729461669922e+00,8.029389381408691406e-01
1.882704734802246094e+00,1.591604948043823242e+00
3.168345212936401367e+00,2.123972892761230469e+00
-6.688432097434997559e-01,1.680212020874023438e+00
1.224277496337890625e+00,1.099088788032531738e+00
8.121545314788818359e-01,5.083888530731201172e+00
5.120719671249389648e-01,6.624695301055908203e+00
1.373652219772338867e+00,-2.196384221315383911e-01
1.164732933044433594e+00,5.744808912277221680e-01
1.242164731025695801e+00,2.332819223403930664e+00
2.174287103116512299e-02,2.368670940399169922e+00
2.111052721738815308e-01,2.573063850402832031e+00
3.163522720336914062e+00,1.031426829285919666e-03
2.835193634033203125e+00,3.324997797608375549e-02
1.728899002075195312e+00,-5.515990853309631348e-01
-7.239362597465515137e-01,1.667470574378967285e+00
5.449603199958801270e-01,1.306076645851135254e+00
1.971589088439941406e+00,9.778199791908264160e-01
-9.473124742507934570e-01,9.601231813430786133e-01
2.319335699081420898e+00,2.075266122817993164e+00
3.329755067825317383e+00,1.880954742431640625e+00
6.648836135864257812e-01,2.963633537292480469e+00
2.393861532211303711e+00,3.119705438613891602e+00
-4.064197540283203125e-01,9.781151413917541504e-01
4.798313081264495850e-01,4.329061031341552734e+00
1.079088091850280762e+00,6.303225517272949219e+00
2.537993192672729492e+00,3.853393793106079102e-01
2.334727525711059570e+00,3.059256792068481445e+00
2.833211123943328857e-01,2.728943109512329102e+00
2.643986940383911133e+00,2.919041395187377930e+00
7.419051527976989746e-01,5.408760309219360352e-01
2.570199489593505859e+00,3.267831563949584961e+00
3.439939618110656738e-01,2.254985809326171875e+00
-1.829897314310073853e-01,7.140530347824096680e-01
1.648338556289672852e+00,1.165427803993225098e+00
-3.147276639938354492e-01,2.905408143997192383e+00
7.587285041809082031e-01,1.608281731605529785e+00
2.683051586151123047e+00,9.916821122169494629e-02
2.287602186203002930e+00,2.962333202362060547e+00
3.524473309516906738e-01,2.292122840881347656e-01
1.219954252243041992e+00,4.626243591308593750e+00
1.534192681312561035e+00,3.378658056259155273e+00
2.725880146026611328e-01,4.826725006103515625e+00
5.063797235488891602e-01,6.208162307739257812e+00
-8.539596945047378540e-02,2.499146461486816406e+00
1.689170122146606445e+00,-2.939244806766510010e-01
9.052501320838928223e-01,5.437005996704101562e+00
2.908614873886108398e+00,3.141865432262420654e-01
-3.329483270645141602e-01,8.647614121437072754e-01
1.263738036155700684e+00,3.172936290502548218e-02
3.040897369384765625e+00,2.087670803070068359e+00
4.120293855667114258e-01,1.490170001983642578e+00
2.042474508285522461e+00,1.228893399238586426e+00
3.572904109954833984e+00,1.534225344657897949e+00
-7.330206632614135742e-01,1.967590332031250000e+00
3.542863368988037109e+00,1.486555814743041992e+00
-2.146114706993103027e-01,1.805850505828857422e+00
1.352868556976318359e+00,-2.288698852062225342e-01
2.005951166152954102e+00,3.290007591247558594e+00
-7.469596266746520996e-01,1.069859743118286133e+00
3.115287303924560547e+00,1.552067995071411133e+00
2.241362631320953369e-01,6.393072605133056641e-01
-9.164561629295349121e-01,8.636091947555541992e-01
8.226416110992431641e-01,5.307376384735107422e+00
2.447462975978851318e-01,5.805863857269287109e+00
1.586076140403747559e+00,4.428415775299072266e+00
2.606050491333007812e+00,2.184489071369171143e-01
1.994059562683105469e+00,7.566167116165161133e-01
3.071826696395874023e+00,-1.882984116673469543e-02
1.515014767646789551e-01,2.105616092681884766e+00
1.941450595855712891e+00,2.222215175628662109e+00
2.109648942947387695e+00,7.924323081970214844e-01
2.341725349426269531e+00,1.613111615180969238e+00
6.907889246940612793e-01,3.163976967334747314e-01
2.651683568954467773e+00,3.124425709247589111e-01
2.916673183441162109e+00,2.839447975158691406e+00
2.367323637008666992e+00,1.646157950162887573e-01
4.195846021175384521e-01,3.673564672470092773e+00
7.990121841430664062e-01,1.524318814277648926e+00
1.300064444541931152e+00,1.664921164512634277e+00
8.722974061965942383e-01,7.921996712684631348e-01
1.882255315780639648e+00,-7.000794410705566406e-01
-3.438950777053833008e-01,1.975410580635070801e+00
7.845883965492248535e-01,5.815226554870605469e+00
2.369345426559448242e-01,1.017144769430160522e-01
3.987200558185577393e-01,5.219027996063232422e+00
2.117546796798706055e-01,2.909312963485717773e+00
2.263905763626098633e+00,1.270081996917724609e-01
1.217638254165649414e+00,6.487211704254150391e+00
1.108469605445861816e+00,5.044038295745849609e-01
2.603222608566284180e+00,3.298282921314239502e-01
5.399802327156066895e-01,1.624570727348327637e+00
1.614829659461975098e+00,-6.868116259574890137e-01
-4.960871040821075439e-01,8.092092871665954590e-01
2.459813833236694336e+00,1.671102762222290039e+00
3.608867645263671875e+00,1.573016881942749023e+00
9.017701745033264160e-01,1.953261256217956543e+00
9.523607492446899414e-01,3.285478115081787109e+00
3.008298158645629883e+00,2.936364889144897461e+00
2.580933570861816406e+00,1.775972962379455566e+00
2.187844514846801758e+00,1.767490983009338379e+00
2.194782942533493042e-01,4.711848735809326172e+00
-1.898021399974822998e-01,1.752833127975463867e+00
3.033432006835937500e+00,1.326129585504531860e-01
1.972055554389953613e+00,-7.005807012319564819e-02
6.098056435585021973e-01,-4.959431588649749756e-01
1.903393268585205078e+00,1.166363596916198730e+00
1.762127161026000977e+00,1.152270197868347168e+00
1.250937104225158691e+00,4.051139831542968750e+00
6.960449218750000000e-01,5.292530059814453125e+00
8.035547137260437012e-01,1.622091174125671387e+00
1.654521465301513672e+00,1.496332645416259766e+00
3.179361224174499512e-01,2.532360315322875977e+00
6.366444230079650879e-01,6.464846134185791016e-01
3.213303565979003906e+00,7.976173609495162964e-02
1.850368022918701172e+00,-3.924473822116851807e-01
3.618267774581909180e-01,8.172830343246459961e-01
5.671626925468444824e-01,1.033086538314819336e+00
-7.873024940490722656e-01,2.029866456985473633e+00
2.908796310424804688e+00,1.759817242622375488e+00
1.867008328437805176e+00,2.955394029617309570e+00
-2.625816464424133301e-01,1.851328372955322266e+00
-6.794639676809310913e-02,2.194468021392822266e+00
2.475229203701019287e-01,5.186977386474609375e+00
8.973068594932556152e-01,4.757002830505371094e+00
1.087711691856384277e+00,5.160842418670654297e+00
3.745746240019798279e-02,2.929078340530395508e+00
2.364954948425292969e+00,1.364477276802062988e+00
1.555019497871398926e+00,3.144415378570556641e+00
5.410591363906860352e-01,1.171546578407287598e+00
2.637282609939575195e-01,9.417110085487365723e-01
9.271690994501113892e-02,8.591779470443725586e-01
1.129885792732238770e+00,2.044996976852416992e+00
2.801286458969116211e+00,-1.801254600286483765e-01
2.665396690368652344e+00,1.838475704193115234e+00
2.085692882537841797e+00,6.157388091087341309e-01
1.268249154090881348e+00,1.297095894813537598e+00
3.060072660446166992e+00,1.646318316459655762e+00
2.720640182495117188e+00,1.656769871711730957e+00
2.283286809921264648e+00,3.838333606719970703e+00
1.190652608871459961e+00,5.806279778480529785e-01
-3.809396326541900635e-01,3.152074515819549561e-01
3.018687963485717773e-01,2.619354613125324249e-02
-4.627403616905212402e-01,2.503125429153442383e+00
1.435155719518661499e-01,5.706913948059082031e+00
5.644345283508300781e-01,-1.784138940274715424e-02
1.527811765670776367e+00,5.068106651306152344e+00
6.515483260154724121e-01,6.298061847686767578e+00
7.320700883865356445e-01,5.894591808319091797e+00
1.960466504096984863e+00,4.375550270080566406e+00
-5.845023989677429199e-01,1.654211997985839844e+00
-9.326235651969909668e-01,8.787903189659118652e-01
4.332400858402252197e-01,5.667505741119384766e+00
8.309831619262695312e-01,9.747581481933593750e-01
-6.294907927513122559e-01,2.485782384872436523e+00
9.041185975074768066e-01,5.734782218933105469e+00
1.747433662414550781e+00,2.697666645050048828e+00
1.011651396751403809e+00,1.570585519075393677e-01
2.638982057571411133e+00,1.833057165145874023e+00
2.043794631958007812e+00,2.521310091018676758e+00
2.650678634643554688e+00,7.191011309623718262e-01
1.121943354606628418e+00,1.590107440948486328e+00
7.501539587974548340e-01,-5.475601553916931152e-01
2.520909070968627930e+00,1.421792626380920410e+00
2.462278604507446289e+00,6.563806533813476562e-01
1.851415753364562988e+00,1.503661274909973145e+00
-9.293854832649230957e-01,8.644194006919860840e-01
1.599031090736389160e+00,2.264107227325439453e+00
2.005537509918212891e+00,2.876147508621215820e+00
4.767395555973052979e-01,2.168928861618041992e+00
2.753269113600254059e-02,6.948306560516357422e-01
1.284583091735839844e+00,5.727604866027832031e+00
7.827682495117187500e-01,6.594205856323242188e+00
1.680937707424163818e-01,1.764486670494079590e+00
2.798999786376953125e+00,1.704296588897705078e+00
2.045506954193115234e+00,1.351135015487670898e+00
1.666633129119873047e+00,2.959777832031250000e+00
3.677805662155151367e+00,8.305838704109191895e-01
2.888236522674560547e+00,1.550807714462280273e+00
-1.195888817310333252e-01,1.527838110923767090e+00
1.525724053382873535e+00,5.233868598937988281e+00
3.932983577251434326e-01,6.453003287315368652e-01
1.471609354019165039e+00,4.323001861572265625e+00
2.743559598922729492e+00,2.464861631393432617e+00
1.974483728408813477e+00,1.939372181892395020e+00
2.183555603027343750e+00,1.979854702949523926e+00
1.754539012908935547e+00,3.957099437713623047e+00
1.505583822727203369e-01,9.807615876197814941e-01
1.187482476234436035e+00,-5.061280727386474609e-01
2.373711824417114258e+00,1.568356394767761230e+00
2.257739782333374023e+00,3.741913557052612305e+00
-5.898549780249595642e-02,2.895966291427612305e+00
6.034175157546997070e-01,4.476367533206939697e-01
3.761782646179199219e+00,1.626541495323181152e+00
3.288753032684326172e+00,2.637577354907989502e-01
1.482787728309631348e-01,4.482844829559326172e+00
1.793764233589172363e+00,1.321535110473632812e+00
1.114344596862792969e+00,1.805083870887756348e+00
1.372066855430603027e+00,5.546456336975097656e+00
5.536367297172546387e-01,5.893774509429931641e+00
1.201159238815307617e+00,6.401475906372070312e+00
4.696111977100372314e-01,9.600965380668640137e-01
5.493977069854736328e-01,5.857995510101318359e+00
3.809505999088287354e-01,2.583581686019897461e+00
1.530739784240722656e+00,1.989092350006103516e+00
1.087954163551330566e+00,-3.160519059747457504e-03
-5.484357476234436035e-01,5.271559357643127441e-01
2.005009174346923828e+00,2.845839500427246094e+00
1.023440718650817871e+00,3.192293882369995117e+00
2.294063806533813477e+00,3.513469457626342773e+00
1.497767448425292969e+00,-8.569404482841491699e-01
2.334697723388671875e+00,-1.007607430219650269e-01
-3.882364332675933838e-01,1.342198252677917480e+00
3.571746587753295898e+00,1.975277662277221680e-01
6.832836866378784180e-01,2.661424398422241211e+00
1.515203952789306641e+00,3.865667343139648438e+00
2.597298860549926758e+00,8.774712085723876953e-01
-7.093954086303710938e-01,2.227716445922851562e+00
6.419814229011535645e-01,4.861755847930908203e+00
7.668868899345397949e-01,5.892028331756591797e+00
1.683124303817749023e+00,4.506374835968017578e+00
6.331917643547058105e-01,6.447985649108886719e+00
1.558239936828613281e+00,2.211640119552612305e+00
2.308887481689453125e+00,3.885583162307739258e+00
1.415217995643615723e+00,3.592599034309387207e-01
1.372080326080322266e+00,6.428861618041992188e-01
9.665951728820800781e-01,3.712351799011230469e+00
8.865522742271423340e-01,8.185810446739196777e-01
2.102711677551269531e+00,2.759447097778320312e-01
2.538309335708618164e+00,1.116616368293762207e+00
-3.803335428237915039e-01,2.790868759155273438e+00
2.403042078018188477e+00,8.088317513465881348e-01
-9.159274399280548096e-02,5.443683266639709473e-01
4.753309190273284912e-01,1.727500081062316895e+00
8.824228048324584961e-01,1.063563227653503418e+00
2.345215082168579102e+00,1.911809325218200684e+00
1.950342535972595215e+00,1.094647645950317383e+00
2.693255543708801270e-01,2.186420917510986328e+00
1.007256150245666504e+00,5.899616479873657227e-01
2.493181943893432617e+00,-5.398761630058288574e-01
2.047126054763793945e+00,6.284074783325195312e-01
1.142631769180297852e+00,1.806289076805114746e+00
1.315624594688415527e+00,1.308656215667724609e+00
5.972228646278381348e-01,5.027186393737792969e+00
3.439062356948852539e+00,1.076618313789367676e+00
1.787590980529785156e-01,2.137571573257446289e+00
2.839593648910522461e+00,1.673724770545959473e+00
3.183317899703979492e+00,1.275368127971887589e-02
2.916850090026855469e+00,1.608689427375793457e+00
1.275747060775756836e+00,5.743482589721679688e+00
1.303552508354187012e+00,5.842123508453369141e+00
3.659719824790954590e-01,3.509518623352050781e+00
-8.682355880737304688e-01,1.049659013748168945e+00
2.216909408569335938e+00,2.946608960628509521e-01
1.748060941696166992e+00,1.303961992263793945e+00
2.137224912643432617e+00,4.237520694732666016e+00
2.558813333511352539e+00,2.226999521255493164e+00
1.005466699600219727e+00,1.325867772102355957e+00
2.999172210693359375e+00,1.211005330085754395e+00
1.409799098968505859e+00,1.025809764862060547e+00
2.265153646469116211e+00,1.276710510253906250e+00
1.165839076042175293e+00,3.199064016342163086e+00
3.147227764129638672e+00,9.938291907310485840e-01
1.551233053207397461e+00,-4.890701472759246826e-01
3.918056786060333252e-01,-2.975436449050903320e-01
8.571044802665710449e-01,3.241897821426391602e+00
2.330549001693725586e+00,1.257302522659301758e+00
3.012823581695556641e+00,1.603590846061706543e+00
1.258495807647705078e+00,6.127610683441162109e+00
6.477617025375366211e-01,6.800996303558349609e+00
6.124787330627441406e-01,6.199733257293701172e+00
1.338206171989440918e+00,1.086497187614440918e+00
6.868137717247009277e-01,3.164520978927612305e+00
-3.876767158508300781e-01,6.847228407859802246e-01
1.217762112617492676e+00,5.695754289627075195e-01
1.557549595832824707e+00,1.079717993736267090e+00
1.150051355361938477e+00,6.164651393890380859e+00
2.351845264434814453e+00,2.952001333236694336e+00
1.943040192127227783e-01,1.515417814254760742e+00
2.711552619934082031e+00,8.920991420745849609e-01
1.615749955177307129e+00,-3.491655588150024414e-01
6.218287348747253418e-01,2.860376119613647461e+00
1.835625767707824707e+00,-4.089797437191009521e-01
2.473820596933364868e-01,7.651219964027404785e-01
1.576874256134033203e+00,-7.303730249404907227e-01
2.378359556198120117e+00,1.710783958435058594e+00
1.012052774429321289e+00,1.802994489669799805e+00
4.360977411270141602e-01,1.985001087188720703e+00
7.012566924095153809e-01,2.822337150573730469e+00
4.012758731842041016e-01,2.465884923934936523e+00
-3.857231438159942627e-01,2.774311304092407227e+00
1.428888320922851562e+00,7.098102569580078125e-01
2.716152906417846680e+00,2.771546125411987305e+00
6.390888690948486328e-01,2.000787019729614258e+00
5.278666019439697266e-01,-1.264723092317581177e-01
3.812298476696014404e-01,1.723581194877624512e+00
3.687188863754272461e+00,7.716928124427795410e-01
-3.174696564674377441e-01,1.272348999977111816e+00
1.461750864982604980e+00,2.228071540594100952e-01
6.970273852348327637e-01,5.139167308807373047e+00
7.878347635269165039e-01,5.997696876525878906e+00
2.051578760147094727e+00,1.883116006851196289e+00
2.342609643936157227e+00,-4.924821257591247559e-01
5.675411224365234375e-01,5.269182682037353516e+00
2.691370725631713867e+00,8.031307458877563477e-01
1.410952508449554443e-01,1.923415422439575195e+00
2.229100704193115234e+00,3.503881454467773438e+00
4.684868752956390381e-01,5.903979301452636719e+00
1.547768115997314453e+00,-9.447674266993999481e-03
-8.779839426279067993e-02,6.654597520828247070e-01
1.005747437477111816e+00,9.151381850242614746e-01
2.657976388931274414e+00,1.370759755373001099e-01
8.520603775978088379e-01,2.374736309051513672e+00
3.242537736892700195e+00,2.207764863967895508e+00
1.617968082427978516e+00,5.146852970123291016e+00
6.470728516578674316e-01,5.822285413742065430e-01
3.543760061264038086e+00,9.777619838714599609e-01
2.540407478809356689e-01,5.580951690673828125e+00
2.843650102615356445e+00,2.218238353729248047e+00
9.723231792449951172e-01,2.592190742492675781e+00
3.330458402633666992e+00,9.687038064002990723e-01
1.901094675064086914e+00,2.795512676239013672e+00
5.587701797485351562e-01,1.072764117270708084e-02
1.185779809951782227e+00,9.859755635261535645e-01
1.557739853858947754e+00,3.088715076446533203e+00
2.612308740615844727e+00,3.064568281173706055e+00
1.881432294845581055e+00,3.114771127700805664e+00
8.870844244956970215e-01,3.375428915023803711e+00
9.955317974090576172e-01,1.872497051954269409e-01
1.090566635131835938e+00,1.306372642517089844e+00
6.911143660545349121e-02,5.495229721069335938e+00
1.576271504163742065e-01,4.887241363525390625e+00
5.321835279464721680e-01,6.413380146026611328e+00
2.021644353866577148e+00,1.733978986740112305e+00
1.812104463577270508e+00,-6.732111573219299316e-01
3.261345624923706055e+00,1.728043675422668457e+00
1.991686820983886719e+00,-2.126007676124572754e-01
-7.323271632194519043e-01,1.292308688163757324e+00
3.053192853927612305e+00,1.177822351455688477e+00
2.123499393463134766e+00,-6.399479508399963379e-01
-3.641290962696075439e-01,3.593870997428894043e-01
5.066578984260559082e-01,2.026220798492431641e+00
1.434031724929809570e+00,2.765855193138122559e-01
-9.809863567352294922e-01,9.209451079368591309e-01
1.682653427124023438e+00,3.498692750930786133e+00
1.263379693031311035e+00,-6.015066504478454590e-01
3.836517632007598877e-01,2.999242067337036133e+00
2.033818662166595459e-01,7.352910637855529785e-01
9.993450045585632324e-01,2.578780412673950195e+00
1.002782464027404785e+00,-1.669022589921951294e-01
1.291703462600708008e+00,1.655248045921325684e+00
1.749765872955322266e+00,2.582032680511474609e+00
2.121704339981079102e+00,2.602140665054321289e+00
3.347265481948852539e+00,2.012622833251953125e+00
3.089535236358642578e+00,1.208513736724853516e+00
1.247864484786987305e+00,2.301246166229248047e+00
2.180348157882690430e+00,1.933063507080078125e+00
3.521358966827392578e+00,1.931477546691894531e+00
1.711177945137023926e+00,2.120927333831787109e+00
1.131451845169067383e+00,2.461540460586547852e+00
1.680670738220214844e+00,3.534582853317260742e+00
-4.030048251152038574e-01,2.382388591766357422e+00
1.279967665672302246e+00,3.886385679244995117e+00
2.202124595642089844e+00,3.804123640060424805e+00
5.957856774330139160e-01,4.869147777557373047e+00
2.302730083465576172e+00,1.079533934593200684e+00
2.857260942459106445e+00,3.142941474914550781e+00
-3.253808319568634033e-01,2.416646480560302734e+00
2.002187490463256836e+00,2.478131771087646484e+00
-5.499508976936340332e-01,2.038229703903198242e+00
5.478312373161315918e-01,1.312303185462951660e+00
3.164046764373779297e+00,1.480550765991210938e+00
2.116092205047607422e+00,8.640149235725402832e-01
6.029880642890930176e-01,1.567453145980834961e+00
2.317211151123046875e+00,4.008873939514160156e+00
1.674435853958129883e+00,2.511652946472167969e+00
2.663187682628631592e-01,3.459509611129760742e-01
1.006168484687805176e+00,3.060401678085327148e-01
2.215087175369262695e+00,-3.516734838485717773e-01
3.273767471313476562e+00,3.348831832408905029e-02
2.482356548309326172e+00,1.473263740539550781e+00
2.925011634826660156e+00,1.112998723983764648e+00
7.243383526802062988e-01,-5.987659096717834473e-01
4.963612556457519531e-02,1.637822389602661133e+00
1.905858516693115234e-01,2.538062334060668945e+00
2.330642461776733398e+00,3.333829164505004883e+00
1.030487775802612305e+00,3.268882751464843750e+00
3.411685228347778320e+00,6.395935416221618652e-01
6.799213886260986328e-01,5.991939902305603027e-01
1.104138016700744629e+00,5.067598819732666016e+00
1.155373930931091309e+00,1.388410292565822601e-02
8.894507884979248047e-01,1.044372558593750000e+00
1.854313492774963379e+00,2.138476610183715820e+00
2.492084503173828125e+00,9.782452583312988281e-01
4.901314675807952881e-01,7.816221565008163452e-02
9.212409257888793945e-01,-7.889312505722045898e-01
2.575520753860473633e+00,2.237692117691040039e+00
2.996469974517822266e+00,4.038444757461547852e-01
1.121833682060241699e+00,8.838738203048706055e-01
2.874716520309448242e-01,-2.770399451255798340e-01
-6.834568977355957031e-01,1.473048448562622070e+00
1.422332286834716797e+00,-9.130397439002990723e-01
-1.274665743112564087e-01,1.662877798080444336e+00
1.937768816947937012e+00,-1.405007988214492798e-01
2.238537311553955078e+00,1.459322690963745117e+00
2.295993804931640625e+00,2.011022567749023438e+00
1.090284109115600586e+00,4.057898521423339844e-01
1.785403490066528320e+00,2.402241706848144531e+00
-6.066058762371540070e-03,7.669433355331420898e-01
1.314091563224792480e+00,3.198395252227783203e+00
-4.393813908100128174e-01,8.446815013885498047e-01
2.351782798767089844e+00,2.593872070312500000e+00
3.218922376632690430e+00,1.027598977088928223e+00
-5.799366533756256104e-02,1.029177308082580566e-01
1.703742027282714844e+00,3.241666555404663086e+00
2.119364976882934570e+00,4.780160188674926758e-01
2.341345787048339844e+00,7.016959190368652344e-01
1.795227289199829102e+00,2.042191743850708008e+00
2.773614645004272461e+00,9.557408094406127930e-01
1.979228973388671875e+00,1.876019477844238281e+00
2.120131969451904297e+00,2.113268852233886719e+00
8.673634380102157593e-02,-4.266125261783599854e-01
1.112131237983703613e+00,2.436542272567749023e+00
6.876963376998901367e-02,8.495438098907470703e-01
2.701990008354187012e-01,2.523927927017211914e+00
1.526257038116455078e+00,2.511963367462158203e+00
-4.011793527752161026e-03,2.454361677169799805e+00
-4.621405303478240967e-01,1.330787539482116699e+00
7.849908471107482910e-01,-4.329833090305328369e-01
8.498246669769287109e-01,5.347988128662109375e+00
5.242702960968017578e-01,6.672208309173583984e+00
1.880961537361145020e+00,-4.768391549587249756e-01
6.491463184356689453e-01,8.168434500694274902e-01
3.156843423843383789e+00,2.411882400512695312e+00
1.089154005050659180e+00,5.634156227111816406e+00
4.498690664768218994e-01,5.908757686614990234e+00
1.573421001434326172e+00,6.900109052658081055e-01
1.062292695045471191e+00,2.584945678710937500e+00
9.369550347328186035e-01,2.835731506347656250e-01
9.217861890792846680e-01,4.954300820827484131e-01
-2.526896595954895020e-01,1.826979279518127441e+00
-4.148699343204498291e-01,2.690959572792053223e-01
-3.982487693428993225e-02,1.027331113815307617e+00
1.374648332595825195e+00,2.757021188735961914e+00
1.224216699600219727e+00,6.128343343734741211e-01
1.697262763977050781e+00,-5.297372937202453613e-01
1.487897157669067383e+00,7.721854746341705322e-02
2.206531286239624023e+00,9.046953916549682617e-01
2.091839551925659180e+00,2.933499813079833984e+00
-4.824086208827793598e-04,3.689053773880004883e+00
-9.520105123519897461e-01,8.676273822784423828e-01
1.135282278060913086e+00,2.206553936004638672e+00
2.530556917190551758e-01,1.707553505897521973e+00
2.199409723281860352e+00,-4.891333281993865967e-01
1.908346772193908691e+00,2.060550689697265625e+00
1.691661000251770020e+00,2.681250333786010742e+00
2.697667598724365234e+00,1.914283156394958496e+00
-2.916257083415985107e-01,6.569844484329223633e-01
5.093063712120056152e-01,1.686179876327514648e+00
5.334472656250000000e-01,-2.947943508625030518e-01
1.407515048980712891e+00,5.646925926208496094e+00
1.373008847236633301e+00,5.544222354888916016e+00
1.553711652755737305e+00,-5.051382184028625488e-01
1.861015558242797852e+00,2.426200509071350098e-01
6.700530648231506348e-02,1.575789570808410645e+00
2.268629550933837891e+00,2.664702653884887695e+00
2.143718957901000977e+00,-4.637185633182525635e-01
2.372719764709472656e+00,-5.882497131824493408e-02
3.209521770477294922e+00,2.521671295166015625e+00
1.572860002517700195e+00,4.193000793457031250e+00
1.705558896064758301e+00,3.028282165527343750e+00
1.500430345535278320e+00,5.164115905761718750e+00
3.962628841400146484e-01,2.243128776550292969e+00
2.261823415756225586e+00,1.714921832084655762e+00
1.915345430374145508e+00,4.192824661731719971e-01
7.144521474838256836e-01,1.844791293144226074e+00
-3.175310492515563965e-01,1.307480812072753906e+00
2.325796522200107574e-02,1.107207894325256348e+00
-8.331545591354370117e-01,1.556176066398620605e+00
2.665216922760009766e+00,1.306786775588989258e+00
1.330708861351013184e+00,3.032773733139038086e+00
1.385640263557434082e+00,3.470860719680786133e+00
3.280959129333496094e+00,1.552075266838073730e+00
1.968439698219299316e+00,2.495907306671142578e+00
2.876410484313964844e-01,3.063104391098022461e+00
7.566941976547241211e-01,3.270291090011596680e+00
1.070938348770141602e+00,5.624896049499511719e+00
-6.610842049121856689e-02,3.860288619995117188e+00
2.143228530883789062e+00,3.806890010833740234e+00
4.104875028133392334e-01,5.518733978271484375e+00
1.213236927986145020e+00,4.199959754943847656e+00
-5.912584066390991211e-01,2.402688741683959961e+00
8.298062682151794434e-01,6.264009952545166016e+00
-9.265281260013580322e-02,8.243873119354248047e-01
5.758317112922668457e-01,5.352362990379333496e-02
7.958933115005493164e-01,5.525141716003417969e+00
2.264079451560974121e-01,1.084446310997009277e+00
6.031439304351806641e-01,2.305632829666137695e+00
-8.007993698120117188e-01,2.080093622207641602e+00
4.491356313228607178e-01,5.427658557891845703e-01
2.331522464752197266e+00,-2.445458322763442993e-01
2.706009387969970703e+00,3.020407676696777344e+00
2.960217475891113281e+00,1.902044415473937988e+00
1.417711377143859863e-01,1.869730472564697266e+00
3.357390165328979492e-01,2.037311315536499023e+00
1.829455494880676270e+00,3.132076025009155273e+00
2.679171562194824219e-01,2.077424973249435425e-01
1.202081084251403809e+00,9.442869424819946289e-01
1.965830445289611816e+00,3.852509260177612305e+00
5.039252042770385742e-01,5.396059513092041016e+00
4.142482578754425049e-01,5.427348613739013672e+00
3.035947561264038086e+00,-2.886472735553979874e-03
2.720670223236083984e+00,-2.459909766912460327e-01
2.724800586700439453e+00,-3.087441027164459229e-01
2.726192712783813477e+00,2.240401506423950195e+00
3.079735040664672852e+00,2.118793249130249023e+00
1.792233347892761230e+00,1.989528179168701172e+00
6.440889835357666016e-01,1.922434568405151367e-01
-2.335710078477859497e-01,2.879808425903320312e+00
2.867501020431518555e+00,1.655405908823013306e-01
1.568144559860229492e+00,1.380154490470886230e+00
1.953720331192016602e+00,2.348736047744750977e+00
2.425055027008056641e+00,3.729429721832275391e+00
1.216592669486999512e+00,3.744472503662109375e+00
2.444232702255249023e+00,2.144114494323730469e+00
6.612609624862670898e-01,3.477769613265991211e+00
3.291170120239257812e+00,1.362710237503051758e+00
4.908127784729003906e-01,5.779629707336425781e+00
5.633685588836669922e-01,6.820516109466552734e+00
1.071095585823059082e+00,6.466123580932617188e+00
1.090206623077392578e+00,6.421784877777099609e+00
2.192214131355285645e-01,4.401339530944824219e+00
9.813959598541259766e-01,5.850753784179687500e+00
6.682268381118774414e-01,5.768883228302001953e+00
2.420451402664184570e+00,5.008198618888854980e-01
1.070721626281738281e+00,-7.044972181320190430e-01
-6.365862488746643066e-01,1.233861565589904785e+00
3.029163599014282227e+00,2.123657703399658203e+00
7.351467013359069824e-01,3.841072082519531250e+00
2.499087333679199219e+00,6.379370689392089844e-01
1.885202765464782715e+00,4.144637584686279297e+00
1.662307858467102051e+00,3.818150520324707031e+00
-2.540768384933471680e-01,8.917413949966430664e-01
9.285622835159301758e-01,3.609853982925415039e+00
1.898135900497436523e+00,1.889006644487380981e-01
2.371850311756134033e-01,2.369921922683715820e+00
6.032989025115966797e-01,5.341666698455810547e+00
2.075597524642944336e+00,1.259943544864654541e-01
7.057595849037170410e-01,6.866170406341552734e+00
3.018880844116210938e+00,2.698280572891235352e+00
-1.482140868902206421e-01,3.122022151947021484e-01
-2.100090235471725464e-01,1.625513553619384766e+00
1.859795093536376953e+00,-9.020208567380905151e-02
1.042125940322875977e+00,2.035855054855346680e+00
3.183652877807617188e+00,1.778113245964050293e+00
2.674481153488159180e+00,1.092785477638244629e+00
2.482768774032592773e+00,5.000179409980773926e-01
2.175980091094970703e+00,2.775032520294189453e+00
3.272203207015991211e+00,8.607776761054992676e-01
1.903958469629287720e-01,2.810851037502288818e-01
1.920872688293457031e+00,2.368130207061767578e+00
1.697214484214782715e+00,1.450666308403015137e+00
-2.704613208770751953e-01,2.814883470535278320e+00
5.932350158691406250e-01,5.378166675567626953e+00
-7.331985831260681152e-01,1.134492158889770508e+00
-4.964606165885925293e-01,2.377900123596191406e+00
2.973918676376342773e+00,-8.790089190006256104e-02
7.543185353279113770e-01,1.055862307548522949e+00
2.423847436904907227e+00,1.700241565704345703e+00
1.014657616615295410e+00,2.699728250503540039e+00
1.570120692253112793e+00,2.648177385330200195e+00
-1.397887319326400757e-01,1.365538120269775391e+00
3.241146326065063477e+00,1.958448290824890137e+00
3.143582344055175781e+00,1.793102145195007324e+00
2.556044578552246094e+00,5.517476797103881836e-01
2.744066715240478516e+00,-1.234371438622474670e-01
2.683301210403442383e+00,5.401169657707214355e-01
4.649523794651031494e-01,5.236397266387939453e+00
4.379922747611999512e-01,6.421545505523681641e+00
1.733434572815895081e-02,4.346973419189453125e+00
1.839142322540283203e+00,7.442451715469360352e-01
2.849172651767730713e-01,1.937052488327026367e+00
3.200202465057373047e+00,1.669582605361938477e+00
1.968718409538269043e+00,2.645240545272827148e+00
2.181143522262573242e+00,3.859410524368286133e+00
2.013832330703735352e+00,6.056096777319908142e-02
-2.826133668422698975e-01,1.297736644744873047e+00
8.953794836997985840e-01,5.250285625457763672e+00
-3.876615464687347412e-01,9.735660552978515625e-01
1.051749110221862793e+00,6.060195922851562500e+00
2.536144733428955078e+00,3.423007488250732422e+00
2.261504173278808594e+00,4.279786348342895508e-01
3.696563243865966797e+00,8.912677764892578125e-01
2.005136966705322266e+00,3.550184965133666992e+00
1.574416399002075195e+00,-8.299388289451599121e-01
2.191515117883682251e-01,3.287123203277587891e+00
2.273886680603027344e+00,3.811501502990722656e+00
-3.387834131717681885e-01,2.579562664031982422e+00
8.794558644294738770e-01,1.463463664054870605e+00
1.616790056228637695e+00,1.760074853897094727e+00
-4.409649074077606201e-01,9.902564287185668945e-01
3.594671726226806641e+00,1.545529127120971680e+00
4.095490872859954834e-01,6.083379745483398438e+00
-3.356877248734235764e-03,2.160201787948608398e+00
3.385333120822906494e-01,5.421195507049560547e+00
2.509064674377441406e+00,1.084236025810241699e+00
8.190737366676330566e-01,3.302702426910400391e+00
2.570932149887084961e+00,1.029502987861633301e+00
-5.992754697799682617e-01,2.334496974945068359e+00
1.975765705108642578e+00,3.540685415267944336e+00
1.656051754951477051e+00,5.078354358673095703e+00
5.562921166419982910e-01,3.550842702388763428e-01
4.427609443664550781e-01,6.465972423553466797e+00
3.163796067237854004e-01,5.975033760070800781e+00
1.690115213394165039e+00,1.469749093055725098e+00
2.969851016998291016e+00,1.992620587348937988e+00
9.498757719993591309e-01,-1.065053343772888184e-01
6.793048232793807983e-02,2.502158164978027344e+00
3.673581480979919434e-01,4.160887598991394043e-01
1.657391309738159180e+00,3.017812013626098633e+00
4.061270952224731445e-01,1.990354299545288086e+00
3.097259044647216797e+00,3.807704150676727295e-01
2.071574211120605469e+00,-4.802933931350708008e-01
1.223101973533630371e+00,4.122318744659423828e+00
5.235209465026855469e-01,4.676650047302246094e+00
3.835969269275665283e-01,2.263181447982788086e+00
4.220946431159973145e-01,6.335768222808837891e+00
1.691157937049865723e+00,1.080854773521423340e+00
2.223836183547973633e+00,1.394378542900085449e+00
1.598829388618469238e+00,3.654036521911621094e-01
9.480027556419372559e-01,-1.214974075555801392e-01
2.761327326297760010e-01,3.873305797576904297e+00
1.303513050079345703e+00,2.088397979736328125e+00
1.585061788558959961e+00,4.401241779327392578e+00
2.373697280883789062e+00,1.902021408081054688e+00
-3.663083016872406006e-01,1.478555083274841309e+00
2.086542367935180664e+00,-2.162097766995429993e-02
-2.404829859733581543e-01,7.972505688667297363e-01
1.746760964393615723e+00,3.348380923271179199e-01
1.387564778327941895e+00,2.065595865249633789e+00
5.240178108215332031e-01,1.433829426765441895e+00
5.376419425010681152e-01,2.525373697280883789e+00
1.297295331954956055e+00,3.285746574401855469e+00
-4.535357654094696045e-01,1.344786405563354492e+00
2.913994491100311279e-01,5.946474075317382812e-01
3.188807249069213867e+00,2.180037260055541992e+00
1.312005758285522461e+00,1.397506475448608398e+00
1.862206101417541504e+00,-7.456110715866088867e-01
2.001898288726806641e+00,3.619697809219360352e+00
2.411715745925903320e+00,3.999260663986206055e+00
1.580384850502014160e+00,2.052954673767089844e+00
2.377895116806030273e+00,2.182271242141723633e+00
1.119582891464233398e+00,6.388908386230468750e+00
4.710837304592132568e-01,5.678601741790771484e+00
2.706926167011260986e-01,8.554287999868392944e-02
8.815498352050781250e-01,1.931542992591857910e+00
9.411495327949523926e-01,2.738242864608764648e+00
1.238767385482788086e+00,1.769944548606872559e+00
4.638674855232238770e-02,1.073793292045593262e+00
4.131823778152465820e-01,5.432307124137878418e-01
2.531153440475463867e+00,3.230919837951660156e+00
1.241863012313842773e+00,1.889682888984680176e+00
1.216973543167114258e+00,6.513383865356445312e+00
2.962817847728729248e-01,5.453401565551757812e+00
8.925476670265197754e-02,-3.418501093983650208e-02
5.259394049644470215e-01,3.749410390853881836e+00
1.694058895111083984e+00,3.500481367111206055e+00
4.361813366413116455e-01,9.187511205673217773e-01
1.880933523178100586e+00,2.651224136352539062e+00
1.963732242584228516e+00,1.695104002952575684e+00
1.530163735151290894e-01,3.647140979766845703e+00
2.445732831954956055e+00,3.710327148437500000e+00
2.246116399765014648e+00,3.617528676986694336e+00
2.350136756896972656e+00,3.773722171783447266e+00
1.751815676689147949e+00,7.203161716461181641e-01
6.015532612800598145e-01,5.709455490112304688e+00
1.325002908706665039e+00,5.792509555816650391e+00
3.270730972290039062e+00,1.258987307548522949e+00
7.700668573379516602e-01,1.567760825157165527e+00
3.820435106754302979e-01,5.715108871459960938e+00
8.315676450729370117e-01,5.404210567474365234e+00
7.026864290237426758e-01,6.510178089141845703e+00
8.891845345497131348e-01,5.120476245880126953e+00
1.849367380142211914e+00,1.234290838241577148e+00
6.643909811973571777e-01,5.922391414642333984e+00
-4.531077146530151367e-01,1.244192838668823242e+00
1.096258401870727539e+00,1.726634025573730469e+00
-1.418686807155609131e-01,1.896287322044372559e+00
-3.371859788894653320e-01,2.558361530303955078e+00
1.635709524154663086e+00,1.157381415367126465e+00
1.968039155006408691e+00,1.682624101638793945e+00
1.622307419776916504e+00,-6.174569129943847656e-01
7.348456978797912598e-01,1.593634963035583496e+00
4.927697777748107910e-01,1.611257791519165039e+00
-3.294827342033386230e-01,1.007479667663574219e+00
1.569167971611022949e+00,4.795148372650146484e+00
3.250021696090698242e+00,2.710933208465576172e+00
-7.637611031532287598e-01,1.282611966133117676e+00
2.455013513565063477e+00,1.273988485336303711e+00
1.746689558029174805e+00,4.283161163330078125e+00
-5.792374610900878906e-01,8.355873227119445801e-01
1.172898262739181519e-01,1.084534764289855957e+00
2.657738208770751953e+00,3.008297383785247803e-01
6.248986721038818359e-01,1.448172569274902344e+00
5.571694374084472656e-01,5.165267944335937500e+00
1.352638244628906250e+00,5.592747688293457031e+00
3.545934259891510010e-01,6.111078262329101562e+00
9.680370092391967773e-01,1.683493375778198242e+00
1.748145461082458496e+00,1.024348884820938110e-01
2.178871154785156250e+00,2.392565965652465820e+00
2.915030479431152344e+00,3.471678495407104492e-01
2.433189302682876587e-01,1.552635312080383301e+00
2.598475456237792969e+00,1.684371709823608398e+00
2.627156496047973633e+00,2.987519204616546631e-01
1.866615056991577148e+00,1.787292838096618652e+00
2.136248350143432617e+00,2.339203357696533203e+00
1.566843986511230469e+00,-6.944967508316040039e-01
2.371042251586914062e+00,2.772975683212280273e+00
2.734486579895019531e+00,1.392382860183715820e+00
2.507625341415405273e+00,3.610752344131469727e+00
2.867261648178100586e+00,1.116037845611572266e+00
2.314769476652145386e-01,3.350836038589477539e+00
-5.847804546356201172e-01,2.085778474807739258e+00
-3.360125124454498291e-01,4.913043677806854248e-01
3.721190690994262695e+00,1.686497569084167480e+00
1.438673287630081177e-01,5.481834888458251953e+00
1.751412272453308105e+00,1.255868673324584961e+00
8.830997943878173828e-01,5.288505077362060547e+00
7.565652728080749512e-01,2.725918769836425781e+00
-4.170994460582733154e-02,3.895440995693206787e-01
2.484945297241210938e+00,9.127251505851745605e-01
2.031092405319213867e+00,1.041489839553833008e+00
3.099449574947357178e-01,3.445850610733032227e+00
1.857795119285583496e+00,2.107664585113525391e+00
1.495344877243041992e+00,-4.458092749118804932e-01
3.083515882492065430e+00,2.596138000488281250e+00
2.997908592224121094e+00,1.215171217918395996e+00
-2.426072061061859131e-01,9.866146743297576904e-02
7.444447278976440430e-01,-3.262242078781127930e-01
2.370971441268920898e+00,-3.605409264564514160e-01
3.226289033889770508e+00,3.285377919673919678e-01
2.537149906158447266e+00,1.122030138969421387e+00
1.288302242755889893e-02,8.135526776313781738e-01
2.791143178939819336e+00,2.312743186950683594e+00
1.438137412071228027e+00,3.435716390609741211e+00
3.149933815002441406e+00,2.675227880477905273e+00
3.901908397674560547e-01,2.713884830474853516e+00
1.670179367065429688e+00,8.393921852111816406e-01
3.134244084358215332e-01,2.072007417678833008e+00
1.113386750221252441e+00,5.861585140228271484e+00
2.400950908660888672e+00,1.558791756629943848e+00
2.168338775634765625e+00,2.329278945922851562e+00
1.813253164291381836e+00,3.699047565460205078e+00
-1.111682802438735962e-01,1.918094605207443237e-01
1.005791664123535156e+00,-6.584652662277221680e-01
2.317363262176513672e+00,1.809315562248229980e+00
5.015817284584045410e-01,1.612918019294738770e+00
7.920110821723937988e-01,7.989709377288818359e-01
3.596349954605102539e-01,3.356312990188598633e+00
2.187777519226074219e+00,4.276010096073150635e-01
2.784715175628662109e+00,-7.582583278417587280e-02
9.603217840194702148e-01,-1.966179311275482178e-01
1.940895199775695801e+00,1.045644402503967285e+00
2.797795772552490234e+00,4.466544985771179199e-01
8.311675786972045898e-01,5.647437572479248047e+00
6.473031044006347656e-01,5.949919700622558594e+00
1.511151790618896484e+00,-1.965289711952209473e-01
9.302810430526733398e-01,1.993506908416748047e+00
4.882926344871520996e-01,4.818061351776123047e+00
6.296233534812927246e-01,5.026097297668457031e+00
9.872739315032958984e-01,7.762836217880249023e-01
1.144969105720520020e+00,2.131448984146118164e+00
1.833831667900085449e+00,3.135099172592163086e+00
1.069755852222442627e-01,2.774284601211547852e+00
1.297176361083984375e+00,1.476201057434082031e+00
2.888412475585937500e+00,-9.074643254280090332e-02
9.746275544166564941e-01,2.772827148437500000e+00
2.186423063278198242e+00,-4.925806820392608643e-01
3.293463468551635742e+00,1.345342874526977539e+00
2.687452077865600586e+00,8.385050296783447266e-02
1.930497884750366211e+00,2.720654487609863281e+00
-4.199710488319396973e-01,2.750963211059570312e+00
2.673572301864624023e+00,2.852956056594848633e+00
-8.274477720260620117e-02,9.739971160888671875e-01
6.145949363708496094e-01,3.633603811264038086e+00
3.042880296707153320e+00,2.053341865539550781e+00
4.499496817588806152e-01,5.046759605407714844e+00
3.863325119018554688e-01,6.352821826934814453e+00
5.520336031913757324e-01,6.610216140747070312e+00
1.805430889129638672e+00,1.127176046371459961e+00
2.206120252609252930e+00,4.392175972461700439e-01
2.623305797576904297e+00,1.009880185127258301e+00
8.512773513793945312e-01,1.523371100425720215e+00
1.719341158866882324e+00,1.445688724517822266e+00
9.832563400268554688e-01,3.489652872085571289e+00
3.742141723632812500e+00,1.600248932838439941e+00
2.319474697113037109e+00,4.220664024353027344e+00
3.487760782241821289e+00,9.545779824256896973e-01
1.905795693397521973e+00,-2.018115669488906860e-01
2.331717014312744141e+00,9.909523725509643555e-01
1.097166180610656738e+00,1.305277109146118164e+00
3.126676321029663086e+00,2.289372205734252930e+00
1.719179153442382812e+00,4.278491497039794922e+00
9.830213785171508789e-01,1.785358935594558716e-01
-4.088220745325088501e-02,1.045892164111137390e-01
1.811103701591491699e+00,1.654353857040405273e+00
-1.213513985276222229e-01,1.378167748451232910e+00
1.271108031272888184e+00,4.442173004150390625e+00
1.653984189033508301e+00,1.234038829803466797e+00
2.629690170288085938e+00,2.004693448543548584e-01
3.176261663436889648e+00,1.661548852920532227e+00
2.535052299499511719e+00,3.484934270381927490e-01
5.618364810943603516e-01,1.230321288108825684e+00
-1.828036308288574219e-01,5.353634953498840332e-01
4.183072149753570557e-01,1.128214836120605469e+00
2.049462318420410156e+00,6.491735577583312988e-01
8.255354166030883789e-01,-3.008262999355792999e-02
2.909171342849731445e+00,1.165266275405883789e+00
-8.442482948303222656e-01,1.882284879684448242e+00
2.763665676116943359e+00,2.848114967346191406e+00
2.093616485595703125e+00,4.202541351318359375e+00
1.006613850593566895e+00,3.522314310073852539e+00
4.925350546836853027e-01,5.371354103088378906e+00
-1.267351210117340088e-01,3.053277254104614258e+00
5.115450620651245117e-01,5.454840183258056641e+00
7.746566534042358398e-01,6.162156462669372559e-01
2.495286703109741211e+00,4.316968321800231934e-01
7.408993244171142578e-01,5.320336818695068359e+00
1.353330373764038086e+00,2.085040956735610962e-01
2.879889488220214844e+00,2.374318599700927734e+00
1.567416310310363770e+00,7.169718146324157715e-01
3.130365848541259766e+00,1.882611274719238281e+00
1.258343696594238281e+00,-2.470056712627410889e-01
3.194335222244262695e+00,6.100012660026550293e-01
4.692108631134033203e-01,3.977237462997436523e+00
2.681529998779296875e+00,1.671019315719604492e+00
3.654927730560302734e+00,9.878477454185485840e-01
8.079519122838973999e-02,2.781625986099243164e-01
1.527543187141418457e+00,-5.197296738624572754e-01
2.354206323623657227e+00,-5.602539777755737305e-01
2.981117010116577148e+00,2.676672935485839844e+00
2.679905176162719727e+00,3.399300336837768555e+00
2.674236059188842773e+00,2.934975147247314453e+00
2.872578382492065430e+00,2.472230672836303711e+00
-1.639804989099502563e-02,1.308779001235961914e+00
1.958010435104370117e+00,1.584447264671325684e+00
-4.319323599338531494e-01,9.222253561019897461e-01
1.315421581268310547e+00,3.024625301361083984e+00
2.812801122665405273e+00,2.666179180145263672e+00
2.981225490570068359e+00,1.715979576110839844e+00
1.987902402877807617e+00,3.099242448806762695e+00
2.962894201278686523e+00,3.153463363647460938e+00
-4.739927649497985840e-01,2.454560041427612305e+00
1.959423780441284180e+00,2.241446256637573242e+00
9.043512344360351562e-01,3.330616950988769531e+00
2.084201335906982422e+00,1.967606186866760254e+00
1.903952717781066895e+00,1.853142261505126953e+00
4.392212331295013428e-01,4.708256125450134277e-01
1.073047757148742676e+00,3.539620399475097656e+00
2.873581886291503906e+00,2.194121837615966797e+00
1.070943713188171387e+00,1.280954480171203613e+00
2.129511535167694092e-01,6.346763968467712402e-01
9.417050480842590332e-01,1.149869203567504883e+00
6.687241792678833008e-01,1.569957733154296875e+00
2.584542274475097656e+00,3.206805288791656494e-01
1.919589400291442871e+00,2.307564973831176758e+00
2.480322599411010742e+00,3.425011634826660156e-01
7.568478584289550781e-01,2.804263114929199219e+00
2.383643150329589844e+00,1.111980527639389038e-02
1.548604011535644531e+00,1.880293488502502441e+00
2.688366174697875977e+00,3.197861433029174805e+00
1.446396946907043457e+00,2.816590070724487305e+00
5.022281408309936523e-01,-2.800054550170898438e-01
8.833209276199340820e-01,1.827908635139465332e+00
2.103545665740966797e+00,3.284188508987426758e+00
1.787591695785522461e+00,3.440784454345703125e+00
3.631894886493682861e-01,2.242689371109008789e+00
2.601565361022949219e+00,-3.773027062416076660e-01
2.457359880208969116e-01,1.315275430679321289e+00
1.402170300483703613e+00,2.435306072235107422e+00
2.981907844543457031e+00,5.198444426059722900e-02
2.581114053726196289e+00,2.140869855880737305e+00
2.256274461746215820e+00,1.524213790893554688e+00
2.341129302978515625e+00,1.488750576972961426e+00
9.243245720863342285e-01,2.756968259811401367e+00
1.649673938751220703e+00,3.528712511062622070e+00
1.637089490890502930e+00,2.959053039550781250e+00
1.852713584899902344e+00,2.115999460220336914e+00
2.784881114959716797e+00,1.360917806625366211e+00
2.182959079742431641e+00,2.358417987823486328e+00
1.811944961547851562e+00,3.515560626983642578e+00
1.962260127067565918e+00,1.076414346694946289e+00
2.356902837753295898e+00,-8.426307886838912964e-02
2.329593896865844727e+00,1.595666289329528809e+00
1.859885826706886292e-02,4.124043881893157959e-01
1.937227487564086914e+00,8.733986020088195801e-01
2.644488811492919922e+00,3.573815822601318359e+00
3.882173895835876465e-01,2.843524694442749023e+00
1.340804338455200195e+00,3.479590415954589844e+00
1.290562748908996582e+00,1.699997782707214355e+00
3.947840631008148193e-01,1.795354485511779785e+00
3.140576556324958801e-02,3.244712114334106445e+00
1.562873959541320801e+00,3.796145915985107422e-01
2.163522720336914062e+00,-3.120250403881072998e-01
3.220733880996704102e+00,1.627643108367919922e+00
2.815670013427734375e+00,3.371415853500366211e+00
2.976635456085205078e+00,3.173529624938964844e+00
2.967824935913085938e+00,3.657331764698028564e-01
-2.927465736865997314e-01,1.165400505065917969e+00
2.962208271026611328e+00,3.195409178733825684e-01
1.159351468086242676e+00,-8.002137392759323120e-02
1.068395972251892090e+00,-4.324173927307128906e-01
-6.986286491155624390e-02,3.089567661285400391e+00
2.837653160095214844e+00,1.775399208068847656e+00
1.200874209403991699e+00,5.951226353645324707e-01
2.350365400314331055e+00,3.173147678375244141e+00
2.766876935958862305e+00,3.113778829574584961e+00
3.527339696884155273e+00,3.640806972980499268e-01
-1.106306985020637512e-01,1.838183045387268066e+00
3.108233690261840820e+00,1.986263394355773926e+00
2.523628950119018555e+00,2.499970436096191406e+00
2.128679037094116211e+00,2.512887001037597656e+00
3.337479591369628906e+00,5.421514511108398438e-01
1.308491706848144531e+00,3.050030708312988281e+00
-1.183669194579124451e-01,2.452300548553466797e+00
1.314343810081481934e+00,6.698068380355834961e-01
3.054646015167236328e+00,7.130621671676635742e-01
1.329103589057922363e+00,2.744715452194213867e+00
5.937609672546386719e-01,9.815525263547897339e-02
2.373515129089355469e+00,4.830657839775085449e-01
1.969864130020141602e+00,4.340443134307861328e+00
2.510378360748291016e-01,3.103259325027465820e+00
1.924425125122070312e+00,1.854677677154541016e+00
1.031528115272521973e+00,7.843784093856811523e-01
2.845992565155029297e+00,3.249625205993652344e+00
9.150058031082153320e-01,-7.203163504600524902e-01
1.609771609306335449e+00,3.195449113845825195e+00
2.050309181213378906e+00,2.245888710021972656e+00
1.034975290298461914e+00,1.981869101524353027e+00
-1.105325073003768921e-01,9.083678722381591797e-01
-3.569223582744598389e-01,8.071305155754089355e-01
2.327025413513183594e+00,2.698905229568481445e+00
2.291870594024658203e+00,-3.121263980865478516e-01
8.275448083877563477e-01,-1.932655423879623413e-01
1.136282458901405334e-01,5.421722531318664551e-01
4.439571499824523926e-01,1.568526029586791992e+00
1.618412256240844727e+00,2.597154855728149414e+00
2.465025663375854492e+00,1.157527804374694824e+00
1.764898657798767090e+00,2.606535673141479492e+00
-4.004002511501312256e-01,8.220140337944030762e-01
3.120333671569824219e+00,2.639720916748046875e+00
2.239863276481628418e-01,2.977623939514160156e+00
2.501785755157470703e-01,4.021283149719238281e+00
2.506454229354858398e+00,1.173417806625366211e+00
2.794120073318481445e+00,2.751679658889770508e+00
2.461709022521972656e+00,1.962530016899108887e+00
4.904473125934600830e-01,9.980588555335998535e-01
5.931302905082702637e-02,1.464090943336486816e+00
5.445188283920288086e-01,1.060289621353149414e+00
-6.275535374879837036e-02,2.370128393173217773e+00
5.008103251457214355e-01,5.812307357788085938e+00
1.541866421699523926e+00,1.868499994277954102e+00
3.232921957969665527e-01,5.986602783203125000e+00
2.199652433395385742e+00,1.470921993255615234e+00
2.117618024349212646e-01,5.407607555389404297e-01
5.266193747520446777e-01,5.159364223480224609e+00
8.107268214225769043e-01,6.125224590301513672e+00
1.901659488677978516e+00,9.819678664207458496e-01
3.180246651172637939e-01,1.666824579238891602e+00
-3.738112747669219971e-01,6.060873866081237793e-01
3.023789644241333008e+00,2.720902919769287109e+00
-4.662279784679412842e-01,2.584563493728637695e+00
3.304133176803588867e+00,6.176655888557434082e-01
2.539352513849735260e-02,8.033910989761352539e-01
1.157319426536560059e+00,1.962620496749877930e+00
6.460660099983215332e-01,2.663097143173217773e+00
2.841840498149394989e-02,2.487915277481079102e+00
7.445181012153625488e-01,2.650949716567993164e+00
2.402113676071166992e+00,2.739691734313964844e+00
-5.860559344291687012e-01,9.423800706863403320e-01
3.581306338310241699e-01,2.714785099029541016e+00
2.964255809783935547e+00,1.735346436500549316e+00
1.211138129234313965e+00,-2.384450286626815796e-01
-2.882799208164215088e-01,2.819574773311614990e-01
-3.017330169677734375e-01,6.043705940246582031e-01
1.873563766479492188e+00,2.744541406631469727e+00
2.087052106857299805e+00,1.752353072166442871e+00
9.637774229049682617e-01,-7.376108169555664062e-01
1.391190290451049805e+00,2.590106010437011719e+00
1.561380624771118164e+00,1.684324145317077637e+00
1.241318345069885254e+00,1.705952286720275879e+00
5.623702406883239746e-01,1.033467888832092285e+00
6.225343942642211914e-01,2.739319801330566406e+00
7.353432178497314453e-01,2.142277002334594727e+00
1.105286121368408203e+00,1.491880178451538086e+00
4.690368175506591797e-01,6.141725182533264160e-01
8.768607974052429199e-01,2.938526570796966553e-01
2.796844720840454102e+00,7.202111482620239258e-01
-9.566863626241683960e-02,9.408892393112182617e-01
1.311019420623779297e+00,1.626785516738891602e+00
9.073793888092041016e-01,1.455547690391540527e+00
1.179941415786743164e+00,2.743441343307495117e+00
1.033575892448425293e+00,9.411377906799316406e-01
8.773982524871826172e-01,3.426653146743774414e+00
1.969583153724670410e+00,5.125764608383178711e-01
2.729734182357788086e+00,9.439563751220703125e-01
2.460205405950546265e-01,2.340722084045410156e+00
1.255418062210083008e+00,1.480125069618225098e+00
6.182199120521545410e-01,3.003646612167358398e+00
1.727496504783630371e+00,2.225737094879150391e+00
1.905436277389526367e+00,4.269220352172851562e+00
-2.529145181179046631e-01,2.009556531906127930e+00
2.802273750305175781e+00,-3.047468066215515137e-01
3.375764369964599609e+00,2.005993843078613281e+00
1.415210604667663574e+00,2.668275594711303711e+00
1.107951045036315918e+00,3.048771858215332031e+00
2.374968528747558594e+00,3.610359668731689453e+00
1.286630988121032715e+00,5.674898147583007812e+00
2.181579351425170898e+00,3.967836964875459671e-03
2.711113452911376953e+00,1.377456784248352051e+00
3.077753543853759766e+00,1.225971341133117676e+00
1.481552273035049438e-01,2.597935438156127930e+00
2.214538812637329102e+00,3.478429555892944336e+00
1.150167107582092285e+00,7.718865871429443359e-01
1.503167748451232910e+00,1.982954978942871094e+00
9.620907306671142578e-01,1.051010370254516602e+00
1.907282233238220215e+00,2.889627218246459961e+00
1.437581062316894531e+00,1.450029373168945312e+00
2.590904235839843750e+00,1.730492524802684784e-02
1.510731339454650879e+00,5.331225395202636719e+00
1.078092932701110840e+00,5.671356320381164551e-01
1.691184163093566895e+00,-2.952435314655303955e-01
9.796551465988159180e-01,5.128543376922607422e+00
3.910860419273376465e-01,5.782989501953125000e+00
1.126677989959716797e+00,4.288876056671142578e-01
-7.094053030014038086e-01,1.612130403518676758e+00
3.497681856155395508e+00,1.295422673225402832e+00
8.712516427040100098e-01,5.645245075225830078e+00
1.284229755401611328e-01,8.107529878616333008e-01
8.803234696388244629e-01,2.534059286117553711e+00
2.558812141418457031e+00,-9.249097667634487152e-03
2.483709573745727539e+00,1.424696594476699829e-01
1.703862667083740234e+00,3.589173555374145508e+00
2.215779542922973633e+00,1.334721803665161133e+00
1.175629854202270508e+00,1.764146447181701660e+00
1.876261591911315918e+00,2.958675920963287354e-01
1.692071318626403809e+00,-5.240654349327087402e-01
1.548976540565490723e+00,2.613938093185424805e+00
9.715702533721923828e-01,-4.171002805233001709e-01
-3.284381330013275146e-02,1.150620937347412109e+00
1.671053171157836914e+00,6.380061507225036621e-01
1.503648638725280762e+00,3.718091964721679688e+00
1.729840159416198730e+00,3.423842430114746094e+00
6.603252291679382324e-01,4.944416046142578125e+00
3.166489601135253906e+00,6.653037667274475098e-01
-4.036992788314819336e-01,9.214462637901306152e-01
3.103028774261474609e+00,2.082045078277587891e+00
6.020151376724243164e-01,2.102133750915527344e+00
6.502831578254699707e-01,1.426553010940551758e+00
1.697476208209991455e-01,4.709165096282958984e+00
3.721746206283569336e+00,9.918069243431091309e-01
1.871532917022705078e+00,-2.341592013835906982e-01
8.420224189758300781e-01,6.387922763824462891e+00
-3.171201348304748535e-01,2.015963315963745117e+00
1.307166934013366699e+00,1.682349562644958496e+00
1.077141761779785156e+00,-7.981830835342407227e-01
1.915333509445190430e+00,1.511941194534301758e+00
1.425522089004516602e+00,5.547410011291503906e+00
2.659965515136718750e+00,3.361336708068847656e+00
2.300675153732299805e+00,7.058892250061035156e-01
-2.135983109474182129e-01,1.314613461494445801e+00
1.541689395904541016e+00,5.393360614776611328e+00
7.945470809936523438e-01,5.951050281524658203e+00
1.942092418670654297e+00,-2.478949129581451416e-01
3.210711002349853516e+00,5.830917879939079285e-02
1.007701754570007324e+00,3.513368606567382812e+00
2.425162553787231445e+00,1.788289546966552734e+00
1.979353308677673340e+00,3.680463552474975586e+00
2.591278851032257080e-01,5.043710231781005859e+00
2.926717758178710938e+00,4.884553849697113037e-01
1.204473972320556641e+00,5.783256053924560547e+00
6.482934951782226562e-01,6.677509784698486328e+00
2.177650690078735352e+00,3.816141366958618164e+00
-2.874856069684028625e-02,6.955075263977050781e-02
2.898309707641601562e+00,1.131173849105834961e+00
5.863130092620849609e-01,5.980178356170654297e+00
6.342197060585021973e-01,9.660087227821350098e-01
3.998575210571289062e-01,5.278598785400390625e+00
8.008401393890380859e-01,1.495102286338806152e+00
4.596534967422485352e-01,-2.885671555995941162e-01
1.071070879697799683e-01,-3.329361379146575928e-01
3.244133234024047852e+00,6.738929152488708496e-01
3.336347341537475586e+00,9.708176851272583008e-01
2.270267009735107422e+00,-4.028739407658576965e-02
-3.753792345523834229e-01,3.808510899543762207e-01
1.037961006164550781e+00,5.011061668395996094e+00
1.328636288642883301e+00,3.478919267654418945e+00
1.460582852363586426e+00,3.982084274291992188e+00
2.826993703842163086e+00,1.144414782524108887e+00
2.330266714096069336e+00,3.198787689208984375e+00
1.730491161346435547e+00,2.444719791412353516e+00
1.319539546966552734e-01,5.827377796173095703e+00
1.138092279434204102e+00,9.205597043037414551e-01
2.249256134033203125e+00,3.939759016036987305e+00
2.798644065856933594e+00,1.851435661315917969e+00
1.551402807235717773e+00,2.217866897583007812e+00
1.668193817138671875e+00,3.960904479026794434e-01
2.863422155380249023e+00,3.359801769256591797e+00
5.988314151763916016e-01,1.505806565284729004e+00
2.164722919464111328e+00,5.294269919395446777e-01
1.749946355819702148e+00,4.011929035186767578e+00
1.211508035659790039e+00,5.185585498809814453e+00
1.336110532283782959e-01,5.551652908325195312e+00
8.741276264190673828e-01,5.866594791412353516e+00
-7.302579283714294434e-01,1.547598123550415039e+00
1.605915307998657227e+00,7.767403721809387207e-01
2.784301154315471649e-02,1.325550377368927002e-01
-4.170886278152465820e-01,2.141024589538574219e+00
9.258735179901123047e-01,3.137343883514404297e+00
2.840531826019287109e+00,8.672742843627929688e-01
4.511010348796844482e-01,3.135656118392944336e+00
8.175582885742187500e-01,5.075864791870117188e+00
3.482646226882934570e+00,1.176565289497375488e+00
1.358341932296752930e+00,1.638491034507751465e+00
3.285931825637817383e+00,5.130381584167480469e-01
2.088548421859741211e+00,3.084112405776977539e+00
1.087109923362731934e+00,-8.364868164062500000e-02
6.957571506500244141e-01,2.789615631103515625e+00
1.081264495849609375e+00,1.359851002693176270e+00
2.812619507312774658e-02,2.675815105438232422e+00
1.143169879913330078e+00,6.234395503997802734e+00
1.554021596908569336e+00,9.938842654228210449e-01
-3.696844577789306641e-01,3.704407513141632080e-01
9.527175426483154297e-01,7.856605648994445801e-01
2.822663307189941406e+00,8.724983334541320801e-01
1.913156986236572266e+00,2.108013868331909180e+00
-2.689391970634460449e-01,7.753163576126098633e-01
1.089539051055908203e+00,2.133709430694580078e+00
2.370464563369750977e+00,2.214607715606689453e+00
1.526333570480346680e+00,-3.945778310298919678e-01
8.857856988906860352e-01,1.515703797340393066e+00
2.623470306396484375e+00,-3.168825805187225342e-01
2.789140224456787109e+00,1.930729150772094727e+00
1.290417909622192383e+00,2.160429656505584717e-01
1.863572001457214355e+00,2.475063562393188477e+00
1.174865126609802246e+00,6.537207603454589844e+00
5.839569568634033203e-01,6.765585899353027344e+00
9.369781613349914551e-01,4.211337089538574219e+00
1.472570538520812988e+00,3.881531000137329102e+00
-4.368792474269866943e-01,1.872127294540405273e+00
3.516434192657470703e+00,1.944896697998046875e+00
2.644200801849365234e+00,1.894640207290649414e+00
2.285488128662109375e+00,8.240447640419006348e-01
-6.324247270822525024e-02,3.094925880432128906e+00
1.796578288078308105e+00,3.346945345401763916e-01
2.977960824966430664e+00,6.842029690742492676e-01
2.112652540206909180e+00,9.817601442337036133e-01
2.979542732238769531e+00,3.172948837280273438e+00
4.296603202819824219e-01,1.947104573249816895e+00
6.144940853118896484e-01,3.491558432579040527e-01
1.732346892356872559e+00,2.539541482925415039e+00
4.241561889648437500e-01,1.937285304069519043e+00
4.064210504293441772e-02,2.076032757759094238e-01
2.215998649597167969e+00,8.929284662008285522e-02
8.264823257923126221e-02,-4.087516069412231445e-01
9.210052341222763062e-02,-4.421430230140686035e-01
1.992024064064025879e+00,-3.366923332214355469e-01
2.252814054489135742e+00,3.179396629333496094e+00
2.111346244812011719e+00,9.374285936355590820e-01
-1.997128278017044067e-01,2.462715864181518555e+00
1.768950700759887695e+00,2.636109113693237305e+00
2.497927188873291016e+00,1.232454895973205566e+00
1.707128405570983887e+00,3.895828962326049805e+00
-7.203806042671203613e-01,1.396200537681579590e+00
-6.485562324523925781e-01,1.697198748588562012e+00
9.810677766799926758e-01,5.500280380249023438e+00
6.653169989585876465e-01,6.872193336486816406e+00
2.447449207305908203e+00,-5.778669714927673340e-01
1.644868493080139160e+00,5.455945134162902832e-01
1.025179505348205566e+00,7.313264608383178711e-01
3.298355102539062500e+00,8.329796046018600464e-02
5.692036151885986328e-01,5.983137130737304688e+00
9.321520924568176270e-01,5.678315639495849609e+00
7.257737517356872559e-01,2.460541248321533203e+00
1.331720709800720215e+00,3.063640356063842773e+00
9.649221897125244141e-01,-7.271953225135803223e-01
1.428257346153259277e+00,1.097344994544982910e+00
-1.622406207025051117e-02,9.985069036483764648e-01
2.753703594207763672e+00,1.389151692390441895e+00
1.438780546188354492e+00,1.343068718910217285e+00
3.401417732238769531e+00,1.383128911256790161e-01
1.151284337043762207e+00,1.352570414543151855e+00
2.721130371093750000e+00,3.155673027038574219e+00
1.790283679962158203e+00,3.632385492324829102e+00
3.547766804695129395e-01,3.805018216371536255e-02
3.678529337048530579e-02,2.771708071231842041e-01
1.600396156311035156e+00,-8.489866852760314941e-01
-7.639449834823608398e-01,1.861747264862060547e+00
1.090993046760559082e+00,5.736144065856933594e+00
1.698003172874450684e+00,1.475449085235595703e+00
3.589334785938262939e-01,3.340270042419433594e+00
2.791048049926757812e+00,-3.952582776546478271e-01
4.527505636215209961e-01,1.522748827934265137e+00
2.319905757904052734e+00,1.832339167594909668e+00
8.670837283134460449e-01,5.853849649429321289e-01
2.027259349822998047e+00,4.415976524353027344e+00
8.743801116943359375e-01,1.741717338562011719e+00
1.141744494438171387e+00,8.771970868110656738e-01
2.868018746376037598e-01,5.282265543937683105e-01
2.431832075119018555e+00,3.266865015029907227e+00
1.082894802093505859e+00,-3.407760560512542725e-01
4.285506606101989746e-01,2.362583160400390625e+00
1.075595021247863770e-01,3.263975858688354492e+00
2.922146558761596680e+00,1.593663215637207031e+00
2.097932577133178711e+00,3.687586784362792969e+00
4.229263365268707275e-01,5.478357315063476562e+00
2.462648868560791016e+00,3.144792556762695312e+00
2.927715063095092773e+00,1.332463026046752930e+00
1.584216117858886719e+00,-6.831209659576416016e-01
1.222309350967407227e+00,1.934556126594543457e+00
1.426034808158874512e+00,-3.752143681049346924e-01
9.016473293304443359e-01,2.130203723907470703e+00
2.698558330535888672e+00,3.447665452957153320e+00
6.737346053123474121e-01,3.051685333251953125e+00
2.726742982864379883e+00,2.524486303329467773e+00
1.700480580329895020e+00,3.081531524658203125e+00
1.220076084136962891e+00,1.203787446022033691e+00
1.447418928146362305e+00,1.218081593513488770e+00
3.498755767941474915e-02,3.807549715042114258e+00
4.475756585597991943e-01,6.385882377624511719e+00
1.223559260368347168e+00,6.343716144561767578e+00
1.559013485908508301e+00,1.309906363487243652e+00
1.391585707664489746e+00,1.031806707382202148e+00
1.425677418708801270e+00,-5.014688968658447266e-01
1.448327541351318359e+00,3.418843269348144531e+00
1.667169570922851562e+00,4.374088287353515625e+00
5.704535245895385742e-01,1.698832273483276367e+00
9.248282909393310547e-01,2.819520950317382812e+00
7.257533669471740723e-01,5.080606460571289062e+00
1.838864445686340332e+00,2.712125657126307487e-03
7.720131874084472656e-01,-5.478262156248092651e-02
1.987389802932739258e+00,2.177216291427612305e+00
3.079450368881225586e+00,2.003742218017578125e+00
-5.933514237403869629e-01,9.638175368309020996e-01
8.807433843612670898e-01,3.078487157821655273e+00
8.727938532829284668e-01,9.812632799148559570e-01
9.959715604782104492e-01,-1.037518456578254700e-01
2.092476844787597656e+00,5.429995656013488770e-01
1.875372529029846191e+00,1.988830208778381348e+00
1.935312271118164062e+00,2.783840894699096680e+00
6.433250904083251953e-01,2.116110086441040039e+00
1.544950723648071289e+00,1.889662146568298340e+00
6.242340207099914551e-01,5.961995601654052734e+00
7.523982524871826172e-01,4.459131658077239990e-01
5.166170001029968262e-01,5.584273338317871094e+00
-3.453143835067749023e-01,3.052673339843750000e+00
-2.279850840568542480e-01,1.385866522789001465e+00
7.798309922218322754e-01,2.155837774276733398e+00
1.614741325378417969e+00,2.233732700347900391e+00
1.466676473617553711e+00,8.953242301940917969e-01
-5.514286160469055176e-01,2.393204450607299805e+00
1.182928323745727539e+00,1.796485185623168945e-01
1.846553921699523926e+00,-2.986057661473751068e-02
2.070479869842529297e+00,2.587811946868896484e+00
-2.916214168071746826e-01,2.042935132980346680e+00
6.809219121932983398e-01,1.885453939437866211e+00
1.410579774528741837e-02,2.559888601303100586e+00
1.970366835594177246e+00,-4.013625979423522949e-01
3.003625631332397461e+00,1.157974600791931152e+00
-2.957819402217864990e-01,1.481529951095581055e+00
-8.540574908256530762e-01,1.867295742034912109e+00
4.247451424598693848e-01,4.807194709777832031e+00
2.182205200195312500e+00,3.227413892745971680e+00
1.658528208732604980e+00,1.307368516921997070e+00
1.204271689057350159e-01,4.892091751098632812e+00
6.636310219764709473e-01,6.351921558380126953e+00
4.611212015151977539e-01,4.334350109100341797e+00
3.459738016128540039e+00,1.890822052955627441e+00
3.049211204051971436e-02,4.005686283111572266e+00
9.308812022209167480e-01,2.739369273185729980e-01
1.003305912017822266e+00,5.786047935485839844e+00
7.670213580131530762e-01,6.380387783050537109e+00
3.021305501461029053e-01,2.607118844985961914e+00
3.353101015090942383e-01,5.286526679992675781e+00
5.655023455619812012e-01,5.681318283081054688e+00
1.625496447086334229e-01,4.717002868652343750e+00
2.046519756317138672e+00,3.696989536285400391e+00
7.735912799835205078e-01,5.589354038238525391e+00
3.505274355411529541e-01,5.314376354217529297e+00
4.476465582847595215e-01,5.349791049957275391e+00
3.902336955070495605e-01,5.299131393432617188e+00
4.489330351352691650e-01,6.010727405548095703e+00
5.746597647666931152e-01,5.160889148712158203e+00
4.824305474758148193e-01,4.986340522766113281e+00
4.949652552604675293e-01,5.808549880981445312e+00
2.542070865631103516e+00,1.328643918037414551e+00
2.940320253372192383e+00,7.250815033912658691e-01
1.400886029005050659e-01,4.689469814300537109e+00
3.792164027690887451e-01,5.318474292755126953e+00
5.161577463150024414e-01,6.592672824859619141e+00
1.490107774734497070e+00,-9.087863564491271973e-01
3.503664433956146240e-01,4.887731552124023438e+00
3.716121613979339600e-01,5.704320907592773438e+00
1.032662272453308105e+00,6.372662544250488281e+00
6.645079851150512695e-01,6.489487648010253906e+00
1.452333068847656250e+01,4.859889030456542969e+00
1.478572559356689453e+01,5.211184024810791016e+00
1.480831813812255859e+01,5.188900947570800781e+00
1.460522842407226562e+01,4.722609043121337891e+00
1.439144325256347656e+01,4.850728988647460938e+00
1.479180240631103516e+01,5.241188049316406250e+00
1.444592475891113281e+01,4.519766330718994141e+00
1.471363258361816406e+01,4.890055656433105469e+00
1.471032810211181641e+01,4.967629432678222656e+00
1.481185054779052734e+01,5.157818794250488281e+00
1.437923336029052734e+01,4.804389476776123047e+00
1.479330444335937500e+01,5.201623439788818359e+00
1.437242031097412109e+01,4.751714229583740234e+00
1.468918800354003906e+01,4.770895957946777344e+00
1.436300086975097656e+01,4.814150810241699219e+00
1.455062198638916016e+01,4.736143589019775391e+00
1.442680931091308594e+01,4.516633510589599609e+00
1.482180118560791016e+01,5.270071029663085938e+00
1.440137290954589844e+01,4.836366653442382812e+00
1.449231719970703125e+01,4.579596519470214844e+00
1.477950859069824219e+01,5.186135768890380859e+00
1.475716114044189453e+01,5.101439476013183594e+00
1.477279186248779297e+01,5.165857315063476562e+00
1.444782924652099609e+01,4.588217735290527344e+00
1.478431034088134766e+01,5.227799892425537109e+00
1.438506221771240234e+01,4.818535327911376953e+00
1.477700328826904297e+01,4.960275650024414062e+00
1.448008728027343750e+01,4.781636714935302734e+00
1.479606342315673828e+01,5.084291458129882812e+00
1.449651622772216797e+01,5.004783630371093750e+00
1.455479431152343750e+01,4.901119232177734375e+00
1.449473476409912109e+01,4.959151268005371094e+00
1.480833721160888672e+01,5.032207489013671875e+00
1.475010967254638672e+01,5.214405536651611328e+00
1.479692268371582031e+01,5.242065429687500000e+00
1.460533237457275391e+01,4.800727844238281250e+00
1.473833751678466797e+01,4.790938377380371094e+00
1.479998016357421875e+01,5.276541709899902344e+00
1.449331855773925781e+01,4.910609722137451172e+00
1.471875000000000000e+01,5.141782760620117188e+00
1.474073410034179688e+01,4.946352481842041016e+00
1.462143707275390625e+01,4.964650630950927734e+00
1.458000946044921875e+01,4.877847194671630859e+00
1.437039375305175781e+01,4.749249458312988281e+00
1.434571647644042969e+01,4.818107604980468750e+00
1.431392765045166016e+01,4.862275600433349609e+00
1.446191215515136719e+01,4.508748054504394531e+00
1.465641784667968750e+01,4.472599029541015625e+00
1.432458972930908203e+01,4.836967945098876953e+00
1.465163707733154297e+01,4.336756706237792969e+00
1.459199523925781250e+01,4.862737655639648438e+00
1.438201618194580078e+01,4.602299213409423828e+00
1.462767028808593750e+01,4.293443679809570312e+00
1.450364875793457031e+01,4.533335208892822266e+00
1.470287322998046875e+01,4.376399993896484375e+00
1.464871501922607422e+01,4.770477294921875000e+00
1.456088352203369141e+01,4.600024700164794922e+00
1.453470325469970703e+01,4.654132366180419922e+00
1.480485725402832031e+01,4.583785533905029297e+00
1.468915176391601562e+01,4.284218311309814453e+00
1.443459796905517578e+01,4.493105411529541016e+00
1.468195724487304688e+01,4.276662826538085938e+00
1.464504814147949219e+01,4.271182060241699219e+00
1.441814899444580078e+01,4.842391967773437500e+00
1.442718315124511719e+01,4.482512950897216797e+00
1.448731231689453125e+01,4.665174484252929688e+00
1.464957427978515625e+01,4.256402492523193359e+00
1.439916324615478516e+01,4.561999320983886719e+00
1.430094146728515625e+01,4.826354980468750000e+00
1.437174606323242188e+01,4.577973365783691406e+00
1.438407611846923828e+01,4.569860458374023438e+00
1.427183914184570312e+01,4.828125476837158203e+00
1.450790786743164062e+01,4.950487613677978516e+00
1.467574596405029297e+01,4.292459011077880859e+00
1.446770572662353516e+01,4.443725109100341797e+00
1.466791629791259766e+01,4.259194374084472656e+00
1.452309989929199219e+01,4.624170303344726562e+00
1.468549060821533203e+01,4.288604259490966797e+00
1.463849067687988281e+01,4.220283508300781250e+00
1.460583686828613281e+01,4.285669326782226562e+00
1.478678894042968750e+01,4.610479831695556641e+00
1.464968776702880859e+01,4.269476890563964844e+00
1.441950702667236328e+01,4.502901554107666016e+00
1.457023811340332031e+01,4.931701183319091797e+00
1.442460441589355469e+01,4.855596542358398438e+00
