-8.555467150031994095e+00,-1.013885642398798126e+01
8.095073597630566553e+00,1.443578771265720206e+00
2.118389182247362967e+01,2.669602240311641594e+01
-4.930082609669433680e+00,2.750640189350912479e+01
-2.141649356666640358e+00,-9.148121830513062491e+00
3.874918241719420564e+00,2.303206662312965136e+01
1.486594581625464428e+01,7.521111911847498277e+00
9.828072794584102212e+00,-3.214327905121969309e+00
-1.472052495409956663e+01,1.798002690753563826e+01
6.383350406654855647e+00,1.127173061214050875e+01
-1.199051022642915854e+01,1.755121698898216920e+01
-2.262434450763649352e+00,6.778118771905596418e+00
-1.257999442295974291e+01,2.347454263389248297e+01
-9.153952049453977224e-01,3.185428908094148426e+01
9.269539043367494457e+00,2.258851394242152111e+01
-6.123977745626504543e+00,9.055883513198441648e+00
2.277527834246647842e+00,8.885578313592088051e+00
5.507512240366096989e-01,1.248540666703295798e+01
2.270600377930268010e+01,1.414283364432716539e+01
-7.237360804779520151e+00,9.807626397091070203e+00
-1.209807824792441977e+00,-7.855090566973288446e-01
5.171500357420242722e+00,1.248860521828819969e+01
2.077643325531674634e+00,8.317331310726174820e-01
-8.103321000489358994e+00,2.858052723085171465e+01
-1.996031977587904294e+00,1.242689807957656356e+01
-2.419304020133984068e+01,1.477107069521522220e+01
2.129443850784880254e+01,1.517236224525365174e+01
5.138140500352591289e+00,1.013121697033280810e+01
1.307202128958417475e+01,3.839003186703997983e+00
1.298780682626559013e+01,4.415847897914260045e+01
1.803963488973785445e+01,1.531310039209233764e+01
3.073287957837656847e+00,3.051119584711921817e+01
1.343935895241860479e+01,2.306861138022928515e+01
1.438782994447538499e+01,5.064514620155506464e+00
-8.237454349774623097e+00,1.533805794597901340e+01
2.132107779778691281e+01,9.423455029322855836e+00
8.583144968000354424e+00,4.164282684960564751e+00
2.047966429703542701e+00,4.269209868903516281e+00
1.598715850072750300e+00,2.769223998014486909e+01
2.439834034984166067e+00,9.049670719054141443e+00
3.113260132839137384e+00,4.167831441907114964e+00
1.110874269620143906e+01,8.348528897686641415e+00
5.973211833681588701e-01,3.684874622721356729e+01
5.030644889491540539e+00,2.534494903782571740e+01
-6.182021130695346756e+00,2.448689413037134699e+01
1.358986774333727610e+01,3.224384742893263933e+00
1.618177960473924770e+01,6.380861249789816725e+00
-3.269683344507043898e-01,2.426811825156445934e+01
-1.758034208681706900e+00,2.048515418605232696e+01
-5.654215163940804700e+00,1.610666806302084808e+00
-7.884946828717289691e+00,1.965377081683359251e+01
-5.430440868472850013e+00,7.106165429011319645e+00
-6.423276250951921895e+00,4.384342337993007988e+00
1.357299793081473638e+00,2.399597495859331531e+01
-1.611842338688589393e-01,2.804255488207584079e+01
-2.238754011166446389e+01,1.365272687797737206e+01
2.754205864794620595e+00,-2.508834392857096418e+00
-9.734516096664037832e+00,1.612880823819538989e+01
-2.811296800368054960e+00,-1.102853181148866213e+00
7.250063737472245862e+00,1.576082119599927367e+01
-1.088765458446352596e+01,9.925545378908680050e+00
-9.504930369088171460e+00,3.096585051132103317e+01
-2.432374945069369687e+00,2.744531836525393231e+01
1.509164076658740328e+01,1.066538885199933162e+01
1.126437805411129034e+00,5.232120024519510082e+00
-3.813219399599276471e+00,5.527097613599529780e+00
1.082010909705238788e+01,1.043335335501258498e+01
4.024697987788364628e+00,6.363707696623670529e+00
1.030818197404228442e+01,9.022076296200079781e+00
1.333617739753330156e+01,-2.424054655083011767e+00
-2.204391835024658519e+00,6.635544018327347970e+00
4.977467470877094513e+00,1.697676793714871124e+01
-3.797557814901018958e+00,2.777739760866759156e+01
1.245072011752109020e+01,1.941042358533479018e+01
-1.226630360648870521e+01,-5.962916348281055434e+00
8.728758841068682273e+00,1.388023039250543889e+01
-1.737516205620210030e+01,-3.578161564902714531e+00
7.885086672118504225e+00,2.390571672664279035e+01
-1.045069454065341574e+00,3.527983003561697473e+01
1.263627466281674572e+01,1.156212380078540036e+01
-1.027108082473634454e+01,1.178219303152181752e+01
-5.381863575047916015e-01,1.438316082742831270e+01
9.833680409629366181e+00,1.726890115436808060e+01
-1.054366640097961039e+01,3.180647591917228567e+01
-1.062544421635300296e+01,2.422193791382134975e+00
1.231476433235357959e+01,-8.520411927754025783e-01
6.765213192689870425e+00,-1.354464540440552867e+00
1.020586140467426617e+01,1.687556640474920044e+00
-2.137712484014393510e+00,4.423720732559797142e+00
-3.435713667415143391e+00,2.056310372992972191e+01
7.236549690216470765e+00,2.485289770127624820e+01
1.631345802113647636e+01,2.631325869734982703e+01
4.315986814638741009e+00,6.929896255941304872e+00
4.744016816674538006e+00,4.791278915938163152e+01
2.080488499949498049e+01,2.521082318722035254e+01
9.196488240163475325e+00,2.328070317742255924e+01
7.575539099165915502e+00,1.182431658543269037e+01
7.437994310808150544e+00,1.010919179080154962e+01
-8.043268214282470296e+00,2.656211739869911881e+01
-7.202814695971177628e+00,1.123724234675594857e+01
-4.815878794858186041e+00,1.918097942135426237e+01
8.049785653892385540e+00,7.971758525314509569e+00
6.158017945388998271e+00,1.068595684909915278e+01
6.085199898950925501e+00,2.437125097606955393e+01
7.535126119930716015e+00,-2.030734134515988387e+00
2.131312709444841147e+01,6.246036182502475498e+00
-1.854167793128485897e+01,5.850752474130050729e+00
1.169903337397332166e+01,1.205041642218729692e+01
-1.363153800522781722e+01,3.180712824882309775e+01
-2.762189708794331011e+00,8.962546840265797954e+00
1.606424794144151846e+01,5.508068811637137685e+00
-1.733742291415786951e+00,3.187051371544553646e+01
4.435691932465388732e-01,3.155987347072383287e+01
8.487339605090895134e+00,1.174096786447575624e+01
9.406917165532760805e+00,3.195316545673497544e+01
1.499857954641426616e+01,1.994790201916536887e+01
1.527380320840158845e+00,3.206395519005246797e+01
9.672544549008023296e+00,1.136211856317229874e+01
-4.727818913095838127e+00,6.877648233101812281e+00
1.267647406439662916e+01,2.319905594552523809e+01
7.963750689158494822e+00,5.896369210711508657e+00
5.612673505497085102e+00,8.670526943102906614e+00
-3.413498463758583057e+01,2.126984327317869372e+01
7.683836224962362849e+00,1.368997048174069775e+01
4.739158282132628131e+00,2.333836269451488477e+00
-6.989847191268829363e+00,-1.586552982097948927e+00
8.186941218648797758e+00,6.529123100291595705e+00
-2.088583104879835162e+01,1.704437605356474705e-01
8.622717499149061382e+00,1.835564013325834054e+01
2.938856499337127559e+00,1.607745609117840502e+01
3.087868797716453173e-02,1.530678266329334747e+01
-1.198289595494988191e+01,3.686550564979174993e+00
-8.160836867758234803e+00,-5.775334984890108103e+00
-3.142609976698459207e+00,2.560341103699631304e+00
6.311438564426225639e+00,2.304079922647283141e+01
-8.228441764940036762e+00,-2.542034919261752179e+00
-3.386551298733266435e+00,1.060282309468257722e+01
-1.716867779639747482e+01,4.352788012292697317e+01
-7.659500628525329091e+00,6.123880046719325065e+00
-7.479200997908037607e+00,1.110152578705108795e+01
5.570492300784415818e+00,7.373821860862125988e+00
-6.485890483442034338e+00,7.638365561925031244e+00
1.415915197093992361e+01,7.499673964334807152e+00
1.014133697224389152e+01,2.057113546957783257e+01
9.095988618396567915e+00,3.513531295044199254e+00
-8.741474918136397321e+00,1.145722892460035069e+01
1.464217666305647825e+01,4.328642374780748980e-01
-5.232311573459114129e+00,2.159293938767599030e+01
2.193123045939043791e+01,2.710231903808476517e+01
-4.412126411246319435e+00,-7.780929669234495805e+00
5.643420510543897706e+00,1.576309391887374289e+00
-3.112640747192760671e+01,2.637803645797868057e+01
-4.699894580816298628e+00,2.317248018462234427e+01
6.759631526179234129e+00,2.111903553336745176e+00
7.047576557744584136e+00,1.346515570325387046e+00
-1.242673749790570525e+01,-6.650374174118880433e+00
1.907556591525093737e+01,1.586177636161928639e+01
5.129860999336152361e+00,2.188561799534772945e+01
1.356983251829045045e+01,1.571213355067379958e+01
3.951022994231408347e+00,2.868376815088541676e+01
1.845150503523011665e+01,1.611210631040894015e+00
-6.036412702300815170e+00,2.072295234395097197e+01
-1.079463290300687106e+00,8.339123224070174700e+00
-2.442465974058407596e+01,1.685800245430908006e+01
-2.051860222334654082e+01,2.831544919659494752e+01
-1.485899341255891670e+01,2.038181599296430946e+01
-6.628692442879227542e+00,1.280726212113513185e+01
2.314702618351037700e+01,2.273270072956863430e+01
-1.727780650939304508e+01,2.895459635038998414e+01
-1.108221478439927665e+01,2.470105540098666452e+01
2.364965582263181432e+00,2.264482347169653664e+01
-2.177568525616007378e+01,6.104361471298657449e+01
-4.904751692738706481e+00,1.150202273263371922e+01
5.047393702432565021e+00,1.535852337515192190e+01
-1.335145016424296216e+01,2.420220493229300018e+01
-3.540027170046826654e-01,1.624710278436538147e+01
2.955212290727821767e+00,-6.027079243518990381e+00
-7.916352222503526548e+00,4.683002329670580366e+01
-2.039041638745657536e+01,3.139782315937269175e+01
-2.650857987667585292e+00,3.890626744395945735e+01
-2.393140302200171732e+01,2.097118630368479586e+01
1.109338879617432383e+00,-1.119135174759222195e+00
8.097812365433526338e+00,3.286857955305552537e+01
-3.042140988220751296e+00,2.217092363261221877e+01
-1.673381077374025949e+01,-1.281433847267918225e+01
-9.705187035016379582e+00,8.152225697875138621e+00
-8.736713175189201763e+00,3.829920896402592945e+01
-3.261843900940242236e+00,1.082930257370735916e+01
-2.257837142236698469e+01,1.672222333037914055e+01
1.041000002994252327e-02,2.353808295327361577e+01
-4.642704798445429049e+00,3.109366891852306125e+01
-1.014141435467115571e+01,7.774162536955316227e+00
3.556267738389685462e+00,9.054264905259248764e+00
7.958368104346497773e+00,4.755429998203982933e+00
6.002490133235475867e+00,8.688141274646486778e+00
9.783317956628756917e+00,1.003746724383230315e+00
1.374007279081168775e+01,1.074817861674295472e+01
1.002034135855410568e+01,2.640324503676177770e+01
9.779638507833190886e+00,1.861135277472390470e+01
6.460339563482619951e-01,-3.433918117089120869e+00
1.754386046495611495e+01,2.504626916584461682e+01
4.513849498138064575e+00,3.393576762556390491e+01
7.152872697715622508e+00,1.887158071336336818e+01
-8.897533894158563328e+00,1.508999381536472484e+01
-2.735254585063827903e+00,1.293402447431648028e+01
-2.848996717171630166e-01,4.173584851201621149e+00
-2.296873111797660272e+01,5.944454225964907579e+00
-8.695610388036875804e+00,6.352995642833221268e+00
1.238361970917285859e+01,2.442140073429858305e+01
6.959286001059325599e+00,1.850673643476467944e+01
-1.308399456765897639e+00,1.587514352517345451e+01
-3.798124722164217815e+00,7.788102945869827209e+00
-8.949019151308611697e+00,-5.533485904773968400e+00
-4.546746897487373928e+00,9.172411549419283716e+00
-8.736497279454340514e-01,3.172040645352999633e+01
1.995332092369622501e+00,5.802131449948543462e+00
-3.192999729210156090e+01,4.784754474613620800e+01
6.056912813515296534e+00,1.071703261498343451e+01
-2.390302061891740948e+01,2.466111376302445279e+01
1.489863692692051345e+01,9.256900793006529682e+00
4.732412805600027639e+00,2.991809937370032202e+01
2.333427582000673794e+00,-5.906126738802484510e+00
6.551435487972710803e+00,3.029008547506236937e+00
-8.286345628541319286e+00,2.496904954280230982e+01
2.808650120706353448e+00,-1.322939175480001950e+00
1.373597482241171264e+01,2.149340568753558500e+01
5.697178028555988760e+00,2.538725521993180578e+01
6.824536781507397620e+00,1.805773701997736680e+00
9.969614369334927062e+00,1.557914641968980973e+01
8.127298369254816635e+00,1.249547617240445163e+01
-1.433419475462105197e+01,1.749005595798556456e+01
-1.929400628112830418e+00,2.392703261799220726e+01
1.512160329007249260e+01,3.332283644576517645e+01
1.239883310585968346e+01,-3.511307040515994515e+00
9.746843280957151023e+00,5.986735528904887360e+00
1.174312296925364763e+00,1.029907252822973263e+01
8.591011075395570629e+00,1.160953161288787072e+01
-1.016809062435299893e+01,-6.175488253604655142e-02
-1.691786825302259700e+01,-8.372563264759875779e-01
7.101892835751954181e+00,3.908899361854285104e+00
1.441068718855548170e+01,1.639311138423676795e+01
1.055388596223622244e+00,2.215028955333879779e+01
8.713729148389262491e+00,6.784421495427558568e+00
-7.218973299278246714e+00,1.402428716697684052e+01
-8.118193463521137687e+00,3.955448919795129825e+01
1.926079229424299655e+01,1.381171910958945404e+01
9.051467537947026187e+00,1.957096981570728644e+00
1.154237736362493294e+01,1.209357154348968066e+01
1.705201554797199037e+00,4.581835409884618571e+00
1.710687961844307381e+00,-4.209666052802340630e+00
-3.450140232427730780e+01,2.344986231912976393e+00
-1.535234776858528249e+01,2.457747172911641798e+01
-1.011069351856236409e+01,2.100466788945822572e+01
-6.400178734357432120e+00,3.282356581640006254e+01
1.738416506984264487e+01,1.378581663281920555e+01
1.949592567640470975e+01,5.579895606262589070e+01
7.585828649457880601e+00,2.180429283295461218e+01
-1.750770207069109574e+01,-6.454122337912586715e+00
-2.027268758677102767e+00,3.414462928653091467e+01
-1.562961260861072077e+01,2.550998399148486229e+01
1.835161631465422261e+01,1.368217081259600576e+01
1.014504918257350852e+01,1.569353996095309789e+01
1.353122451346521160e+01,9.914715046756516159e+00
-3.473279345368487725e+01,-5.201677005203670490e+00
-7.605253667311664856e+00,1.531699126834545766e+01
1.768375458505005682e+01,7.295674741383553652e+00
2.297121272968923833e+01,1.428112387779959747e+01
-9.028787165405560700e-03,2.330279604292052653e+01
1.320886592074623067e+01,3.111901626121518305e+01
-4.130092663040208834e+00,2.547866788796446613e+01
-7.043162736755427034e+00,1.249656336608280327e+01
2.130181031164150696e+01,1.961015887536137114e+01
1.498499373746887642e+01,2.544199965226464855e+00
-1.636063707551895874e+01,2.238050840511625950e+01
1.630839438916702022e+00,3.345793749825848806e+01
7.158692473481039542e+00,-4.337234249613622694e+00
-9.314293482107515842e+00,3.068151035243768732e+01
-7.719589364617235105e+00,3.161022172383426820e+01
8.112995586259053482e+00,-3.966482620520800140e+00
3.259859233041666471e-01,6.720586570678161564e+00
-4.554085610535821615e+00,-1.453532134908613216e+00
-7.272398569055511075e+00,1.418049380772519541e+01
-5.920644498334745265e+00,9.339541419812686485e+00
6.584129705427415047e+00,2.542254126630140476e+01
1.529089660512930493e+00,2.200740902896246354e+01
-1.315495785306491427e+01,1.132590175084352069e+01
3.845420435584486540e+00,1.219016036983975226e+01
-1.118209928880667547e+01,8.706069813456533524e+00
2.031954444179518759e+01,1.965616264407019997e+01
3.028614077131635440e+00,4.259717481075455225e+00
5.921775753271056431e+00,1.623834694797375278e+01
8.696983892060963228e+00,7.710355060807973615e+00
1.728625152473787807e+01,2.269193772222197936e+01
1.081288990106812520e+01,1.697831261569576355e+01
-6.830517721362959094e+00,2.034560369054389639e+01
1.021358259154742854e+01,9.963642923056497125e-01
-4.002633504017367727e-01,2.217856497394581794e+00
1.191696680739088876e+01,6.208000796371280217e+00
1.543006160680629080e+01,1.592285476998480220e+00
1.237023841242723066e+01,1.213573349912900312e+01
-1.330066442853457431e+00,1.485500948933085752e+01
1.035938784796391587e+01,4.200609257703259658e+00
-6.269521542599498787e+00,2.157582900117646219e+01
1.379693487626519399e+01,1.520978403216264851e+01
-9.361512199725169125e+00,-2.974192867954997155e+00
3.290807840885761948e+00,1.428862690115474621e+01
-1.958006604399805894e+00,3.070804282458482248e+01
1.903264864029243952e+01,7.301810598875640324e+00
1.869357240255576613e+01,2.637234417991896152e+01
4.581265869175048522e+00,2.083551118682314751e+01
-8.802713007587740890e+00,1.210221594894755626e+01
8.787357920637901998e+00,2.590497899272904192e+00
1.689056121365658569e+01,9.809578216495683733e+00
-2.581709250644118470e+01,2.079367954790928508e+00
-1.002258786474704522e+01,-2.822360582260948547e+00
7.705398268412650964e-01,2.364642247612875181e+01
5.071197020566735603e+00,3.566056801115681907e+00
5.157411003794159399e+00,9.621757853255854087e+00
-2.599299781606205784e-01,1.565633884664988429e+01
5.971492646953805661e+00,6.448000570337214299e+00
1.508201045135534102e+01,1.508910203888208912e+01
9.604156696279126493e+00,3.349673303165712923e+01
7.713180657046059707e+00,1.281408422186129670e+01
4.079918236484559202e+00,1.570652078642728000e+01
2.143299063579967267e+01,1.714789144300613444e+01
-9.744125991724956748e+00,1.385976565891170154e+01
1.774934762644846131e+01,1.654583777652320009e+01
1.783876250064651003e-01,2.649653605157034875e+01
-3.737117192005918298e+00,7.203079009585884762e+00
7.616337611162514065e+00,7.029627865508018658e+00
4.369511773924813269e+00,3.538208328603623443e+01
-3.235464407502993822e+01,2.231083103559797820e+01
-2.561001995433791478e+00,1.715759627798428966e+01
1.700556915695137405e+01,1.355118192140973221e+01
-8.966583611815863719e+00,2.288845657562083247e+01
-1.824249806413746455e+00,3.382915732321810509e+01
1.243633109521731583e+01,-3.382939232347929703e+00
-3.227848537344200963e+00,2.867577014637165789e+01
-6.475168984711956455e-01,2.998725813393964756e+01
-9.805363843477742591e+00,5.139209683117069716e+00
7.411461928162438539e+00,-2.464085128209354991e+00
6.367576674567111183e+00,2.213613967710335828e+01
3.339328004331925115e+00,1.947340894201314399e+01
-2.646998483356738063e+01,3.546340316625237676e+01
2.156255383587603092e+01,1.513330846456882028e+01
-1.092940642707508658e+01,1.725942347580350145e+01
1.568335649179486779e+01,1.502317921046744331e+01
-2.336568768411467545e+01,5.902914604213691518e-01
-7.350737096459027953e-01,1.688348658641048416e+01
9.535553251614551584e+00,1.114723983243522554e+01
6.729234483515874388e+00,2.028435062206877504e+01
-7.242672111681201841e+00,2.757827768027330606e+01
3.977305322381425867e+00,1.126538236663600401e+01
8.770292251340237044e-01,1.340616837124472127e+01
8.277871445320791111e+00,3.066859185225570528e+01
-1.661017687132279264e+00,2.677429014217575798e+01
1.955944899657339420e+00,1.936629024441183589e+01
1.168505129102044293e-01,2.956028295055816102e+00
1.399974239036666646e+01,2.832573058373819919e+01
-4.543489437687703969e+00,2.769923493393569558e+01
1.418417844258990357e+01,1.733410095862539890e+01
-1.298075846153423640e-01,3.083131300945173692e+01
-1.220865602063462063e+00,3.349984686802513068e+01
-1.820361004222237966e+01,4.627984063002681836e+00
-2.381979834602117307e+01,2.240195236326869832e+01
7.293587052188456710e+00,-3.879699567436489360e+00
1.054849924630766367e+01,-5.709191060405792939e+00
2.789232261948370706e+00,1.209475883837438559e+01
5.199862897263827222e-01,1.122965746171094636e+01
-1.028821305854278023e+01,3.049446373551305101e+00
4.375636460633863578e+00,5.121943737587148604e+00
-2.424171542523008327e+01,1.549399826204030717e+01
-2.303648019378279344e+00,1.626926340029650930e+01
-1.460076611672123903e+01,8.536809302418678413e+00
-2.895992047561435356e-01,1.279003884206708008e+01
8.898530233326596317e+00,1.393479405160213958e-01
9.560094553199192546e+00,1.484266926032744038e+01
-3.327380272680038331e+00,3.322662674416105233e+01
-1.366784726459725618e+01,3.729219736859512579e+01
-4.265585852671023304e+00,-1.195062116719903145e+00
9.097849224331511664e+00,3.192390029919103256e-01
-1.243786037826573931e+01,2.010225601608687995e+01
9.983858889954589699e+00,2.400658186368202962e+01
6.332231651244804027e+00,4.157980794680460690e+01
-4.269005956260009782e+00,2.550774247748093515e+01
1.329310998639034480e+01,1.709245138146317089e+01
-1.306937332984738731e+01,-9.555118159591913241e-01
1.993316741278977133e+01,3.760514598045862300e+01
-8.513835798358016405e+00,-1.124271589192242971e+01
1.775080810887621752e+01,2.061063600653766770e+01
-3.685098222028315718e-01,1.154309268192565696e+01
1.375660128035007546e+01,3.108861964247278564e+00
2.764062361170829263e+00,1.031432135511482073e+01
-2.782851338209681558e+00,1.878230426214649995e+01
-4.929747556942608355e+00,6.113247164866169925e+00
-1.003590198568274872e+01,1.499320328796509116e+01
2.346660904286977356e+01,1.224377247883167996e+01
-8.548162269016565062e+00,8.783434221035214762e+00
-7.720597117148244592e+00,1.854833367924499044e+01
-3.267595147046733928e+00,2.996628423821603704e+01
5.320626969487136648e-01,3.599139056830902916e+01
-3.213276334038198456e+00,2.662166344283161123e+01
1.740701323642774412e+00,1.496997054276973671e+01
5.193530201305399885e+00,1.148998559492028448e+00
4.494009570899301309e+00,7.269574066201318630e+00
7.521642064482335854e+00,9.701581625401814790e+00
-4.699676238506498294e+00,1.839908006528307993e+01
6.557268585438080777e-01,5.467090678327632958e+00
9.643858164521198262e+00,-4.265825441878433821e+00
3.152693792948220164e+00,-1.713731787864070100e+00
6.820683856660856748e+00,1.732010644538615907e+01
-1.514992571411293909e+01,1.443990156028150196e+01
-1.249148176707988966e+01,4.031821707238385954e+00
1.610094524705614560e+01,3.155218515977754734e+01
-5.645528247862380056e+00,1.891830095103534148e+01
1.846914366347535008e+01,8.431184843801524664e+00
1.140782972893674696e-01,-2.286505118038235196e+00
5.515885696328766130e+00,1.254914324584065000e+01
-4.809311922977727249e+00,5.059334722025863584e+01
1.797060389100197497e+01,1.569865392448319596e+01
1.181007381779970800e+01,3.606124541338245137e+01
8.417087317751111186e+00,5.661465492604143890e+00
8.557746881589878285e-02,1.682126079313496092e+01
1.502498711868935288e+01,1.809281497743065614e+01
1.652457387237524955e+01,7.452530455928609854e+00
4.969571748464026939e+00,1.363085844515553191e+01
-2.907050007255556068e+00,3.939277959897214743e+00
7.728789712600253381e+00,2.318465973129637092e+01
-3.629783672753156054e+00,1.146239731882277368e+01
-4.795741993420115534e+00,1.549302513261360659e+01
-1.965544610231283684e+00,5.584986529695274982e+00
-2.327899176084423516e+01,3.781824452078343057e+00
3.458639180251587675e+00,1.576705810428851606e+00
1.908593675210649110e+01,1.091789308334997344e+01
-9.936781951714451111e+00,3.085605853031803036e+01
5.416680071010766540e+00,2.004338829372924380e+01
-6.586744972964702072e+00,-1.547425984593718340e+01
-9.036676071661538856e+00,1.202698987650332896e+01
9.746502619455156946e+00,4.047887487613061808e+01
6.562802127985520428e+00,2.051538941517102899e+01
8.347858143656040397e+00,3.115647544707577765e+00
2.311433049073183810e+01,1.138432781534334026e+01
-9.945245784722658300e+00,1.934073465576587836e+01
3.319052058584269105e+00,1.147760066579893845e+01
-2.436816025506779226e+00,5.587661738219459551e+00
3.678600843175068746e+00,2.902312251861037140e+00
6.907483698386847948e+00,1.997022928717965939e+01
-7.867998492093164487e-02,-6.894202924956829293e-01
6.945225534629024366e+00,1.195091212896064548e+01
2.375689000691236785e+01,3.562550030831057768e+01
-1.043484218224428162e+00,2.798540218908450683e+01
-3.054296769062439409e+00,4.725167732474858440e+00
2.625450446077411470e+01,2.966811588976542069e+01
3.444472976219259408e+00,3.574888638648054950e+01
-5.675210731661294972e+00,1.836915956206737732e+01
-1.610307327660760279e+01,1.690549377180090573e+01
1.289886070841598098e+01,3.888671269927898777e+01
-1.313429519872030227e+01,1.141887721141344514e+00
5.026807547770609119e+00,1.681719881713737408e+01
-2.511941657543049189e+01,3.588822459995090952e+01
1.826630588806348143e+01,1.840092785525935426e+01
3.033706478472545598e+00,3.683758119267650244e+01
-3.133818170054070151e-02,-1.239941195464673029e+01
2.227437228340471975e+01,1.243787648542732782e+01
1.609684351726251350e+01,1.501374749873029657e+00
5.826385117898190913e+00,1.223400505238480562e+01
1.802445281594354753e+01,2.011248476300929156e+01
-2.189428554175236741e+01,1.540265370477858653e+01
1.496160391773337039e+00,7.732791306925729913e+00
-2.570938099447538150e+00,2.653100241165714479e+01
-7.059861337306472251e-02,-7.179344555718650156e+00
-5.386030870621709710e-01,6.060631510954571866e+00
9.411635094971799731e+00,5.168871709849852891e+00
-1.586031289490333762e+01,1.012841116820237275e+01
8.196929099250226614e+00,1.269361173666053233e+01
-5.685651044441485169e+00,8.864144405529973625e+00
-1.318331511950698598e+01,2.257483346301956573e+00
-1.480170906225832539e+01,1.514858827885014847e+01
1.402052160387258795e+01,2.167483213288164379e+01
-3.032642041868356841e+00,1.943381868539511359e+01
4.141764758924857404e+00,7.137906765378730256e+00
-1.056645919014605539e+01,8.825048725845491049e+00
1.498082921966641834e+00,3.195783373132275784e+00
5.875698703607021400e+00,1.800677891658239105e+00
-1.259274524382702509e+01,3.184348356932197532e+01
1.340181190597014904e+00,5.748023489665882835e+00
-1.115681310353343747e+01,4.457736345544226708e+00
4.304950068036447419e+00,8.417678903484791419e+00
1.669668002325828127e+01,2.892385585914119872e+00
-5.985440528808311456e+00,2.970753136306095143e+01
5.165653120263876019e+00,1.590862828624511138e+01
2.801408619504016428e+00,6.910301454843761348e+00
-7.763567896690702241e+00,3.549367732148748900e+00
2.006879776535228643e-01,3.658177987052209090e+01
-7.569609933651825884e+00,-7.475175209197857384e-01
1.865305263547117676e+01,1.823229805036861606e+01
8.638404200306460723e+00,-2.908344959649184602e+00
3.125310542569806671e+00,8.627276546702223214e+00
1.755232099687743741e+01,2.872479714937242079e+01
-2.681581213436614064e+01,2.999601565995381236e+01
2.092178115858146725e+00,2.043929778228675787e+01
-5.898713429854183232e+00,1.235441075312080983e+01
7.597371627112373460e+00,1.466845536706120612e+01
7.926889939289466724e+00,1.943016232509789631e+01
1.606146555355465821e+01,2.413630697772949318e+01
-8.942156097492741651e-01,2.735665561522947087e+01
-1.278702591995502047e+01,2.542258026439031937e+01
4.440929989126090049e+00,1.329598879642096421e+01
9.770861322552846673e+00,1.969883036440191049e+01
-1.281627128548375083e+01,1.768752010077034242e+01
2.116076866040721782e+01,3.358437969130985579e+00
1.591105178934050457e+00,8.071062161249081157e+00
-7.517855932860811663e+00,1.261401858896507022e+01
1.024778745965539883e+01,5.831162394294224782e-01
4.305444702708086879e+00,2.102281810826290354e+01
2.419381979763031154e+00,9.574366203944713050e+00
4.190258386958866765e+00,1.824801364614948795e+00
-1.104588046644295929e+01,4.635539091672626455e+00
-4.481113336513161016e+00,1.395490668483266461e+01
6.600725207767005998e+00,2.459173699350736086e+01
6.179573354480076830e+00,1.526986273825052010e+01
3.115630068970212108e+00,2.649461590606713557e+01
-5.944126090097363146e+00,1.968071412503338991e+01
-1.346928111696861663e+01,1.016594534503557767e+01
-4.891937400435956818e+00,2.213072433682583551e+01
6.505550546014404745e-02,8.042027203093418564e+00
-7.082593034900313000e+00,1.373067800958947160e+01
-8.391735204377141599e+00,1.535700566288793922e+01
-1.496364319615302918e+01,6.077891976754987269e+00
-7.165995659189441369e+00,1.773296251591104777e+01
-1.713576467262207359e+00,1.268419664271146274e+00
-2.089326446765692680e+01,2.052401977440364433e+01
1.765443683250038376e+01,2.538933584402707311e+01
2.008397606302089855e+00,3.659285551267860370e+00
-1.516980787411730347e+01,3.767065904206724269e+00
-5.338639922507155688e+00,1.327925124053180994e+01
-2.912551602659077332e+01,2.631929174497339119e+01
-2.828275358882639523e+01,1.717787728526987934e+01
-1.672711876987555968e+00,-1.153387676236959436e+01
1.089259979718933380e+01,9.106341422451038170e+00
-1.443724625838276410e+01,2.505876688798148066e+01
-2.090645447741977137e+00,1.731333786946728281e+01
1.569491899483567110e+01,-2.386494332619371050e-01
9.561124279550440974e+00,1.418327021003776522e+01
-2.816543705746940418e+01,2.806058611812024850e+01
5.780782560896355449e+00,-2.785815374069748884e-01
1.472581057652788772e+01,2.794811263159163417e+01
2.072778770464819331e+01,1.806153725583065750e+00
1.855129560066124839e+01,6.461731133518696879e+00
-1.696396577140413342e+01,1.773668727160735870e+01
-2.823443022176022055e+00,1.047201241067945077e+01
-2.533565333478590276e+01,3.029062552887726056e+01
1.246781412735940719e+01,1.605891966419731176e+01
-3.443282209856121767e+00,3.476724471966246455e+00
-1.309306633267894426e+00,1.029808300424607381e+01
2.343462452459696976e+00,-7.345467472361391970e+00
-8.834307394521943024e+00,5.632768960491507215e+00
1.980379136474300594e+01,7.904812496375253517e+00
1.076352453042780155e+01,9.114103118381443380e+00
5.388919900928826223e+00,2.163634036482662992e+01
1.274988639236995525e+01,2.503679226645652278e+01
-1.900176389597298510e+00,1.437821013009290994e+01
-1.121770718037860348e+01,1.857107203229497472e+01
-2.095977382427492586e+01,2.352425933490688692e+01
3.356197541245933280e+00,-4.739743214454293252e+00
2.143332121669416068e+01,3.652357234822343202e+00
1.320846438659920352e+01,8.951408545501905678e+00
9.086999169801401877e+00,1.213735114949571425e+01
2.157559494918324106e+00,2.560996319801655119e+01
-5.365123086375731987e+00,-3.184166563843355391e+00
-3.170221832864805833e+01,2.640731097302273511e+01
-4.637098882688817980e+00,1.845603658612650833e+01
6.292308694395714497e+00,-3.732132542219368077e+00
-1.071604205799442866e+01,1.132660537746143703e+01
9.086978206030380534e-01,1.916633879794121498e+01
1.115430233291385420e+01,3.749671627373744087e+01
2.017107756087845516e+01,1.087350692584995571e+01
1.789481817671699559e+01,1.415948218905653277e+01
1.128888512752908468e+01,3.514625052958692919e+01
-8.757683036240869967e+00,1.433443361202343169e+01
-5.725033375548214565e+00,1.757884484865859775e+01
5.912590552826053170e+00,1.317008245290558932e+01
1.675422455708686797e+01,2.317268979383082694e+01
1.238574846934248797e+00,3.346633996976947856e+00
1.910003177000980656e+01,5.612413308068539664e+00
-1.988362980770851607e+00,1.117685352739531623e+01
-6.070164700873370123e+00,2.097760413625257669e+01
7.289626677656563913e+00,4.677289175568070334e+00
5.127274219644391451e+00,2.175255603549712191e+01
9.510284977435077280e-01,2.337657846973710463e+01
5.825075884351953448e+00,3.561034631243181536e+00
1.191286092822192799e+01,3.140755467500448006e+01
-3.015937937775888145e+00,-1.732426920309364959e+00
-7.363046874936429731e-02,1.999932524863211114e+01
5.675050777392698365e-01,7.283096466815841552e-01
-2.551005744061475866e+01,1.950106937696029519e+01
6.597308529990854709e+00,7.268889895122587319e+00
1.386369331790315940e+01,3.997917248846789562e-01
-9.235866992942462161e+00,3.129779494896033043e+01
-1.912930453412887744e+01,3.894292119361434601e+00
2.302210636979663505e+01,2.252464937164670289e+01
-5.596748100700899897e+00,1.310610021845344875e+01
-2.199873753677283617e+01,2.558743710185109776e+01
2.215736902345824788e+01,1.983618498509682126e+01
6.467685124530241580e+00,2.002563120961325893e+01
1.061790110458486680e+01,2.533224254127453534e+01
1.315822026377914611e+01,2.694858120020473535e+01
5.780934546875691638e+00,9.833571608474318992e+00
-1.380409537677125087e+01,5.680326562121827294e+00
1.077205947222771698e+01,4.792233254708978762e+00
2.165086711540027409e+00,2.663316827335598092e+01
4.886312920356097322e+00,2.987968526949564207e+01
6.617704072530344206e+00,2.224319558026407861e+01
-1.500084410797434487e+00,-5.877662221973437795e+00
1.761403217614535421e+01,1.770365358506727560e+01
-6.813489348727742367e+00,1.608285672677893530e+01
-6.304696264151125717e+00,2.137627626632462352e+01
3.382250348699422204e+00,1.444138230925922528e+01
4.619874253318201340e+00,1.939359065993027542e+01
6.402199068547830052e+00,2.277558669527998347e+01
-4.392442544591432352e+00,5.977825781435356589e+00
1.015508428656093542e+01,1.151509959754186951e+01
2.399228797191266693e+01,1.519932144760192827e+01
9.569900524357500160e+00,2.260044082027898327e+01
2.596563846836019707e+00,1.048640312196254598e+01
6.344115784301223471e+00,9.238221498123770914e+00
1.118392702625719437e+00,1.049693871538933365e+01
-1.340425676473948613e+01,2.653292030417709668e+01
6.546263710523597013e+00,-3.181476928381492542e+00
2.045910387526275187e+01,6.842275094224042675e+00
-6.266693947107548013e+00,2.411513744229311484e+01
1.623258069971293693e+01,2.449572590587961329e+01
7.127293555797514557e+00,2.104616513037905534e+01
3.745709966480738728e+00,6.016237987398753262e+00
-6.206453546808560873e+00,2.658255581878488982e+00
1.846611663494008226e+01,1.972602434818053752e+01
1.673324015558458910e+01,8.366762549836618490e+00
-5.828032403171860665e+00,-3.541534478917540696e+00
-9.143461736479281399e-01,6.949729468764942908e+00
-2.581251996432098395e+01,1.394874777818669642e+01
-1.729544472813979894e+01,1.540916101207869815e+01
1.642587728906115885e+01,5.722997366047248846e+00
-6.811560101780173682e+00,1.001803036300549010e+01
1.403962331268716923e+01,1.731065537923015896e+01
3.035799629299553715e+00,2.086405054885826615e+01
5.894434449801067899e+00,1.903296134935045814e+01
-1.020384515010338333e+01,2.358885334976385195e+00
7.473517989419747209e+00,1.523153628208349275e+01
-1.103808033322366100e+01,2.085057623107361024e+01
1.196421558476626146e+01,9.036742071321089753e+00
7.301417168155914794e+00,2.547020945295529870e+01
-9.346571260980844897e+00,1.580476851478268507e+01
-5.940376139960953594e+00,3.958089023586221344e+01
-1.637783564779529399e+01,6.872059314446694600e+00
8.690676830805337261e+00,2.301328185579246011e+01
-8.728610145153162136e+00,1.935971337156972893e+01
-2.482698124267571416e+00,2.744129385470664673e+01
2.326415821113734239e+00,2.138197178648092489e+01
7.173977509443218992e-01,3.052703785711113582e+01
-6.120547292619058055e+00,1.750623921347128231e+01
1.316382680081149559e+01,7.093160032941725035e+00
-4.509173964349194819e+00,3.690774074961854723e+00
1.534081720074478383e+01,7.230629320442925945e+00
-5.352261233147018515e+00,8.079525863496460403e+00
6.161322838378751499e+00,3.033262662316643343e+01
4.096470752847899632e+00,1.080984049002110581e+01
-8.563383106297756342e+00,1.926422886964725834e+01
3.870662397803215526e+00,3.201480740934652403e+00
3.866707056273099852e-01,4.028666062946316373e+01
8.791189888047959755e+00,-1.392127404629931675e+00
9.094727767053008449e+00,6.703166948757086629e+00
-1.280932609620253260e+01,7.901852916759420253e+00
-8.970024672270731969e+00,2.388317661881629306e+01
1.228278805167496657e+01,9.595095728544848157e+00
-1.971446634383681840e+00,7.267668713180494677e+00
8.965339238273074329e+00,-4.274907451019217319e+00
9.305475732370283026e+00,-5.261803183363490177e+00
1.952764909990251496e+01,2.371554561054119503e+01
3.137142475232842287e+00,1.887150129818262201e+01
-1.339343735396852253e+00,2.400844656126252730e+01
8.678963698414634109e+00,2.179034248938079799e+01
5.753381691813970633e+00,2.514258345042080123e+00
7.451482990441036236e+00,2.131317925384041700e+01
5.901556481828691858e+00,2.174750209325771522e+01
-6.082935993913714867e+00,3.626712647270883849e+01
6.109205190212087189e+00,2.703428830572863006e+01
-5.847062405003697450e+00,-1.365550264172426864e+00
1.243470211819563076e+00,-6.026905918918146199e+00
4.496177083686092146e+00,1.993986714341625088e+01
-1.735446278737647674e+01,8.130251336324789690e-01
1.879291889535940285e+01,1.791712157661625682e+01
-7.828952907534208805e+00,-2.300092072145275779e+00
1.081051933485768757e+01,-5.337380403477709478e-02
3.717514694424089328e+00,1.932062980028686994e+01
9.480632969882023531e-01,5.856557026913115749e+00
6.677135924667659594e+00,6.664004596851242468e+00
2.516720375792282027e+00,2.322986713966071193e+01
2.833659427745715220e+00,2.299941107169582466e+01
4.893182114385659531e+00,1.812503229598194920e+01
8.534944458114921417e+00,7.612618482334667647e-01
-1.811810677237446754e+01,3.088416306346824314e+01
3.655598336321297381e+00,2.010644078950646474e+01
-1.432187611076269462e+01,-1.852176634611851114e+01
-2.652472916353596588e+01,9.683927648488893425e+00
-9.939026907881611805e-01,1.730796340338588024e+01
-1.487418009944759945e+01,1.132602833431042910e+01
-9.962266303582929083e+00,3.975441082777049218e+00
-3.006172492753290726e+01,-7.032457686290953802e-01
-7.317759417535121713e+00,5.607626100483869891e+00
-2.818895271859530283e+01,3.736458806233666508e+01
1.226276008131504014e+01,2.288018837391425819e+01
4.185352389953258978e+00,4.006146524244037721e+00
-1.022279624505704021e+01,2.050044175646258537e+01
3.588452041911658341e+00,2.921144851190246072e+01
-1.189584413761360082e+01,1.843064239312506913e+01
1.786943228470073564e+01,2.335370631352900972e+01
3.711908646604541673e+00,1.755628918815613559e+01
-1.548990250313976702e+01,3.592717182961025912e+01
5.030319549950441171e+00,3.440009429403463770e+01
-2.103434785120512629e-01,-3.804719894857321094e+00
4.548254513105419505e+00,2.059146697642461277e+01
-3.010491451126426909e+00,1.616041656303444185e+01
-9.631755063217816826e+00,-3.110830017218354726e+00
4.767902940606084883e+00,1.857988572827412810e+01
-3.412216574435682048e+00,2.644397003402955804e+01
2.871475693146379626e+00,4.479908571463359834e+01
-6.733647962161995792e+00,2.150569633172506556e+01
-1.376574105678507465e+00,2.487098758224254880e+01
1.661996943989905162e+00,9.251134937554926552e+00
5.246284331737456341e-01,1.553181835717411374e+01
-7.121720925042595240e+00,2.950190970763994613e+00
-4.905593820990858944e-01,6.635246030954604635e+00
-1.935195598695888464e+01,3.506090498005050904e+00
1.099605915745672746e+01,2.477970734828185329e+01
4.229874360953537860e+00,2.906951052650617484e+01
-4.124580545161997236e+00,6.555979143861158320e+00
2.043680391182648037e+01,7.200498709672277897e+00
1.045818551590964773e+01,9.747512849386190226e+00
1.716805949751000426e+01,1.156552762682164115e+00
2.196267261336387833e+00,-7.791863115169491039e+00
8.338565775470101471e-01,6.564935015622712200e+00
5.720884756706993812e+00,1.473958367329095509e+01
-2.334851209580861564e+00,1.253938254547490772e+01
6.363932223803637100e+00,1.007824769637387874e+01
-1.608407551531875868e+01,2.448066129502132782e+01
6.940516559683274522e+00,8.426409225146301196e+00
-3.169681098330634939e+00,-9.073022228085868335e+00
8.201547227437885113e+00,2.681313387979753315e+01
-7.595376894071215190e+00,1.133714604102636514e+01
1.529664552302079983e+00,5.414048608496575099e+00
-2.020470072569926856e+01,6.880285447159550927e-01
9.095249569406391288e+00,2.231755700358285566e+01
1.085261775941076579e+01,1.316353729617945589e+01
-1.183985369019708855e-01,2.259592398378527278e+01
4.336492264750333447e-01,6.349740123741746345e+00
5.183121751460575410e-01,-2.294384490811758326e-01
-1.471453154257442009e+01,2.524674661919588203e+01
-2.136711845809387000e+00,4.405405201422641426e+01
3.307711593939401951e+00,3.202749092272743781e+01
-3.973680367406352332e+00,-3.676367279161446788e+00
7.447169880363652794e+00,1.896183391960431663e+01
-2.695694509961906249e+01,6.507450397898288941e-01
8.951314056329358948e+00,2.737211369430055541e+01
-3.256121831407533307e+00,5.226210935511240052e+01
9.237890993000092976e-01,1.200543013674844417e+01
6.634793678027577357e+00,1.015799986622146278e+01
2.134322942651529331e+00,2.586050603226259881e+01
3.568533714712501137e+00,7.926402150664440427e+00
-1.413524152533433664e+00,-6.896449842213101533e-01
-1.616060742130088101e+01,1.880374382943471190e+01
-1.943893885809896460e+01,3.224581091908502373e+01
7.163947753828594500e+00,1.185505637912051569e+01
-9.260759011498763016e+00,2.783620898031510293e+01
1.381686704709517954e+01,2.515176798563476979e+00
2.982751221457149882e+00,1.287795443523222971e+01
9.930652636618404472e-01,2.154845933701388105e+00
-1.156370871745495776e+01,2.725022059052972878e+01
1.493077283646211129e+01,7.753593904359753708e+00
-2.466058143946142422e+00,3.327648480354581295e+01
1.899474093588654355e+01,2.762909023114293205e+01
1.790224390321408166e+01,1.459196550513935264e+01
4.797331378850692829e+00,1.742638368502052515e+01
-2.553717664524882025e+00,3.295192534621378400e+00
1.249199151535059826e+01,-1.035935454491912822e+00
-4.697770418191161923e+00,2.542342966136281746e-01
-5.326135363811772550e+00,-8.605221631603768628e+00
-3.195165131613102005e+00,2.844389959625838671e+01
2.707695803647283128e+00,1.600103354200676264e+01
5.917848604177365246e+00,5.019531027208429919e+00
-2.497872554552851909e+01,2.859443025744432987e+01
4.195649138729436345e+00,2.790318362354270221e+01
-6.792935855290451741e+00,2.839795275353283088e+01
-2.208177489300662444e+01,2.097809302578920665e+01
1.146770818740593967e+01,1.268914749167022293e+01
1.044296860328318388e+01,2.306108067786074400e+01
7.725064339297603055e+00,3.469241944397516164e+01
4.009547795045584451e+00,3.099739911762802791e+01
1.360745344325081874e+00,-1.332409537793317611e+00
-1.307643570939646338e+00,1.485893145486487299e+01
-7.077102841141531542e+00,6.154967017062858758e+00
-1.637166338263824628e+00,5.504822446589230367e-01
-3.866074202095128953e+01,3.069712894847818774e+01
1.007777725154444681e+01,2.818768674037213628e+01
1.630219161872405209e+01,1.421318204313700306e+01
-3.940485287709037721e+01,3.504625050819969800e+01
7.223030420670369267e+00,3.657694399027313636e+01
-3.568455385532018909e-01,-5.921567156273965793e-01
1.263603339486283517e+01,8.587570543248951083e+00
1.633605552013875339e+01,3.654742979074401887e+01
3.243284545644009143e+00,1.604177718998761293e+01
-1.831663289327701705e+01,1.020593314607513591e+01
-3.043154153006916829e+00,1.265120727744991669e+01
1.008817363434395986e+01,7.646952928184802545e-01
1.299080564493863221e+01,8.363593370482178102e+00
1.291407223476338473e+01,6.269913649016864099e+00
2.038557692817185441e+01,3.768872479960469946e+01
1.779129242450033388e+01,6.621410408026587646e+00
5.226762524029133772e+00,2.671345427776862991e+01
1.309315079764632728e+01,8.870323888652034583e+00
4.179904927759992006e-03,2.118270990963755196e+01
-1.244299313038922605e+00,2.580988333470095597e+00
-5.565818295248557490e+01,2.473437070915153413e+00
-4.894799926314085781e+00,2.110327380327294478e+01
-7.895880738690351563e+00,3.047367028737290795e+01
-2.046092010647692661e+01,1.747492724542957632e+01
7.618891996588175175e-01,6.351159050559868291e+00
1.451270805440582023e+01,2.347067245069418817e+01
-3.868893362303658989e+00,8.620520288215651306e+00
1.213033145505566424e+01,2.276536473948426220e+01
1.674091049950682475e+00,2.266845499677464915e+01
1.053945977761241437e+01,3.219079372568253916e+01
1.748104895058660802e+01,2.293661273857038907e+01
2.835721322098997632e+00,1.518070442481466742e+01
6.534474625709627560e+00,9.257039556259559987e+00
-5.999100499840039902e+00,2.441702582233643781e+01
9.238674613410175596e+00,2.801521932913146529e+01
3.227987832855056638e+00,1.351300580859965450e+01
-2.797393034429531156e+01,-5.073960602591398583e-02
-1.129262252418435253e+00,1.147954711552341323e+01
-4.091872010966376649e+00,-1.815284474260927539e+00
-1.167105510288530468e+01,2.157978548361661808e+00
1.628459020632769949e+01,1.573854497863384694e+01
-1.575252420578556922e+01,-5.143973879790138426e+00
7.580939798573389510e+00,4.289357863674126747e+00
1.388285985280269585e+00,1.242209737161098104e+01
-7.770495014269513945e-01,2.577899761420953695e+01
-4.467006457868940572e+00,-9.720297087744505404e+00
9.802109484533467310e+00,-3.708623051254747338e+00
-4.309336756535770974e-01,-4.447416750393557550e+00
1.474690509821351370e+01,5.121557479065664609e+00
-2.706398444533206771e-01,1.851513267090562209e+01
1.975683034248014280e+00,6.542643667289102183e+00
8.544216527305472653e+00,1.988550782242203852e+01
6.656715741880958603e+00,1.149772286386949816e+01
1.265363254921885527e+01,1.920501728019746679e+01
1.052482577913046669e+00,1.245484175825949436e+01
1.762202349409580293e+01,2.802758568776056336e+00
2.014869226744714581e+00,1.141671680576764913e+01
-1.261584807469574798e+00,-4.842230231424181852e+00
8.214815605357713935e+00,1.496051030081333977e+01
1.277746729470070264e+01,9.691289649267364581e+00
2.700451624877997148e+01,6.311524166676512948e+00
2.061661224443480478e+01,5.385791286077090234e+00
1.359550650640284886e+01,4.059877828073060613e+01
1.205288569436733681e+01,8.657598805430286149e+00
1.536791687223275815e+01,1.400738358870316347e+01
1.345590861471401567e+01,3.100039680509670603e+00
4.347402084609008455e+00,1.631897939926167851e+01
5.397299557733362008e+00,1.209593603862952094e+01
2.002386893435057402e+01,2.777392101085712994e+01
1.102220114853082578e+00,1.278071912167023072e+01
2.018128713356392367e+01,2.620201568257683533e+01
1.861618366946841974e+01,1.515276716445799465e+01
8.687783315230525716e+00,2.896620999139774000e+00
4.261809553078535373e+00,2.622082436472112477e+01
-1.273315805769471609e+01,7.850596610004188847e+00
7.946852590935478133e-01,1.377697430093456887e+01
-1.272958331893644868e+01,4.461914411085999177e+00
2.111594573120923002e+01,1.025449219780486132e+01
8.472410314013195887e+00,7.517584169471049904e-01
1.524208622454452211e+00,9.495892833797260124e+00
8.869219088019086428e+00,6.642209457635775749e+00
-1.345556808218134393e+00,2.953098598359547111e+01
-1.283387546223067943e+00,-1.286306760633735280e+00
-5.808759153034372957e+00,2.431980341379128419e+01
7.577776291394528130e+00,8.319322064539040440e+00
-5.080902702325303721e+00,6.593231803661339541e+00
-1.439430832999464371e+01,1.276281984121065705e+01
-1.205972959320273930e+01,2.832335373171023107e+01
7.446175548658075627e+00,1.013271383018925320e+01
-6.629584802423174494e+00,-1.221184513429784602e+01
1.088963734259262139e+01,8.465604523368746470e+00
-1.579786542701259577e+01,3.495693612963027874e+01
1.527402375799816525e+00,2.344116815525972441e+01
-2.713174768973281914e+00,2.042782524158486268e+00
-2.180704591367697276e+01,3.691551678712222895e+00
1.202111608404756282e+00,-8.381828632847501126e-01
-3.788668176970602985e+00,1.557645199024990035e+01
-2.292896556299233168e+01,2.779471856796142148e+01
-7.949865381152847021e+00,1.821651103573179142e+01
-2.724512125447685094e+02,-1.778008539614322814e+01
-2.171405753484983165e+02,-2.649851163608011717e+01
-3.182550034531833489e+02,-9.706732664824320977e+01
-2.737291156095953397e+02,1.568121160569871897e+01
-3.854874265140041416e+02,-1.724304245560615811e+01
-2.314221230067685724e+02,3.334391864310213549e+01
-2.432289945713542920e+02,-4.179215268803630323e+01
-2.692700038961944529e+02,-1.044370156855987091e+02
-2.293196715463750479e+02,-1.211009009815371655e+02
-3.077641163228469736e+02,1.811484237453026225e+01
-2.114246413189688667e+02,-7.715534067102908011e+01
-3.251562647978468590e+02,3.991301778207788686e+01
-2.087571353198580084e+02,-8.723834414358879030e+01
-2.916011636967721188e+02,-5.482116452222188485e+01
-4.769488142525820535e+02,-4.928576972170512960e+01
-2.753127132289419592e+02,-6.024095798268012203e+01
-2.132862405022863186e+02,-8.706795183376922864e+01
-3.178775040158187153e+02,1.206440830672190430e+02
-2.701595330289356411e+02,-3.828057060680155388e+01
-4.660463259854790863e+02,1.951781088411889016e+02
-2.575019933009416491e+02,4.968093842452974229e+01
-3.616950575300714945e+02,-1.452564370262911098e+01
-2.459348639685921967e+02,2.585897093890491050e+01
-2.865709365159613640e+02,4.092609808455685538e+01
-3.582823076885775890e+02,-3.478695280128214762e+01
-1.845460219299278037e+02,-1.223279305668292523e+02
-2.851119307128265064e+02,9.118252126660841839e+00
-2.717552686620330178e+02,-6.486740984135320787e+01
-2.964973663086189504e+02,-1.270903480269664954e+01
-3.015780635329481356e+02,-3.127539830935794640e+01
-3.019607440751784679e+02,-4.555248703362939722e+01
-2.340527035353379119e+02,4.851394907039345838e+01
-3.409046421019114064e+02,3.553772029939365495e+01
-1.842301271867215178e+02,3.117815552079331809e+01
-2.629435054649611061e+02,2.217314703262552200e+01
-3.791689241230008065e+02,-2.345137282962972591e+01
-2.762285265979935502e+02,-1.132382503867746237e+01
-2.319114247474685726e+02,3.497137808364524147e+00
-2.007780045761317922e+02,5.684900026736659839e+00
-2.374117105514496870e+02,-2.787539799391709039e+01
-3.096212398539128117e+02,-1.049057346508034527e+02
-3.090070948615073121e+02,-4.155746298634125679e+01
-2.786857891592870828e+02,-1.499683226573227302e+01
-2.633454312838214264e+02,-1.060036734129748766e+02
-2.251738181112830262e+02,1.143192830054737996e+01
-2.634327450358446754e+02,-6.617923643089270058e+00
-2.503876773126189050e+02,2.460211112556105562e+01
-2.135368944825146400e+02,-9.664052135564892865e+01
-2.457893837165717628e+02,-4.470113189921537611e+01
-1.803700132262011095e+02,-1.345323331004427985e+02
-2.209135896527907335e+02,-9.501218685683366516e+01
1.342596308361976654e+01,-1.595380141292443454e+01
4.031253533247684828e+01,8.103099056611213769e-01
2.134338311735284321e+01,-2.572153484322434736e+01
1.598312379584450582e+01,-1.675248330833159827e+01
1.198346305639912046e+01,-4.579625612003162871e+00
3.793316653364706781e+01,-8.360644695957478234e+01
5.430208664822467313e+01,-3.768767606215573807e+01
3.879281184149019879e+01,-8.594408554666415512e+00
2.934819522963501015e+01,-1.033331059182620493e+01
4.465806034736523600e+00,-2.221383938409075398e+01
2.906847763286591402e+01,-8.428772762154167708e+00
2.366322359887603355e+01,-7.263047153461511130e+01
2.387733582753708461e+01,-4.784122367397669251e+01
3.094590098474926876e+01,-9.973532138918749013e+00
2.662279761605901740e+00,-8.231820509849873702e+01
3.678128715779591573e+01,-3.004906876096799095e+01
3.368929245041551468e+01,-4.961773593251121639e+01
3.307090820471246673e+01,-3.049394231666069999e+01
1.953696513299122373e+01,-4.089646437311288452e+01
1.744127658356288535e+01,-1.550857168667224784e+01
5.907450713750979077e+01,-2.728397123310143257e+01
4.894499267021930677e+01,-2.676868038912230219e+01
3.092669522230540480e+01,-1.577779301988424265e+01
8.434224781531582948e+00,-7.754914280275755800e+00
2.577538487396606470e+01,-1.852067025323256644e+01
4.653840143714835165e+01,-8.287667159770896319e+01
3.592872149507473267e+01,-1.540890569089333439e+01
1.509138041195880220e+01,-5.606681661548883255e+00
2.556709001284275473e+01,6.709311931305492749e-01
4.876737405783143231e+01,-1.973553828155974799e+01
3.758185330718110606e+01,-2.521720601708115339e+01
4.234798142142311406e+01,-1.257339929761182162e+01
1.657706315214389292e+01,-2.040252700041722989e+01
9.640026572545025374e+00,-1.681445452499279725e+01
5.277774483989347232e+01,-2.178276165488016147e+01
2.085185431528273625e+01,-4.323699312409375040e+01
3.527575747811906126e+01,-2.434781794669699195e+01
5.738051414301942543e+00,-1.138696253542656223e+01
3.543051715724222106e+01,-3.512465666754359717e+01
2.029028561294423838e+01,-3.718851724599843322e+01
2.313759293873783562e+01,-2.556380956122097103e+01
2.407222741268481414e+01,-6.398421277892708758e+00
1.785955731241657318e+01,-2.679568506244935833e+01
1.279974235796598236e+01,-1.175855905026264736e+01
2.511934155353623765e+01,-1.836783729206469928e+01
1.721215269378699730e+01,-2.465236781081006256e+01
2.647571147169291450e+01,-2.488151816571402009e+01
1.096957548485270806e+01,-1.722016891739080791e+01
-1.256710052981965475e+00,-2.383763347646993225e+01
3.519063158665872493e+01,-4.645757397133940714e+01
5.010730195261729136e+00,-1.283490025527455458e+01
2.423868286288080398e+01,-3.782358983740664371e+00
3.061375186454171171e+00,-2.193316922477035291e+01
1.028498885796502549e+01,-1.680360058055081396e+01
2.375486888882993242e+01,-3.359471905417627369e+01
2.373555761632540850e+01,-1.837080364961947510e+01
9.678036302420615300e+00,-1.029154394289297159e+01
1.015831999384146656e+01,-2.045793227131591152e+01
1.920031825670190173e+01,-2.769243267147862042e+01
3.622232218970753337e+01,-1.708095234463010570e+01
2.621822699616329189e+01,-3.183709818460778251e+01
7.428651866919345537e+00,-4.765753853723843747e+00
8.433269301655158756e+00,-1.166938355889270440e+01
4.639660537292106568e+01,-1.594930082399592663e-01
3.653709668816733824e+01,-1.101458778651446124e+01
3.691181779574762345e+01,-2.529623405327748031e+01
2.856468356843495116e+01,-1.522633815193026408e+01
3.068112392264734467e+01,-6.251651235613287838e+00
2.401126484063672351e+01,-2.121782389090441256e+01
-6.135978720804565967e+00,-2.014441299336508706e+01
1.463358348750874782e+01,-1.107308756546624551e+01
1.948019156211203295e+01,-2.537125845708391125e+01
1.900314690857490874e+01,-1.968369129558237773e+01
9.005606008537519358e+00,-4.252192474792868637e+01
-1.254028518644580714e+01,-2.927739235791533901e+01
2.751298003127843117e+01,-1.536087931906577353e+01
1.732959930264519954e+01,-2.106109472882293687e+01
3.029966767163134733e+01,-1.066145824483380267e+01
3.862899931240477258e+01,-1.891763643734527989e+00
2.848294623909168877e+01,-1.646557360258604774e+00
4.271712657830769899e+01,-1.982739237847415836e+01
6.988520496190758990e+00,-1.358678019219088640e+01
9.659565733396959786e+00,-9.548422624782915591e+00
1.684805737589395846e+01,-4.619529786597645682e+00
2.628745940672938275e+01,-6.544334982078439111e+00
3.415169898689750028e+01,-2.704368679584655411e+01
1.304001674344034001e+01,-2.664289935137698251e+01
3.815490244344110948e+01,-1.721098739344328976e+01
2.107946317882739606e+01,-8.391755333918816007e+00
2.621893816736406535e+01,-2.051750536480940923e+01
4.052553278861213926e+01,-9.088446072193406167e+00
2.229326490867961752e+00,-3.700552096047695017e+01
1.231100081338736629e+01,-5.284004765530120551e+00
3.749514611804941211e+01,-2.872744484746092297e+01
1.003431718665424910e+01,-1.023602229754244775e+01
2.481438762744182469e+01,-8.373469193794598198e+00
2.729790413142303507e+01,-1.551038696842039855e+01
1.976678592145437818e+01,-3.006553792327221686e+01
2.171201562881581992e+01,-5.085743654275561454e+01
4.064429988812024419e+01,-2.460959514493536915e+01
1.854652051928255219e+01,-1.367702469420380140e+01
1.784889510007439739e+01,-5.902506194547065377e+00
2.556357287410293821e+01,-6.363057548682895970e+00
4.517596270462946251e+01,-9.603889704704059227e+00
2.043382077188866930e+01,-3.510691687470814060e+01
1.173826194016753632e+01,-2.547764308668030964e+01
1.880126235402848067e+00,-1.655089847304304840e+01
2.689342913279271485e+01,-1.832865574628556260e+00
2.570059808750846386e+01,-1.034139614048695677e+01
5.941651704860021255e+00,-8.461077314814325234e+00
4.238265897865338161e+01,-3.216910295547859988e+01
3.569198774913119365e+01,-3.051117015348777528e+01
1.891611450901427105e+01,-1.885650137033308482e+01
2.374301398737098268e+01,-8.719695459341146204e+00
1.787684828551048000e+01,-1.731755675137500816e+01
2.738791869478046692e+01,-1.619751363558534507e+01
2.279860972318634538e+01,-9.498900865948641581e+00
2.344288619342993840e+01,-2.534635111015075637e+01
4.058446123881218170e+00,-1.568116895459938576e+01
1.629278256504599653e+01,-8.755599292088682262e+00
1.030289215104141221e+01,-5.363324326319109048e+00
2.552874367206504758e+01,-1.155495179219227708e+01
2.105914956442902763e+01,-2.482032482768820358e+01
3.023345014440999989e+01,-6.387476151697505600e+00
1.887841169214962989e+01,-9.596087526092510700e+00
1.717221651014230588e+01,-4.480457714871145214e+01
3.093526294375936203e+01,-2.365629129987171098e+01
2.294963661440075597e+01,-1.088898125308857345e+01
4.813435280573698094e+01,-3.104165811337705350e+01
3.714332831572366445e+01,-2.125289231326551231e+01
6.248149221343098247e+00,-1.660830569281147717e+01
9.304446412668177402e+00,-1.983267803642340255e+01
2.320304381199247246e+01,1.065532891494054724e+00
1.441359352604571242e+01,-1.680701450753215909e+01
2.207684373830608493e+01,-1.861217824203556859e+00
2.042097012190439642e+01,-1.687249640985456978e+01
2.535144380075439940e+01,-7.433187572754540895e+00
2.965575312058484414e+01,-9.617967124020708525e+00
3.938815335102323445e+01,-1.402934704825746337e+01
2.911692776908402180e+01,-3.395189026134818988e+01
3.659951412188689801e+00,-1.993957481803998633e+01
2.312100504608887874e+01,-1.528663710588514135e+01
1.499671243448022295e+01,-6.566560819635094504e+01
2.688675122366583992e+01,-2.051856888259457179e+01
1.222538296024039539e+01,-9.185003690057996550e+00
1.438694900714722635e+01,-1.371841042529625554e+01
4.065783130124996347e+01,-1.031823594238348107e+01
3.713744322450552460e+01,-2.294872125726065804e+00
1.785823513870536772e+01,-4.578304171335183526e+00
4.711280034503724323e+01,-6.985157348331220817e+00
1.405477716318191028e+01,-1.875990282578602120e+01
4.228430277255534264e+01,-2.083291319408724007e+01
2.702981814568585861e+01,-1.492648150281094388e+01
4.923028027086462544e+01,-2.912330439707029939e+01
2.071105204732411309e+01,-2.396048993315503139e+01
-1.836981781039391137e+00,-2.034535834243899899e+01
1.171253009331365647e+01,-1.547473021713030050e+01
1.287211977142729680e+01,-3.973346952974342372e+01
-9.640737950143360990e-01,-4.315054301936580572e+01
1.122732496749411624e+01,-1.814632472420940701e+01
1.555380457203007438e+01,-3.170345569950314513e+01
1.303541853278928642e+01,-1.828664605424160072e+01
2.459195496990530572e+01,-9.629118671166764898e+00
1.616158157785786287e+01,-1.549597567230520667e+01
2.008071206920003249e+01,-7.538706736392782659e+00
2.259861409998108073e+01,-1.383347615408010256e+01
2.784842610450323974e+01,-1.147555282766937523e+01
8.676890396571359076e+00,-1.843432162587360779e+01
2.982394899106223107e+01,-3.511299096193518210e+00
2.687542980566692918e+01,-1.463794416562632961e+01
3.192712475470484179e+01,-1.823780749568123838e+01
-1.246795544677695489e+00,-1.328145667577557276e+01
1.707510377183131567e+01,-1.840656882102561553e+01
1.824011269344346076e+01,-1.607452749325464225e+01
4.363929181714028971e+01,-1.098638359513457630e+01
4.539450198259575586e+01,-2.239880233055549041e+01
2.453856362999301410e+01,-1.391218370921407654e-01
2.227461175455474063e+01,-2.850522048179303169e+01
4.884137320367773327e+01,-2.042528302022830644e+01
1.212605223984013492e+01,-2.037991877007830510e+01
4.042544094906572383e+01,-1.968040260467262215e+01
-1.130283919193735898e+01,-1.778222375464778082e+01
2.611019403304311481e+01,-2.282052641970607709e+01
3.527590206117631055e+01,-1.504310697364448401e+01
1.836743878394941021e+01,-1.523184412428896906e+00
3.517402951958676738e+01,-2.846481788966966775e+01
1.316028832466384912e+01,-8.826722951794025107e+00
2.606612779922195244e+01,-3.372180127376309855e+01
4.635310664845510331e+01,-2.011306992717405251e+01
2.331995532984393193e+01,-4.033065117267842226e+01
3.360867441738858474e+01,-3.656401211588221400e+01
3.289892704391540690e+01,-1.297030221930481986e+01
3.077595297009225561e+01,-9.505196913548132898e+00
4.064507412364302041e+01,-8.728514912921063740e+00
5.295304635278242245e+00,-2.805584174858109492e+01
3.668304158118608882e+01,-4.306066673867903205e-02
2.755072915776892728e+01,-2.981861487319482507e+01
2.609378349934094032e+01,-3.119864645000758685e+01
2.777668212440906359e+01,-2.537597904702467844e+01
3.149208530430742314e+01,-1.370034846601792111e+01
3.043117108798411863e+01,-2.390521664541717684e+01
1.704567227831482157e+01,-3.008598078275889520e+01
2.425254014202594632e+01,-2.973636537837936800e+01
3.786249491643077647e+01,-2.293397188716520674e+01
3.618835930974370996e+01,3.221576717944820700e-01
1.824299505985062808e+01,-2.800727634112296727e+01
2.288110700090519600e+01,-2.205873102155769772e+01
1.422669998054365692e+01,-7.769553158008989158e+00
3.655542453958128135e+01,-9.304695468397696345e+00
3.873525847496556196e+01,-4.267140726758526625e+00
3.068592804651055062e+01,3.500842378646400022e+00
3.878575068828902062e+01,-1.369161626641579232e+01
2.290685124402090267e+01,-2.006676522279445862e+01
2.106673668241670327e+01,-2.859068177681632505e+01
1.867812941742954891e+01,-1.582285775745265965e+01
2.434858113795938550e+01,-2.214586255609939514e+01
1.742108924199612829e+01,-1.105519371514681382e+00
2.226967453898668126e+01,-2.597862101777389654e+01
1.785981709568259390e+01,-1.036764471097607299e+01
4.606130510986524484e+01,-1.148139525124266669e+01
4.676015295578882558e+01,-2.248787738975197925e+01
4.479391115491364417e+01,-2.549247003512021337e+01
2.683159984874622594e+01,-5.615362019707681185e+01
8.249371963589794632e+00,-1.863718541800022166e+01
2.716947791166584381e+01,-3.585399380265236147e+01
1.846067277035127674e+01,-1.112727242234705471e+01
4.926333924950299092e+00,-1.685277557175930951e+01
1.122501421256994192e+01,-2.314332790027412301e+01
1.441668850473054775e+01,-2.099596706461123574e+01
1.587273158635634474e+01,-6.878891745011102898e+00
4.364767441443401452e+01,-8.481255740840325075e+00
1.237784170442342457e+01,-4.012964509525126999e+01
2.006211192077302030e+01,-1.008469930503653700e+01
3.571159044959142648e+01,-2.606855052251567884e+01
1.303458876977416026e+01,-1.951800677125689987e+01
2.452415401521234628e+01,-1.855390272107772631e+01
1.944940706079995607e+01,-5.422203527619693375e+00
3.031130580970356192e+01,-2.721815822840397203e+01
2.973848139980571048e+01,-2.937519714814067839e+01
1.138204904501538550e+01,-1.701871042951930235e+01
4.499540025834129864e+01,-4.910446293471917301e+01
-8.484133769466595254e-01,-1.121086961604148513e+01
7.599165408972631042e+00,-1.725731723492187086e+01
2.728132601229413723e+01,-8.688101530253639737e+00
1.546482913645392543e+01,-2.137615845715913565e+01
2.286433809362901570e+01,-2.156539228724465573e+01
5.411898415794618700e+01,-4.228103624306290698e+01
2.371110025741456084e+01,-1.093902522775551489e+01
7.588975167143878764e+00,-3.823032082129365250e+01
3.791945195176087680e+01,-2.482243040332539863e+01
-1.119335164090820456e+01,-3.309128103474706251e+01
4.807537655662520848e+01,-7.703742337929375594e+01
2.488336722132588363e+01,7.955594650226771591e-01
1.943915552374036793e+01,-1.243477356591643002e+01
1.367158066024790486e+01,-2.165820734502119649e+01
1.539577453105446736e+01,-5.060958062603326368e+00
2.654308306154670305e+01,-1.020605736269526176e+01
1.446688806922417925e+01,-7.386199857922250089e+00
3.118889654140635059e+01,-3.434040542655841222e+01
3.119614469281302149e-01,-2.459964114571099714e+01
1.105097142326376414e+01,-7.033931141017482958e+00
2.225662682820337679e+01,-3.177303722302055888e+01
2.481791018846126562e+01,-3.460814179677488056e+01
2.544453836355074117e+01,-2.651182559178446496e+01
4.366254307180890493e+01,-2.481981713073835749e+00
3.723252906478457902e+01,-2.042542034612903024e+01
1.129999537022364464e+01,-7.597725207444874229e+00
2.359742453466485657e+01,-1.793392473272568566e+01
2.529333142927833933e+01,-1.584162068182605054e+01
2.257986391662818448e+00,-1.349938819872245688e+01
-4.420981662357959863e+00,-7.638505231048804944e+01
-1.264487581783562575e+00,-1.348541757949742959e+01
5.845083063092841513e+01,-5.522486748291388636e+01
1.058093162021834388e+01,-5.248053507105865378e+00
3.974536120669032613e+01,-2.321609514797882667e+01
6.663580044236816491e+00,-2.545477061136759289e+01
1.853215548488014619e+01,-1.620790821341304166e+01
1.738177324143815028e+01,-2.005647611528458896e+01
1.265086591208195799e+01,-6.636232166602979987e+00
1.190811995478770058e+01,-2.359686564230050720e+01
2.957919668055973972e+01,-1.040138782528286754e+01
2.070824920182233342e+01,-1.331803747861505371e+01
2.358043273931510697e+01,-1.680590070875600617e+01
-1.083918353496798659e+00,-1.344433474657643757e+01
3.739529516520916275e+01,-3.863666775197287251e+01
2.609110870150216854e+01,-1.015132211773907756e+01
1.682349096703026703e+01,-1.262579311539501958e+01
1.257524081534295846e+01,-5.190071373486503603e+00
4.564419708202805737e+00,-1.178392226793636155e+01
2.633070569743035350e+01,-1.841079858391310609e+00
2.346317995710182913e+01,-2.104690727381753135e+01
1.995000508087640867e+01,-3.594798096892613870e+01
3.297664693941382552e+01,-2.021419511260103974e+01
1.991078832188986070e+01,-1.734248701856225239e+01
1.346749459836746965e+01,-9.699581545320882014e+00
4.775839526256855549e+01,-1.244776910621327914e+01
1.484636810465247336e+01,-2.781598757503616781e+01
1.408980957578137705e+01,-6.929654585859921667e+00
1.155254972621039045e+01,-7.225799017606341579e+00
1.601428259132760346e+01,-2.191259077669683109e+01
3.180267560713235042e+01,-2.886788830091407476e+01
1.722287016610011179e+01,-2.134175952541789201e+01
1.090481105384069593e+01,-1.332407970387003360e+01
1.888972517987411948e+00,-1.700899962815837085e+01
1.962567637485187788e+01,-1.028926644306088178e+01
1.091112198435642000e+01,-4.168415554766537667e+01
4.575861195802477965e+01,-4.715820600865379930e+01
2.307845945370310048e+01,-4.522316779021249289e+01
4.033822455315981159e+01,-2.546013323763992275e+01
2.004679517452400361e+01,-2.936593586666936062e+01
6.148429350794474146e+01,-3.154879622200039790e+01
1.099881096217333720e+01,-2.155144597563534603e+01
1.563205217934952529e+01,-1.328881560693590558e+01
8.791260071322582803e+00,-4.662934300162927315e+01
2.520959938696449498e+01,-6.653509000545128060e-01
2.176234201577716121e+01,-3.758862412950255560e+01
-4.262658823723846524e+00,-4.552685180990470570e+01
2.083895409156870571e+01,8.154220378350558462e-01
2.372545870900614062e+01,-5.708479883633117424e+00
-6.346867343201168410e+00,-2.199268912601091586e+01
3.171837700275643357e+01,-2.568643142681388269e+01
5.185549252577622781e+00,-1.393322865297412250e+01
1.275912578561777977e+01,-9.955290083608332452e+00
4.340015302997782953e+01,-1.694179185764184581e+01
4.738191542895455655e+01,-1.777717029279463645e+01
1.977697704276807400e+01,-1.693066221008118788e+01
1.129288698818459835e+01,-2.767844713472553764e+01
3.492141988066451574e+01,-1.282115703279627894e+01
1.114947063018815143e+01,-2.656304355147942431e+01
3.089188956395322450e+01,-2.249189543113372736e+01
3.129932182696547471e+01,-9.992639162944179532e+00
3.959756515177222980e+01,6.324050344121090461e-02
2.136872603609453236e+01,-4.027906091408535616e+01
2.502932629445907509e+01,-4.072409292594017671e+01
2.308970681395673807e+01,-1.479845530504987039e+01
-1.267710498167792110e+01,-1.450613540852525318e+01
-1.986058548747053010e+00,-2.416721104660410901e+01
3.053991515831258852e+01,-3.581968746458252184e+01
2.823057797250882572e+01,-2.044392334830892111e+01
1.795545055316378580e+01,-3.601249107095228652e+01
4.885212487166931794e+00,-1.099064106526410711e+01
1.110929072303598986e+01,-1.564693919229394226e+01
3.695456179084455073e+01,-3.126068833860308160e+01
3.153389139763828553e+01,-2.541296958233891701e+01
3.979464563293723955e+01,-5.216987183014747842e+01
1.073576435482844005e+01,-6.324521650953485619e+00
1.917434030581998528e+01,-1.854713491651076396e+01
1.547279139394026259e+01,-8.672257631942734690e+00
3.411073806187033597e+01,-6.612275749734777719e+00
1.169772892241329387e+01,-1.235825159301199250e+01
2.495035783844062394e+01,-1.198764963289277574e+01
2.058874262980277692e+01,-2.783552403776768358e+01
2.750951999535615400e+01,-1.379367083842800668e+01
2.079739808777843635e+01,-3.189078070282499766e+01
1.693449926949704221e+01,-6.402223029980341096e+00
-1.707653102538467493e+01,-3.679875651284685745e+01
4.303990048516325118e+01,-8.483754197358756244e+00
2.586799385816785701e+01,2.773183330829006366e+00
3.589464966719695838e+01,-4.061276879494453595e+01
2.207266623030956865e+01,-1.474563547497723448e+01
2.145452807792221250e+01,-3.907218167758964711e+01
3.407659145319309602e+01,-1.370047298298426597e+01
1.879333512759301783e+01,-8.406920983043853823e+00
2.859404692605105680e+01,-2.606999429304779881e+01
1.084957827885500592e+01,-1.831710348650154430e+01
2.861234402650160291e+01,-3.423431658650527964e+01
-1.685174099217860544e+00,-5.708459805225107431e+01
4.095802494277592842e+01,-2.334479443865273396e+01
2.624583076710702301e+01,-3.929705526669220461e+01
1.181079180534042550e+01,-8.388994196574742546e+00
2.579376883407803334e+01,-1.691857942200274323e+01
7.009300995717936189e+00,-3.255241613710666826e+01
2.719918539586088002e+01,-6.665501426826222087e+01
4.084252106190557896e+01,-7.365197026748526810e+01
4.718425620081368521e+01,-9.520603769141182227e+00
3.135901739891469120e+01,-6.160832027363809971e+00
1.435001040737221345e+01,-5.468662696142345681e+00
2.611353296875191532e+01,-4.508602708603445564e+01
2.086000666030999184e+01,-2.102836195475583736e+01
2.630619853918893725e+01,5.606967349903975162e-01
6.247142932775932422e+01,-3.031886086895574550e+01
2.232807308141105906e+01,-1.857100850675101356e+01
2.662192506653852320e+00,-1.811289511201658797e+01
3.140607276156494265e+01,-1.923465402870449026e+01
2.019646483926426939e+01,-5.801260958746418339e+00
7.220762436058741685e+00,-5.405302349210252544e+00
4.285384924687114960e+01,-1.035599164159470575e+01
1.096774619161281095e+01,-2.602950541100764070e+01
3.612244070954858444e+01,-2.281570417088461511e+01
2.421649809699852085e+01,-9.833168791716929036e+00
2.081751320484747936e+01,-2.289390818255797910e+01
2.876944847163859009e+01,-8.693682105857163833e+00
1.786883815210720527e+01,-3.251448226742748915e+01
2.041295282578230186e+01,-1.883561045005613011e+01
2.798494227130107248e+01,-2.300059162246026290e+01
2.275954617482374331e+01,-7.104034820822825225e+00
4.680368987588245488e+00,-1.938522871398306080e+01
4.042522771480200561e+01,-3.771728839540309508e+01
2.736684918691265267e+01,-1.031826529742360776e+01
1.089505687184761484e+00,-3.752355677469898154e+01
2.198105647907905080e+01,-3.491831213315854399e+01
-1.097119313985785993e-01,-1.534065295096893067e+01
2.527901935595183858e+01,-8.606696562013105734e+00
1.097529038417886582e+01,-7.852253574973403261e+00
1.316008325671541002e+01,-7.450175187219464590e+00
1.254181527593292600e+01,-2.746588357283105353e+01
-1.064629069302799991e+01,-1.378796923713854738e+01
2.361542393537358819e+01,-2.905296441958140008e+01
5.087521031985143338e+01,-2.895747922693084320e+01
8.384000713395892035e+00,-9.314513830672062511e+00
2.887498908825234878e+01,-2.210578545817444507e+01
1.903454496803543705e+01,-1.750518362336166689e+01
1.859987304254132567e+01,3.122835543361574651e+00
5.954298599304431150e+01,-1.982494580254610383e+01
2.724082928733629672e+00,-2.187380144460810527e+01
2.490849626750581436e+01,-6.952834306780012241e+00
2.733384809916643832e+01,-4.061424399296799237e+01
3.745401796917459336e+01,-3.062981018627392871e+01
4.237327428744003299e+01,-2.271323923862719596e+01
4.064107635742445268e+00,-7.475553770460841463e+00
1.568209463323248798e+01,-2.152857653944804639e+01
2.161454940829183258e+01,-2.571162669616718688e+01
-2.370915115488614333e+01,-4.344531549350090671e+01
4.157868608258156229e+01,-1.786734275200675626e+01
1.634956647909262273e+01,-6.033785688050052443e+00
-7.727731775998158525e+00,-4.536868955426418637e+01
1.405711686610044353e+01,-2.192300761105919094e+01
1.804262500133177127e+00,-1.344860734836521488e+01
1.566014558140192392e+01,-1.080350699464235475e+01
2.105680801869728569e+01,-1.599751118930005589e+01
3.522091863255703714e+01,-2.749455468766480237e+01
5.609512300464487566e+00,-4.493249054501054474e+01
2.824028640076532426e+01,-2.173224178036272036e+01
1.750042401376822454e+01,-1.620958519236282314e+01
3.163779178304772444e+01,-1.105119278867509536e+01
1.669941458133360612e+01,-6.189503957559487901e+00
3.604460721536371892e+01,-1.235003463028775883e+01
1.376782345766754290e+01,-5.523979751657144277e+00
1.150215662666473904e+01,-3.074274811464388080e+01
3.843141509831233549e+01,-3.098794680012208147e+01
1.489150970509212968e+01,-2.069152565459085480e+01
3.669203327072889920e+01,-2.796290891840287429e+01
3.117146760174509268e+01,-1.747777978756598571e+01
1.550146767747768806e+01,-2.580964662011428601e+01
3.059866267239689819e+01,-3.969563668181992711e+01
3.349542573455028815e+01,-1.051776177554692993e+01
5.129579763615031140e+01,-3.366440856050137853e+01
1.575507747290122396e+01,-1.492037591361579985e+01
1.203987389381446960e+01,-3.619792511945764346e+01
3.311170321158662944e+00,-1.533521077574336999e+01
5.195793990390185257e+01,-1.075548123044287507e+01
2.114982049434686573e+01,-1.414048621710503539e+01
1.250393727560686941e+01,-1.831251413773892978e+01
5.405116017193281408e+01,-5.219234330924116705e+00
3.937254916300331331e+01,-6.342553598468875009e+00
2.069873078520515719e+01,-4.145976068774757550e+00
1.662781067633434517e+01,-1.492368642443591398e+01
1.756818481345110783e+01,-1.163386695487881894e+01
2.989953928871012323e+01,-8.727003913007962410e+00
3.704461138148280241e+01,-9.414841234227175448e+00
3.223474362830378226e+01,4.032083215717445768e+00
7.224139099854582469e+00,-3.509359763910520513e+01
-2.280960668538932623e+01,-3.980924593025468283e+01
2.323468743326562702e+01,-2.531759668315338274e+01
3.085408180267405953e+01,-1.808248614295423096e+01
2.449975941724794026e+01,-1.468406042843199089e+00
2.166646743231836680e+01,-4.020641922810309410e+01
2.769160526488990470e+01,-1.217570568850911172e+01
3.909335400659855964e+01,-3.271689069070894362e+01
2.511889253249898246e+01,-1.684965072340392567e+01
2.707617311390362502e+01,-8.783352817133724955e+00
1.635075729316656989e+01,-3.591402085894581120e+01
2.439214262458719418e+00,-2.715904048135195836e+01
8.634337448425533523e+00,-1.909910055823937824e+01
1.452779452155667173e+01,-1.663135213274362911e+01
3.140602033606571908e+01,-3.512310702560510123e+01
1.762489236046992502e+01,-8.882836834804741954e+00
2.831088339435030576e+01,-1.498455166053464893e+01
1.755948556105471781e+01,-7.852555527000596669e+00
4.002230435265387598e+01,-9.818335443978639887e+00
3.327403395700196853e+01,-2.702390762480274589e+01
7.620370364733666690e+00,-1.260683704442954678e+01
1.820859005999963642e+01,-1.667293058563274144e+01
1.580243148368410289e+01,-1.379780577945832221e+01
1.092322799326056781e+01,-2.227652583386259266e+01
2.764971191347224533e+01,-2.750535208124041731e+00
-8.137990382603092598e+00,-1.773809171936308360e+01
-1.622664685216888358e+01,-2.127788616292007617e+01
4.137287636757378095e+01,-3.672994372809423425e+01
1.320658146446505654e+01,-2.592181175292329698e+01
1.660464749328251344e+01,-7.029403525907945038e+00
1.737114132847032621e+01,-8.464949406790211128e+00
3.312519212512150801e+01,-1.456971815221839250e+01
3.401736134274749190e+01,-1.131595370840109638e+01
1.333144990053646950e+00,-6.337310717756329126e+01
3.209732452783740086e+01,-2.449419795320397242e+01
3.231297297907892130e+01,-5.236002534903306582e+00
2.729521793636671845e+01,-3.056975225474381830e+00
1.795599179319795979e+01,-2.756651815705141217e+01
1.543340362070978955e+01,-2.119007361998375671e+01
-6.646762305415109040e+00,-4.209673834115962876e+01
-1.124934474609349166e+01,-1.462342399600194653e+01
1.934195810210070476e+01,-1.518046114142637038e+01
3.109592020869525442e+01,-1.444790302238290280e+01
1.029285992236442837e+01,-1.983671628130812792e+01
1.626869692661029632e+01,-9.856525256454027328e+00
1.105856360220526824e+01,-6.730467762668318699e+00
2.110782234557652615e+01,-1.165426051801304652e+00
3.511851405740365095e+01,-8.239669574109633743e+00
2.845882930012366074e+01,-2.235603494635873290e+01
3.159509069128084491e+01,3.718440387961109650e+00
2.058306240496090567e+01,-1.796575238581873890e+01
1.108270372532343373e+01,-1.060924636946899824e+01
6.648600958174512243e+00,-1.021828538688814092e+01
2.287731072123662557e+01,-2.757482873061129425e+01
5.142957858684557237e+01,7.267747014788987769e+00
3.013962911889942831e+01,-2.909110252314998490e+01
8.044789244643929749e+00,-9.771805723852807546e+00
1.810542631118500978e+01,-1.608158844172101709e+01
9.648580100155179196e+00,-1.674713364965263196e+01
6.997324879301871192e+00,-1.444329630653589192e+01
1.808766517360151482e+01,-2.988932432791960991e+01
2.469804846702752954e+01,-1.864098291789338901e+01
1.501202244301670774e+01,-3.083096774920777960e+01
3.115443674552118125e+00,-1.072096522745557934e+01
1.258747789375018300e+01,-6.445672779639977534e+00
2.872443501968007240e+01,-2.365982645507322246e+01
-9.196239971639371902e+00,-3.235016954507023712e+01
2.615051911490327186e+01,-2.388097892382040754e+01
2.594496855281564507e+01,-7.940597688665263831e+00
3.729113816251647506e+01,-3.192150640235868053e+01
1.875025801824094174e+01,-6.240466751713114490e+00
2.075218926547680809e+01,-2.040704473143539133e+01
3.351574233364858912e+01,-1.802387102074006009e+01
7.863588489763074563e+00,-2.767415847291067621e+01
1.702261110135467703e+01,-2.498117328338278753e+01
-5.658001020407127157e+00,-6.221447253062229521e+01
7.229957018577714223e+01,-3.394789069636158985e+01
5.260358139493207119e+01,-5.834774621579307308e+01
-2.384294647280805179e+01,-2.394635775919096687e+01
3.594044468707814133e+00,-2.000275305132264236e+01
2.148058813714849435e+01,-3.897974031071768763e+00
2.833045999902720524e+01,-2.554878083946934453e+01
3.456820909770375749e+01,-1.256891742886863739e+01
2.811027187282376971e+01,-3.386039015378542416e+01
2.810121062624457267e+01,4.058671645542510475e+00
2.324325719178499483e+01,-8.946413044721879260e+00
3.376147624510225853e+01,-2.799912444397292433e+01
1.544025652191287890e+01,-4.771275919731380100e+00
2.636819843869838564e+01,-1.053140041186559017e+01
2.867705568350848466e+01,-2.158759337976464110e+01
8.806191126313294149e-01,-1.460684101557062320e+01
5.232784790956971221e+01,-5.257729134310975638e+01
4.774420514501607471e+01,-6.969087028515835414e+01
-1.264450523935501991e+01,-4.760605262490030753e+01
4.276906384695202235e+01,-7.777683128101308796e+00
5.208956086328151969e+01,-2.317938719141952220e+01
1.347766745618255868e+01,-1.168379484359562070e+01
3.270471627920689173e+01,-2.170201103090216321e+01
2.360017923046821053e+01,-1.487760869850134071e+01
1.499088772744970655e+01,-8.750304854091538687e+00
2.466146985555922555e+01,-3.167256136501038100e+00
1.443532212114419977e+01,-1.585295908645449714e+01
2.572267421609948101e+01,-1.244871039746121255e+01
1.256250402858211856e+01,-3.098802194700578383e+01
1.137347705350148885e+01,-9.643566172562529459e+00
3.312714443955471211e+01,-3.713024475462969320e+01
1.879664931083430446e+01,-1.738557889081520358e+01
1.165933551351896824e+01,-3.423131099240558939e+01
1.560006217736767553e+01,-7.942209685950231801e+00
3.966751390468594707e+01,-1.300952050385496506e+01
2.614515747907191212e+01,-1.845806510155727409e+01
2.686677005952525832e+01,-1.690879389291821155e+01
1.278129236154914139e+01,-6.692902776927432740e+00
4.578059133450394569e+01,-1.583456786070059508e+01
8.187162438637876960e+00,-2.645326239250379530e+01
2.912970084915411206e+01,8.528126363652077657e-01
3.620134442457450064e+01,4.992955102894622854e+00
2.745732921761276657e+01,-3.794226520204686182e+01
1.125399307783622405e+01,-2.209657414995622560e+01
1.703730102516503564e+01,-1.221884495201175724e+01
4.044983809316611456e+01,-1.867145057353177862e+01
-3.158333532504448726e+01,-4.478472161063282186e+01
3.237133377754559405e+01,-1.091559881643048868e+01
1.485059737077950714e+01,-1.195015616581638085e+01
