1.400096988677978516e+01,2.312938308715820312e+01
1.280133962631225586e+00,7.480658531188964844e+00
-7.608521938323974609e+00,-1.696715927124023438e+01
-2.750655364990234375e+01,-4.960291385650634766e+00
-1.133663654327392578e+01,9.214585304260253906e+00
-3.538444519042968750e+01,-4.805810451507568359e+00
7.500514984130859375e+00,-9.527629852294921875e+00
2.825334310531616211e+00,7.556698322296142578e+00
-3.780102539062500000e+01,1.118143349885940552e-01
-1.294658946990966797e+01,-1.261813926696777344e+01
-3.144524765014648438e+01,-8.877736091613769531e+00
-2.915170478820800781e+01,1.545348548889160156e+01
-3.603128814697265625e+01,-5.338438510894775391e+00
-1.418030452728271484e+01,-7.470920562744140625e+00
-1.739771270751953125e+01,-1.985447311401367188e+01
-1.319664835929870605e+00,-1.752811551094055176e+00
-1.485034847259521484e+01,8.517183303833007812e+00
-1.786042594909667969e+01,-1.442485690116882324e+00
-1.412219047546386719e+01,-2.281650543212890625e+01
-2.014138984680175781e+01,1.999799609184265137e+00
-1.264895820617675781e+01,8.879135131835937500e+00
5.617572665214538574e-01,-8.770832061767578125e+00
3.979192018508911133e+00,1.530818080902099609e+01
-3.860862350463867188e+01,-8.325073719024658203e-01
-1.291548347473144531e+01,1.107025146484375000e+01
-3.284647369384765625e+01,6.583781719207763672e+00
2.626376785337924957e-02,-1.636178588867187500e+01
-2.018772315979003906e+01,4.091053903102874756e-01
1.293642520904541016e+01,4.455369472503662109e+00
-1.670514297485351562e+01,-2.737505531311035156e+01
-1.131629562377929688e+01,-9.015133857727050781e+00
-2.118717193603515625e+01,-1.477807235717773438e+01
-5.409695625305175781e+00,-1.230922794342041016e+01
-1.932582616806030273e+00,-1.311807727813720703e+01
-1.576165294647216797e+01,9.519658088684082031e+00
-2.903542518615722656e+00,-1.547149372100830078e+01
1.566622376441955566e+00,5.849076271057128906e+00
-4.745193421840667725e-01,-4.302174091339111328e+00
-2.193279266357421875e+01,-8.384257316589355469e+00
-1.152852344512939453e+01,-6.242023944854736328e+00
-1.317623901367187500e+01,4.185141086578369141e+00
3.035685062408447266e+00,-8.847993850708007812e+00
-2.223605728149414062e+01,-1.167686176300048828e+01
-1.425752830505371094e+01,-5.647374153137207031e+00
-2.830083084106445312e+01,2.763224124908447266e+00
1.572753524780273438e+01,-7.526107788085937500e+00
1.427887320518493652e+00,-1.178023338317871094e+01
-2.836074447631835938e+01,-6.061769008636474609e+00
-2.862067413330078125e+01,1.699992895126342773e+00
4.232297897338867188e+00,1.187758159637451172e+01
-2.254235649108886719e+01,1.069471740722656250e+01
-7.631274223327636719e+00,2.170139503479003906e+01
-1.468724060058593750e+01,1.089344215393066406e+01
-7.154483318328857422e+00,-2.768787384033203125e+01
-2.598869514465332031e+01,-2.321478271484375000e+01
-3.779150772094726562e+01,3.132432699203491211e+00
1.584104824066162109e+01,1.808073616027832031e+01
-2.156069946289062500e+01,9.433146476745605469e+00
-7.275969028472900391e+00,1.268747520446777344e+01
-4.980608940124511719e+00,-2.523916435241699219e+01
-1.573073863983154297e+01,1.025743961334228516e+01
-3.090623664855957031e+01,-1.209826827049255371e+00
-2.205974197387695312e+01,2.250926196575164795e-01
-6.725381851196289062e+00,2.362614870071411133e+00
-1.074278163909912109e+01,5.141257286071777344e+00
2.398704737424850464e-01,6.066930770874023438e+00
1.244950294494628906e+00,1.818248987197875977e+00
6.118885517120361328e+00,-1.156001186370849609e+01
-3.821209192276000977e+00,-1.391285705566406250e+01
9.931009292602539062e+00,-7.194530010223388672e+00
9.820177078247070312e+00,1.313277816772460938e+01
-1.605468368530273438e+01,-1.647193908691406250e+01
-2.948966407775878906e+01,-5.490047931671142578e+00
1.627036094665527344e+01,-2.198467636108398438e+01
4.165622234344482422e+00,2.000407791137695312e+01
3.567016601562500000e+00,-1.816937255859375000e+01
-8.941497802734375000e+00,1.685830307006835938e+01
-2.074413490295410156e+01,-8.350038528442382812e+00
-2.682287216186523438e+01,-1.673851585388183594e+01
1.356967240571975708e-01,-1.418270969390869141e+01
-1.763215065002441406e+01,7.761547088623046875e+00
-9.263459205627441406e+00,2.771202325820922852e+00
-1.190384101867675781e+01,-1.489472484588623047e+01
-2.612581253051757812e+01,-5.932369232177734375e+00
-1.145096588134765625e+01,1.631575012207031250e+01
-4.478258609771728516e+00,6.314300537109375000e+00
1.174153900146484375e+01,-2.269177675247192383e+00
9.479701042175292969e+00,1.873201370239257812e+01
2.206187009811401367e+00,-2.348115730285644531e+01
-1.643915748596191406e+01,-6.648506164550781250e+00
-1.071235179901123047e+01,-2.480860900878906250e+01
-1.095692825317382812e+01,-1.623230743408203125e+01
-1.707217597961425781e+01,-1.753103828430175781e+01
-1.574042987823486328e+01,-2.151776123046875000e+01
-1.374176979064941406e+01,-2.295350074768066406e+01
-1.009040451049804688e+01,-1.363194656372070312e+01
-1.442941570281982422e+01,3.794515132904052734e+00
2.635763406753540039e+00,-2.863362503051757812e+01
-3.587763214111328125e+01,-5.803062915802001953e+00
2.719253063201904297e+00,1.378925800323486328e+01
-1.531257152557373047e+01,1.841535377502441406e+01
-1.737424850463867188e+01,5.114153861999511719e+00
-1.127307128906250000e+01,1.352966308593750000e+01
-3.258716201782226562e+01,-3.045105457305908203e+00
1.794431447982788086e+00,4.307985305786132812e+00
8.193331718444824219e+00,-2.419973945617675781e+01
-2.366727828979492188e+01,1.295674228668212891e+01
-1.837523078918457031e+01,4.770261287689208984e+00
-2.685881233215332031e+01,-3.447582483291625977e+00
-9.438585281372070312e+00,9.090132713317871094e-01
6.295056819915771484e+00,-4.232540607452392578e+00
-2.478164672851562500e+01,-5.301951885223388672e+00
-2.434648895263671875e+01,-1.037825679779052734e+01
-1.313715457916259766e+00,1.790758371353149414e+00
-1.930154609680175781e+01,-2.527096748352050781e+01
-1.271832084655761719e+01,-6.706682682037353516e+00
-3.327393341064453125e+01,-4.510932445526123047e+00
-1.677564501762390137e+00,-2.555018806457519531e+01
-5.964836120605468750e+00,7.122982978820800781e+00
-1.009105300903320312e+01,-9.893220901489257812e+00
-1.327094078063964844e+01,-1.320495735853910446e-02
-5.636282444000244141e+00,1.095417022705078125e+00
-2.532291793823242188e+01,5.894427299499511719e+00
-2.301723062992095947e-01,3.535553932189941406e+00
3.484013795852661133e+00,-1.296287894248962402e+00
1.012246990203857422e+01,2.184237098693847656e+01
2.201053857803344727e+00,-6.218770027160644531e+00
4.709800720214843750e+00,1.997863578796386719e+01
-2.526135683059692383e+00,-2.575161170959472656e+01
-1.431829738616943359e+01,-7.360692620277404785e-01
-1.993336677551269531e+01,-1.526570892333984375e+01
-2.350818824768066406e+01,1.671932101249694824e+00
-1.129174327850341797e+01,9.513946533203125000e+00
1.228854894638061523e+00,7.159278392791748047e+00
-1.363752555847167969e+01,-1.849865794181823730e+00
9.029571533203125000e+00,2.292062950134277344e+01
4.666362762451171875e+00,5.606674194335937500e+00
-3.034690093994140625e+01,-1.205003547668457031e+01
-3.014834165573120117e+00,2.569652175903320312e+01
-3.980300903320312500e+00,3.503497600555419922e+00
-1.473578548431396484e+01,2.215801048278808594e+01
-2.286890602111816406e+01,5.693293094635009766e+00
1.965167403221130371e+00,2.925411462783813477e-01
-2.373300170898437500e+01,-1.836378479003906250e+01
3.230119705200195312e+00,2.256042861938476562e+01
-2.698447036743164062e+01,-5.587244629859924316e-01
1.104853820800781250e+01,-1.349690055847167969e+01
-2.745360755920410156e+01,-8.732637405395507812e+00
-1.377221393585205078e+01,-2.576433944702148438e+01
-9.688826203346252441e-01,1.245943927764892578e+01
-1.316594505310058594e+01,8.842919349670410156e+00
-3.303483963012695312e+01,5.710973262786865234e+00
-2.675515937805175781e+01,-1.695095443725585938e+01
2.695166015625000000e+01,-6.615531921386718750e+00
5.959146499633789062e+00,-1.127539443969726562e+01
6.095662117004394531e+00,1.900341987609863281e+01
-4.703064441680908203e+00,-1.538628673553466797e+01
-3.057552528381347656e+01,-6.667767047882080078e+00
3.393835544586181641e+00,-2.326855087280273438e+01
-3.390945053100585938e+01,-1.047882556915283203e+01
7.219829082489013672e+00,-9.262317657470703125e+00
-2.864817047119140625e+01,9.849885106086730957e-01
-1.803366088867187500e+01,-6.245469450950622559e-01
-2.951256561279296875e+01,1.519284534454345703e+01
-3.267729187011718750e+01,1.149668216705322266e+01
-3.137460136413574219e+01,4.274956703186035156e+00
-8.041538238525390625e+00,2.294620895385742188e+01
-1.023291873931884766e+01,-1.824385833740234375e+01
-2.612815475463867188e+01,1.228462409973144531e+01
-2.402738761901855469e+01,-7.276391983032226562e+00
-1.452023029327392578e+01,-1.398886775970458984e+01
-2.919058609008789062e+01,-1.339199066162109375e+01
-9.646218299865722656e+00,4.455432415008544922e+00
-2.329741668701171875e+01,-1.964384078979492188e+01
-1.850984382629394531e+01,-7.410840034484863281e+00
-1.531431388854980469e+01,1.629884529113769531e+01
1.349367427825927734e+01,1.534635925292968750e+01
-3.020263671875000000e+01,1.168040633201599121e+00
-3.064660263061523438e+01,9.078869819641113281e-01
-2.362053298950195312e+01,-5.832873344421386719e+00
-2.962156486511230469e+01,9.030797958374023438e+00
-1.412376308441162109e+01,1.260592341423034668e+00
-1.690754699707031250e+01,-1.882252311706542969e+01
-3.167346763610839844e+01,-8.463864326477050781e+00
-6.701422333717346191e-01,2.205384635925292969e+01
-8.689000129699707031e+00,7.091113090515136719e+00
-4.030108261108398438e+01,-2.415130734443664551e-01
-2.135717201232910156e+01,-9.626003503799438477e-01
-1.087226295471191406e+01,6.502248287200927734e+00
-3.929349136352539062e+01,3.767096042633056641e+00
-1.994929313659667969e+01,-1.945491218566894531e+01
-1.639591789245605469e+01,3.493857622146606445e+00
-8.838022232055664062e+00,-1.914471983909606934e+00
6.582598686218261719e+00,-5.588388442993164062e+00
-8.267344474792480469e+00,-1.892792105674743652e+00
7.997308731079101562e+00,-1.628979110717773438e+01
5.157670021057128906e+00,-1.522409915924072266e+01
-8.744463920593261719e+00,-1.994996643066406250e+01
-3.458271265029907227e+00,-1.708674430847167969e+01
-5.414423942565917969e-01,1.908392333984375000e+01
-1.260419750213623047e+01,-1.974205017089843750e+01
-2.711485099792480469e+01,-2.254223632812500000e+01
-1.825358390808105469e+01,-8.384849548339843750e+00
-3.132765769958496094e+01,-5.249732494354248047e+00
-4.936244964599609375e+00,8.501004219055175781e+00
5.146729469299316406e+00,-2.186253786087036133e+00
-2.322048187255859375e+01,1.624740219116210938e+01
-5.658978939056396484e+00,-1.602170944213867188e+01
-2.510099601745605469e+01,-1.905745124816894531e+01
-9.863338470458984375e+00,-1.239727973937988281e+01
-1.689190483093261719e+01,-4.753104686737060547e+00
-1.079682922363281250e+01,-6.870412826538085938e+00
-2.260587930679321289e+00,1.886577606201171875e+01
-2.519862413406372070e+00,9.651287078857421875e+00
-1.991777610778808594e+01,-2.156269264221191406e+01
-5.195115566253662109e+00,1.351936340332031250e+01
-3.436514282226562500e+01,-1.346563529968261719e+01
-1.086594676971435547e+01,2.356491804122924805e+00
-2.467471694946289062e+01,7.169266700744628906e+00
9.621752500534057617e-01,4.385084629058837891e+00
-1.754784011840820312e+01,-2.477911567687988281e+01
2.947472572326660156e+00,-1.066824531555175781e+01
-1.099542617797851562e+01,1.276448845863342285e+00
-1.361317253112792969e+01,1.279874324798583984e+01
3.373306989669799805e+00,-1.152921962738037109e+01
-1.033712673187255859e+01,-2.013128471374511719e+01
-1.663570022583007812e+01,-6.374301433563232422e+00
4.816159248352050781e+00,1.367673683166503906e+01
-2.911141967773437500e+01,-8.648853302001953125e+00
-1.324460220336914062e+01,-2.302642822265625000e+00
-2.592705154418945312e+01,8.677527904510498047e-01
-3.494426345825195312e+01,1.136376285552978516e+01
-1.128081989288330078e+01,-1.259209823608398438e+01
1.242851543426513672e+01,-6.700044155120849609e+00
-2.710370719432830811e-01,8.737727165222167969e+00
-7.014399051666259766e+00,2.867280542850494385e-01
-1.638356566429138184e+00,8.117849349975585938e+00
-1.084787845611572266e+01,3.516343355178833008e+00
-2.953337669372558594e+00,2.553324699401855469e+01
1.022918319702148438e+01,-2.176951217651367188e+01
-4.831450939178466797e+00,-4.089482784271240234e+00
-1.580620384216308594e+01,1.568383979797363281e+01
-9.097984313964843750e+00,-2.001572847366333008e+00
-2.080880355834960938e+01,3.975716352462768555e+00
-3.281429672241210938e+01,1.555980145931243896e-01
1.663584327697753906e+01,-2.131015396118164062e+01
1.049359607696533203e+01,-1.410371112823486328e+01
-9.569392204284667969e+00,-8.804509162902832031e+00
2.848696708679199219e+00,-1.215649700164794922e+01
-1.387288188934326172e+01,2.452589511871337891e+00
-3.159505844116210938e+01,6.910710811614990234e+00
-2.682955551147460938e+01,7.916172981262207031e+00
-2.119471931457519531e+01,1.240050601959228516e+01
-2.439008140563964844e+01,1.002710437774658203e+01
4.197473049163818359e+00,-6.068433284759521484e+00
-1.841730690002441406e+01,-2.620467567443847656e+01
-1.096587848663330078e+01,-1.098388290405273438e+01
-1.007190704345703125e+00,1.934795379638671875e+01
-2.781909179687500000e+01,-1.184792995452880859e+01
2.153002500534057617e+00,2.570950889587402344e+01
-4.919598579406738281e+00,-1.101583576202392578e+01
-7.417565822601318359e+00,-1.852304840087890625e+01
3.877067089080810547e+00,-1.732946014404296875e+01
4.731554508209228516e+00,1.842068481445312500e+01
-1.194232749938964844e+01,-3.004704952239990234e+00
4.936440944671630859e+00,-7.670200824737548828e+00
-4.433057785034179688e+00,-1.218250560760498047e+01
-2.063689231872558594e+01,-8.091652870178222656e+00
-1.096276473999023438e+01,-2.774912261962890625e+01
-3.036714553833007812e+01,-5.440555572509765625e+00
-1.170675373077392578e+01,-1.429703086614608765e-02
-1.068008303642272949e+00,-1.955994606018066406e+01
3.607199430465698242e+00,1.055189728736877441e+00
-3.580186462402343750e+01,6.065626144409179688e+00
-2.560901069641113281e+01,-2.373943710327148438e+01
5.346643447875976562e+00,1.442110252380371094e+01
-2.056860733032226562e+01,-2.746922492980957031e+01
-1.990159988403320312e+01,-3.406719446182250977e+00
1.187075519561767578e+01,6.703518867492675781e+00
-1.535141277313232422e+01,1.959303975105285645e+00
4.727620601654052734e+00,3.525121212005615234e+00
-2.569803619384765625e+01,-9.999723434448242188e+00
-3.546917724609375000e+01,1.038123071193695068e-01
-1.844898223876953125e+01,-2.454688262939453125e+01
-1.326996898651123047e+01,-8.989666938781738281e+00
-1.177608203887939453e+01,-3.591126441955566406e+00
3.624174594879150391e+00,1.563938045501708984e+01
-1.004134941101074219e+01,-4.738597393035888672e+00
-1.136604022979736328e+01,-9.435394287109375000e+00
-1.042529225349426270e+00,-1.225441455841064453e+00
-2.071877861022949219e+01,-1.460043811798095703e+01
-8.475650787353515625e+00,-3.181447267532348633e+00
-5.941346168518066406e+00,-1.891962432861328125e+01
-3.267123031616210938e+01,-7.829988956451416016e+00
-2.440124320983886719e+01,-8.812777519226074219e+00
1.611609101295471191e+00,9.442080497741699219e+00
-1.051088619232177734e+01,8.634237289428710938e+00
-2.534649610519409180e+00,9.425726890563964844e+00
1.104530143737792969e+01,1.520616531372070312e+00
-2.334989738464355469e+01,-1.901524734497070312e+01
-1.848930835723876953e+00,-1.035124540328979492e+00
-4.741206645965576172e+00,-1.543910861015319824e+00
-1.192917251586914062e+01,1.354804134368896484e+01
1.649508237838745117e+00,-2.372106313705444336e+00
1.009608650207519531e+01,2.186557960510253906e+01
-2.289127159118652344e+01,-1.854647827148437500e+01
-1.495715713500976562e+01,-1.449591255187988281e+01
2.852196216583251953e+00,-6.448845863342285156e+00
-1.047963809967041016e+01,-2.406529998779296875e+01
-2.800810813903808594e+01,-1.067076396942138672e+01
-2.188027381896972656e+01,9.884869575500488281e+00
4.105736732482910156e+00,8.545411229133605957e-01
2.704866409301757812e+00,-2.097162055969238281e+01
-1.509288787841796875e+00,2.013433456420898438e+01
-7.148591995239257812e+00,2.205334663391113281e+01
-2.849420166015625000e+01,1.016722559928894043e+00
1.503957986831665039e+00,9.643381118774414062e+00
-7.196303606033325195e-01,-1.484849572181701660e+00
-2.588346862792968750e+01,-8.155423402786254883e-01
-4.899274349212646484e+00,5.476307272911071777e-01
6.577509641647338867e-01,-1.621970748901367188e+01
-3.392906951904296875e+01,-1.653942871093750000e+01
-1.481875228881835938e+01,-2.754139518737792969e+01
-5.348064899444580078e-01,-4.785507678985595703e+00
-3.641308784484863281e+00,-2.464140319824218750e+01
-1.411737632751464844e+01,1.392923259735107422e+01
-1.033053684234619141e+01,-2.360541725158691406e+01
-2.436785125732421875e+01,-1.234429645538330078e+01
-1.571856689453125000e+01,6.327205181121826172e+00
-9.083568572998046875e+00,-7.377759456634521484e+00
-2.141840362548828125e+01,-1.024410247802734375e+01
-3.087660408020019531e+01,1.141947364807128906e+01
-6.091803073883056641e+00,-6.485503673553466797e+00
-2.778946161270141602e+00,-1.217148017883300781e+01
-1.855184364318847656e+01,-4.634542942047119141e+00
-2.700007057189941406e+01,-1.207396697998046875e+01
-6.781058758497238159e-02,-1.299712181091308594e+01
-1.982347488403320312e+01,-3.366507053375244141e+00
-2.021570396423339844e+01,-1.073432064056396484e+01
-1.245523357391357422e+01,5.798246860504150391e+00
1.117556381225585938e+01,1.184505367279052734e+01
-2.117489051818847656e+01,-1.357848167419433594e+01
-7.246876716613769531e+00,-2.769919395446777344e+01
-3.468412399291992188e+01,3.854609251022338867e+00
2.374037265777587891e+00,-1.461496353149414062e+01
-2.927640724182128906e+01,6.800140380859375000e+00
1.654285192489624023e+00,-1.624411010742187500e+01
-5.973232746124267578e+00,1.772784042358398438e+01
-3.237492370605468750e+01,-7.995433330535888672e+00
-7.542283058166503906e+00,-8.830197334289550781e+00
-2.124756431579589844e+01,-2.384516906738281250e+01
-1.879784202575683594e+01,1.467246723175048828e+01
-1.807909202575683594e+01,3.064517378807067871e-01
-2.447019767761230469e+01,-9.546611309051513672e-01
-1.515831565856933594e+01,-2.196510124206542969e+01
-3.331223297119140625e+01,-2.433497190475463867e+00
-7.896343708038330078e+00,-6.667009353637695312e+00
2.107328653335571289e+00,1.729630851745605469e+01
-5.951201915740966797e+00,-1.420653820037841797e+01
-2.622951316833496094e+01,-1.133833503723144531e+01
4.848757266998291016e+00,-1.327179622650146484e+01
-1.711940383911132812e+01,-1.514960575103759766e+01
-3.056565284729003906e+01,-2.189075708389282227e+00
-1.242997360229492188e+01,6.534380912780761719e+00
-3.154461479187011719e+01,8.754639625549316406e+00
7.785246849060058594e+00,4.918443560600280762e-01
1.058814620971679688e+01,-1.156586551666259766e+01
-1.440989303588867188e+01,6.951959431171417236e-02
-1.859777259826660156e+01,4.895984649658203125e+00
-8.269339561462402344e+00,2.066627502441406250e+01
8.716100454330444336e-02,-1.586387604475021362e-01
-2.692598724365234375e+01,1.003797817230224609e+01
-1.483324050903320312e+01,-1.752730560302734375e+01
-1.432705020904541016e+01,6.364489555358886719e+00
-1.372220706939697266e+01,1.327540016174316406e+01
-4.249148368835449219e+00,-1.586263924837112427e-01
-7.516969203948974609e+00,-1.144081020355224609e+01
1.691301465034484863e+00,2.636865615844726562e+01
-2.947114562988281250e+01,-1.303882694244384766e+01
9.294073104858398438e+00,1.678927230834960938e+01
1.171589565277099609e+01,-1.002621173858642578e+01
-1.280401706695556641e+01,-1.611500740051269531e+01
-1.728444671630859375e+01,2.425000905990600586e+00
-1.501873016357421875e+01,-1.472540950775146484e+01
-1.930416679382324219e+01,8.953953742980957031e+00
-1.753055095672607422e+00,-9.032932281494140625e+00
-8.265825271606445312e+00,1.522769165039062500e+01
-9.602728843688964844e+00,-2.088303565979003906e+01
1.315911006927490234e+01,2.181905174255371094e+01
-7.276558399200439453e+00,-1.776760673522949219e+01
-1.449438667297363281e+01,1.982217216491699219e+01
-6.119429111480712891e+00,2.144683599472045898e+00
-7.673253536224365234e+00,6.428739547729492188e+00
-6.127866268157958984e+00,-6.814633369445800781e+00
-2.594335079193115234e+00,1.872514724731445312e+01
-1.888658905029296875e+01,1.451934719085693359e+01
3.668563127517700195e+00,-1.571164798736572266e+01
-2.293733787536621094e+01,3.322342157363891602e+00
-2.507731628417968750e+01,1.390236973762512207e+00
-2.758350753784179688e+01,-1.201030731201171875e+01
-2.650424575805664062e+01,-2.401309204101562500e+01
-2.236086654663085938e+01,-8.984711647033691406e+00
-2.750240516662597656e+01,1.515790653228759766e+01
7.467408180236816406e-01,2.141944408416748047e+00
6.493999004364013672e+00,-1.843991398811340332e+00
-4.309619426727294922e+00,-4.647834300994873047e+00
-1.681828880310058594e+01,7.267748117446899414e-01
-1.074248313903808594e+00,-3.742606163024902344e+00
-1.315494441986083984e+01,1.966858291625976562e+01
6.888897418975830078e+00,-1.180070877075195312e+01
-2.223940277099609375e+01,-1.762655639648437500e+01
-2.399489593505859375e+01,1.962534904479980469e+01
-6.588760375976562500e+00,1.712214469909667969e+01
-2.323661422729492188e+01,-1.608994674682617188e+01
-1.655468368530273438e+01,1.599260330200195312e+01
-6.681141376495361328e+00,-6.456828117370605469e-01
8.094184875488281250e+00,1.644114685058593750e+01
-1.208188152313232422e+01,-4.633778572082519531e+00
-1.934645462036132812e+01,-2.624069976806640625e+01
2.965643882751464844e+00,-2.355218887329101562e+01
-2.512962150573730469e+01,-1.790731430053710938e+01
-1.222104454040527344e+01,-7.828832149505615234e+00
-1.558418941497802734e+01,-1.171809101104736328e+01
-1.055039119720458984e+01,-2.468266105651855469e+01
4.806303501129150391e+00,-1.639230346679687500e+01
-4.226764678955078125e+00,-1.139750194549560547e+01
-6.501443862915039062e+00,1.047610950469970703e+01
-1.850268745422363281e+01,-9.951412200927734375e+00
-2.607265949249267578e+00,4.381138324737548828e+00
-1.443197631835937500e+01,1.963100814819335938e+01
-1.495036125183105469e+01,9.186897277832031250e+00
-1.345566368103027344e+01,1.773053741455078125e+01
7.105659961700439453e+00,5.093930721282958984e+00
1.519815540313720703e+01,-2.150288772583007812e+01
-3.540234375000000000e+01,-3.009920835494995117e+00
-1.594054412841796875e+01,-2.472827720642089844e+01
7.202817916870117188e+00,1.097514915466308594e+01
-1.555922794342041016e+01,1.396171188354492188e+01
-1.956459617614746094e+01,-2.141450691223144531e+01
-1.636904716491699219e+01,-8.835141181945800781e+00
-1.626481056213378906e+00,-9.312808036804199219e+00
-1.743082046508789062e+00,-6.997342109680175781e+00
-2.732659530639648438e+01,1.173498511314392090e+00
1.963016688823699951e-01,-7.067134857177734375e+00
-8.623240470886230469e+00,5.345370292663574219e+00
-1.402621936798095703e+01,2.064563179016113281e+01
-1.584903621673583984e+01,-1.060139751434326172e+01
6.114827156066894531e+00,1.877510547637939453e+00
-5.031577110290527344e+00,-1.553738021850585938e+01
-7.307950973510742188e+00,-2.036701393127441406e+01
-1.371450138092041016e+01,-1.173478698730468750e+01
6.544081211090087891e+00,-7.821974277496337891e+00
-8.752999305725097656e+00,-2.110278511047363281e+01
-2.298832511901855469e+01,-1.201287651062011719e+01
-2.922208213806152344e+01,-8.510557174682617188e+00
-1.576092720031738281e+01,1.443197631835937500e+01
-1.697957801818847656e+01,-1.249674224853515625e+01
-1.085457229614257812e+01,7.847389221191406250e+00
-3.003664588928222656e+01,-7.033594131469726562e+00
-2.193759155273437500e+01,-5.894387722015380859e+00
-2.131531953811645508e+00,-1.600725936889648438e+01
-2.444233703613281250e+01,-1.268547630310058594e+01
7.709010601043701172e+00,7.689267158508300781e+00
-8.990108489990234375e+00,-5.406300544738769531e+00
2.146886444091796875e+01,-1.020168018341064453e+01
-1.785029029846191406e+01,4.634659290313720703e+00
-1.602847290039062500e+01,-4.099925994873046875e+00
-2.605080032348632812e+01,1.432440471649169922e+01
-1.004856967926025391e+01,2.004667854309082031e+01
-1.337536048889160156e+01,-1.522963428497314453e+01
2.998276948928833008e+00,-3.403600692749023438e+00
-8.598266601562500000e+00,1.341034030914306641e+01
7.450464963912963867e-01,-8.946822166442871094e+00
-1.772787284851074219e+01,1.152955913543701172e+01
-9.078034400939941406e+00,-4.917603969573974609e+00
-1.627695274353027344e+01,2.216193962097167969e+01
-1.072588157653808594e+01,7.105936050415039062e+00
-3.273749923706054688e+01,1.566889166831970215e+00
-9.740522384643554688e+00,-9.648940086364746094e+00
-3.052566146850585938e+01,-1.796517372131347656e+01
5.495635986328125000e+00,-2.817309617996215820e+00
-1.528915786743164062e+01,9.962133407592773438e+00
-7.522611618041992188e-01,1.200983619689941406e+01
2.119319915771484375e+00,4.665946364402770996e-01
-3.190753173828125000e+01,3.767488956451416016e+00
6.142129302024841309e-01,1.196631431579589844e+01
1.667669773101806641e+00,1.288429355621337891e+01
4.716706275939941406e+00,-8.910107612609863281e+00
9.997174263000488281e+00,-2.004699230194091797e+00
-2.785022544860839844e+01,-1.829365539550781250e+01
-3.695194959640502930e+00,-2.605654525756835938e+01
2.733625650405883789e+00,3.632893562316894531e+00
-2.247716522216796875e+01,1.878009200096130371e+00
-1.953227233886718750e+01,1.750709152221679688e+01
-3.657953739166259766e+00,8.141342163085937500e+00
-6.476320624351501465e-01,-2.052848243713378906e+01
6.150981903076171875e+00,-2.458508014678955078e+00
-2.215001678466796875e+01,3.116471529006958008e+00
-1.075705051422119141e+01,-2.087510490417480469e+01
-3.578109359741210938e+01,4.811009883880615234e+00
-3.235541152954101562e+01,-1.192053890228271484e+01
-2.032387161254882812e+01,5.203992843627929688e+00
-2.339425277709960938e+01,-7.712065577507019043e-01
-4.073097229003906250e+00,-2.489383316040039062e+01
-1.037857341766357422e+01,-1.482053565979003906e+01
-2.654262924194335938e+01,-2.280476379394531250e+01
-3.380185699462890625e+01,8.841440677642822266e-01
-3.696652650833129883e+00,3.592481613159179688e+00
-5.353355884552001953e+00,-2.499162673950195312e+01
-2.444674110412597656e+01,1.969106554985046387e+00
7.406677722930908203e+00,-1.967382240295410156e+01
-1.566533851623535156e+01,-1.190965747833251953e+01
-1.464797019958496094e+01,-9.585755348205566406e+00
2.230889797210693359e+00,-6.002463340759277344e+00
-3.021137619018554688e+01,-4.161437511444091797e+00
-6.600461006164550781e+00,3.137135028839111328e+00
-1.146318912506103516e+01,-2.827195405960083008e+00
-1.228786945343017578e+00,1.605890464782714844e+01
-1.899202346801757812e+01,1.288068199157714844e+01
-1.956467628479003906e+01,7.021773815155029297e+00
-1.039372062683105469e+01,-1.161961197853088379e+00
-1.564473152160644531e+01,-7.754459381103515625e+00
-3.858673858642578125e+01,-1.066799163818359375e+00
-1.905772328376770020e+00,1.590522575378417969e+01
-1.829000473022460938e+01,-5.044491291046142578e+00
-3.094310760498046875e+00,6.519327640533447266e+00
-2.187990188598632812e+01,1.343269824981689453e+01
-2.409169006347656250e+01,-7.979632854461669922e+00
-2.329647064208984375e+01,3.560142040252685547e+00
-1.825495338439941406e+01,5.314365029335021973e-01
-4.670870780944824219e+00,6.481893062591552734e+00
-2.871004104614257812e+01,4.432979106903076172e+00
-3.272519350051879883e+00,-2.078455734252929688e+01
-2.567703008651733398e+00,-2.823569107055664062e+01
-1.020956420898437500e+01,1.161316585540771484e+01
-1.972829818725585938e+01,1.680362892150878906e+01
-3.137482070922851562e+01,1.121903514862060547e+01
-2.601960945129394531e+01,9.064089775085449219e+00
-6.879485398530960083e-02,1.678547668457031250e+01
-4.534260272979736328e+00,-2.128096818923950195e+00
-2.647568130493164062e+01,3.881273269653320312e+00
-3.543647003173828125e+01,-6.765169501304626465e-01
9.394891738891601562e+00,-1.964718103408813477e+00
1.273900866508483887e-01,1.830941557884216309e+00
-2.775095939636230469e+01,9.317854881286621094e+00
5.190153121948242188e+00,7.502333521842956543e-01
-9.820880889892578125e+00,-1.588664913177490234e+01
-2.707175254821777344e+00,-6.007377147674560547e+00
2.139181518554687500e+01,-2.001213073730468750e+01
-1.795921325683593750e+01,1.631166076660156250e+01
-4.760146617889404297e+00,2.163159179687500000e+01
-3.294524383544921875e+01,9.163320541381835938e+00
-7.743232250213623047e+00,-1.331079769134521484e+01
-9.037847518920898438e+00,9.770138740539550781e+00
-1.629633712768554688e+01,-1.009176731109619141e+00
8.174359321594238281e+00,8.874083518981933594e+00
-8.640741348266601562e+00,3.562250137329101562e+00
-1.449775791168212891e+01,2.306781959533691406e+01
-8.916789054870605469e+00,-7.665871620178222656e+00
-8.545548439025878906e+00,-1.310714721679687500e+01
-3.486806869506835938e+01,-8.512961387634277344e+00
-1.767479896545410156e+01,1.827661705017089844e+01
-2.293436622619628906e+01,-2.371960163116455078e+00
-3.325436019897460938e+01,1.175648403167724609e+01
2.050126492977142334e-01,1.612088966369628906e+01
9.019745826721191406e+00,-6.431031703948974609e+00
3.746047496795654297e+00,-1.572349548339843750e+01
-9.745082855224609375e+00,-1.157116413116455078e+01
-3.244979858398437500e+01,-3.273922443389892578e+00
-1.244120240211486816e+00,5.539488315582275391e+00
-3.389075851440429688e+01,9.031878471374511719e+00
-2.219629096984863281e+01,-3.434963941574096680e+00
8.056704401969909668e-01,-1.263891339302062988e+00
1.382241994142532349e-01,6.052955627441406250e+00
-2.006160354614257812e+01,-5.912347793579101562e+00
-1.967840766906738281e+01,-2.601029777526855469e+01
-4.449309825897216797e+00,-9.688198089599609375e+00
1.103451132774353027e+00,8.080871582031250000e+00
-1.023022556304931641e+01,-1.959372329711914062e+01
-2.587954902648925781e+01,3.776393413543701172e+00
-2.363109588623046875e+01,4.267090320587158203e+00
-1.808886337280273438e+01,-1.428826928138732910e+00
3.050132036209106445e+00,-2.392876625061035156e+01
-2.013995170593261719e+01,1.130313158035278320e+00
1.880259132385253906e+01,-1.642758178710937500e+01
-1.543631076812744141e+01,-2.282780170440673828e+00
-2.659549140930175781e+01,7.810108184814453125e+00
-3.951397657394409180e+00,-2.625597381591796875e+01
-1.921143722534179688e+01,3.683143138885498047e+00
-1.694178962707519531e+01,-1.135134983062744141e+01
-1.345782279968261719e+01,4.294354915618896484e+00
-1.901037025451660156e+01,-1.307924556732177734e+01
-2.875200748443603516e+00,-2.332927703857421875e+00
-2.113438796997070312e+01,-1.430516123771667480e+00
-4.668892383575439453e+00,1.049214458465576172e+01
-2.391295814514160156e+01,2.084786224365234375e+01
-6.046147823333740234e+00,1.507414877414703369e-01
9.102472305297851562e+00,2.740063428878784180e+00
-2.610944747924804688e+01,-1.246040916442871094e+01
2.496051549911499023e+00,2.525448226928710938e+01
-1.089587211608886719e+01,-1.630523490905761719e+01
-6.710076332092285156e+00,1.039460659027099609e+01
-2.987710571289062500e+01,4.492354869842529297e+00
-2.191446065902709961e+00,-1.390495967864990234e+01
-1.397274684906005859e+01,-3.253821849822998047e+00
-2.172943496704101562e+01,-1.315846729278564453e+01
-1.608412361145019531e+01,-1.980349540710449219e+01
-4.929566860198974609e+00,-8.715014457702636719e+00
-1.710913276672363281e+01,1.460497283935546875e+01
4.901717305183410645e-01,-3.607746839523315430e+00
-3.503159713745117188e+01,-9.132399559020996094e+00
-2.385994720458984375e+01,-1.379082775115966797e+01
1.658873081207275391e+00,-1.951741600036621094e+01
3.966782331466674805e+00,1.421780109405517578e+01
-1.160181427001953125e+01,-9.722678184509277344e+00
-1.650518989562988281e+01,6.853818416595458984e+00
-1.822033691406250000e+01,1.845527458190917969e+01
-1.954250717163085938e+01,7.428340911865234375e+00
-2.584455299377441406e+01,-1.901653885841369629e+00
-2.145116806030273438e+01,-2.073498010635375977e+00
-1.517631244659423828e+01,7.020595550537109375e+00
-7.601140499114990234e+00,5.604623794555664062e+00
-1.190175890922546387e+00,-1.097699260711669922e+01
-1.094852256774902344e+01,-1.463267707824707031e+01
-8.699777603149414062e+00,1.403886222839355469e+01
-1.746619105339050293e+00,-1.252845764160156250e+01
-5.520009040832519531e+00,-3.631080865859985352e+00
-2.757023239135742188e+01,7.544272899627685547e+00
1.221675395965576172e+01,6.321721553802490234e+00
-5.384975433349609375e+00,-2.152006340026855469e+01
-1.939386749267578125e+01,9.132349014282226562e+00
-1.147898316383361816e+00,-1.860774040222167969e+01
-1.867427253723144531e+01,-1.486347198486328125e+01
-5.570359230041503906e+00,-1.019665622711181641e+01
-1.237750816345214844e+01,2.361032867431640625e+01
-1.262512922286987305e+00,-1.073418617248535156e+01
-2.178817749023437500e+00,-1.392831134796142578e+01
-4.656526088714599609e+00,1.641437149047851562e+01
-1.511704564094543457e+00,-4.171150326728820801e-01
-3.063269424438476562e+01,9.603960037231445312e+00
-2.549224281311035156e+01,1.535630226135253906e+00
-5.970170497894287109e+00,-1.054890346527099609e+01
-1.684625434875488281e+01,2.179399299621582031e+01
-6.594770908355712891e+00,-1.125527667999267578e+01
-1.194410324096679688e+01,-1.470957946777343750e+01
-1.230365943908691406e+01,-1.631011390686035156e+01
-3.130522489547729492e+00,1.134213447570800781e+01
-2.059329414367675781e+01,7.040544509887695312e+00
-2.843852996826171875e+01,-1.708492875099182129e+00
-1.594636917114257812e+01,5.346872806549072266e+00
-8.053721427917480469e+00,-1.319741153717041016e+01
-6.220987319946289062e+00,-2.009320974349975586e+00
-2.353586387634277344e+01,-5.989229202270507812e+00
-2.308209228515625000e+01,8.608167648315429688e+00
-1.404564666748046875e+01,-7.738955497741699219e+00
-2.464233398437500000e+01,1.197386145591735840e+00
-1.852613830566406250e+01,-1.789014244079589844e+01
-2.470807647705078125e+01,-8.832825422286987305e-01
-2.414237403869628906e+01,-5.827064037322998047e+00
-1.742926597595214844e+01,3.005370378494262695e+00
5.425324440002441406e+00,-1.258971405029296875e+01
-1.087595081329345703e+01,3.255612611770629883e+00
-3.015851020812988281e+00,-7.252260208129882812e+00
-1.202622699737548828e+01,5.676311492919921875e+00
-1.341469764709472656e+01,-1.023761749267578125e+01
5.641709804534912109e+00,-1.081886959075927734e+01
-1.347943687438964844e+01,1.465860176086425781e+01
-1.429390525817871094e+01,2.029977798461914062e+01
-2.481527137756347656e+01,-5.468040943145751953e+00
1.398560643196105957e+00,1.179934120178222656e+01
-6.156253337860107422e+00,4.777862548828125000e+00
-2.268498611450195312e+01,1.582905101776123047e+01
-3.285195159912109375e+01,-1.312769699096679688e+01
-1.573331832885742188e+00,-9.821372032165527344e+00
-3.954560756683349609e+00,1.369688415527343750e+01
1.147642493247985840e+00,-4.932860374450683594e+00
6.937119960784912109e+00,-5.578753948211669922e-01
-1.024364566802978516e+01,-2.205965042114257812e+01
-1.797712135314941406e+01,-8.673221588134765625e+00
-1.680457305908203125e+01,-5.109958648681640625e+00
-1.266805362701416016e+01,-1.957150268554687500e+01
1.041522693634033203e+01,-9.628096580505371094e+00
-2.742712020874023438e+01,-1.787958025932312012e+00
-1.331287288665771484e+01,-1.374110507965087891e+01
-3.026741600036621094e+01,2.300116539001464844e+00
-2.204133415222167969e+01,-8.757846832275390625e+00
-2.411274194717407227e+00,1.066073417663574219e+01
4.887567043304443359e+00,1.448496341705322266e+01
-1.972489356994628906e+01,-1.075549221038818359e+01
2.359519958496093750e+01,2.362649345397949219e+01
4.908304691314697266e+00,-2.215332603454589844e+01
-1.002286434173583984e+01,1.728405952453613281e+01
-1.377100944519042969e-01,8.854591369628906250e+00
-2.028947830200195312e+01,-9.542133331298828125e+00
-5.097663879394531250e+00,-1.010421156883239746e+00
9.440984129905700684e-01,-1.032031178474426270e+00
-2.904528236389160156e+01,3.887410163879394531e-01
-1.605440711975097656e+01,1.299637413024902344e+01
-1.739923286437988281e+01,1.968269348144531250e+01
2.502661705017089844e+00,-4.027844905853271484e+00
-1.641819000244140625e+01,-1.492967700958251953e+01
-1.461527156829833984e+01,-5.435521125793457031e+00
5.955963611602783203e+00,8.403958320617675781e+00
-3.158958816528320312e+01,5.002256393432617188e+00
-2.000303459167480469e+01,1.951084327697753906e+01
-1.712212753295898438e+01,8.541565895080566406e+00
4.749405860900878906e+00,8.244153022766113281e+00
-2.565863609313964844e+01,1.442707061767578125e+01
-2.288282012939453125e+01,5.549739360809326172e+00
-3.256415176391601562e+01,3.644889593124389648e+00
-8.836581230163574219e+00,-1.743574523925781250e+01
-7.244767665863037109e+00,8.067820549011230469e+00
-2.448175621032714844e+01,9.962807595729827881e-02
-2.717126464843750000e+01,-1.850510406494140625e+01
-2.718399238586425781e+01,5.794285774230957031e+00
-9.430070877075195312e+00,-1.454461288452148438e+01
-2.087234306335449219e+01,7.004768848419189453e+00
-3.336038970947265625e+01,5.046522617340087891e+00
-1.964937400817871094e+01,-4.867290019989013672e+00
5.482196807861328125e+00,1.603743171691894531e+01
-2.750450515747070312e+01,-1.601262569427490234e+00
-1.340577983856201172e+01,-1.300129508972167969e+01
-5.186645507812500000e+00,1.706707954406738281e+01
-4.504622936248779297e+00,-6.070771217346191406e+00
-2.477107429504394531e+01,-1.041586875915527344e+01
-2.708018493652343750e+01,-1.329426860809326172e+01
-2.069742774963378906e+01,-1.919190025329589844e+01
-2.211390876770019531e+01,-2.876688718795776367e+00
-1.125308036804199219e+01,2.048366785049438477e+00
-1.069547176361083984e+01,-1.102240324020385742e+00
-3.527799606323242188e+00,-2.211833238601684570e+00
-7.814877033233642578e+00,1.501200485229492188e+01
-5.504068374633789062e+00,2.381275367736816406e+01
-1.903182220458984375e+01,-1.311020278930664062e+01
-1.955068969726562500e+01,-9.603226661682128906e+00
-9.072988510131835938e+00,1.484161186218261719e+01
-2.627168178558349609e+00,-6.769394874572753906e+00
-3.295978307723999023e+00,-1.819857025146484375e+01
1.693673324584960938e+01,2.389323949813842773e+00
5.717356204986572266e+00,1.076961898803710938e+01
-9.856259822845458984e-02,1.559369945526123047e+01
8.032875061035156250e-01,-3.433790445327758789e+00
-2.704533576965332031e+01,1.497962093353271484e+01
-5.610369682312011719e+00,-8.862425804138183594e+00
-2.362987327575683594e+01,9.126991271972656250e+00
-4.291734218597412109e+00,-5.537602677941322327e-02
1.364775848388671875e+01,2.109484672546386719e+01
-1.577577781677246094e+01,-3.056727647781372070e+00
3.429436385631561279e-01,-6.622651100158691406e+00
-2.390563488006591797e+00,7.899157047271728516e+00
-2.177666091918945312e+01,1.567204093933105469e+01
-9.021615028381347656e+00,-3.774055957794189453e+00
-2.547060966491699219e+00,1.163918614387512207e+00
-1.766149711608886719e+01,2.692914485931396484e+00
3.156192302703857422e+00,2.349029350280761719e+01
1.378974318504333496e+00,1.192903137207031250e+01
-3.780307769775390625e+01,3.149681806564331055e+00
-2.638379478454589844e+01,-1.536412334442138672e+01
-2.363759613037109375e+01,-1.068401336669921875e+01
4.963248252868652344e+00,8.119863510131835938e+00
-1.560295963287353516e+01,-1.049663162231445312e+01
-6.075693130493164062e+00,1.967324447631835938e+01
-1.879225540161132812e+01,-1.282371807098388672e+01
-2.678864097595214844e+01,-1.118588256835937500e+01
-1.277817058563232422e+01,3.387333631515502930e+00
-2.116191864013671875e+01,-1.793511009216308594e+01
-4.409920692443847656e+00,3.255810022354125977e+00
4.156756877899169922e+00,-4.413888931274414062e+00
-2.791312932968139648e-01,1.237082004547119141e+01
-2.306129455566406250e+01,8.402279853820800781e+00
-2.457724761962890625e+01,1.002571964263916016e+01
-7.888729572296142578e-01,1.391530513763427734e+00
-2.560062980651855469e+01,-7.162558078765869141e+00
6.200184345245361328e+00,-4.201076984405517578e+00
-3.056601047515869141e+00,-4.156692981719970703e+00
8.766171932220458984e-01,1.870525169372558594e+01
-2.419781494140625000e+01,-2.262963104248046875e+01
7.732669830322265625e+00,-1.857564544677734375e+01
-2.605941772460937500e+01,-1.164295291900634766e+01
-1.470270729064941406e+01,-2.551290702819824219e+01
-1.587310552597045898e+00,-1.490923213958740234e+01
1.466408610343933105e+00,-1.732064628601074219e+01
-4.721648216247558594e+00,1.327935600280761719e+01
1.308298397064208984e+01,-3.289676427841186523e+00
-7.425175666809082031e+00,8.501712799072265625e+00
1.016945075988769531e+01,1.271620750427246094e+01
-2.054753875732421875e+01,-5.397837162017822266e+00
-3.061215019226074219e+01,-1.806723022460937500e+01
-1.490902042388916016e+01,8.923150062561035156e+00
-2.987687683105468750e+01,1.434997177124023438e+01
-1.945927238464355469e+01,-1.526821517944335938e+01
-2.561434745788574219e+01,-7.436000823974609375e+00
-3.550120925903320312e+01,5.256496906280517578e+00
-2.810597181320190430e+00,1.517845511436462402e+00
-1.594650149345397949e+00,-1.652884101867675781e+01
-2.532180976867675781e+01,-1.559415626525878906e+01
-3.046949005126953125e+01,-1.500888442993164062e+01
-1.486406612396240234e+01,2.183199119567871094e+01
-1.603684425354003906e+01,-1.812697792053222656e+01
-1.079382228851318359e+01,-7.013912677764892578e+00
-4.710097312927246094e+00,1.282747268676757812e+01
-3.359581756591796875e+01,9.322192192077636719e+00
-1.110845088958740234e+01,-1.278842258453369141e+01
-7.115645408630371094e+00,-1.739328002929687500e+01
-2.800029563903808594e+01,1.040954208374023438e+01
-2.421865844726562500e+01,-1.373201751708984375e+01
3.548104047775268555e+00,2.210828018188476562e+01
4.695653438568115234e+00,-9.020804405212402344e+00
-9.547066688537597656e+00,-2.108492660522460938e+01
-1.380933284759521484e+00,-3.446980476379394531e+00
-3.035474967956542969e+01,1.006964969635009766e+01
-2.044022178649902344e+01,-1.256667017936706543e+00
8.177710533142089844e+00,-1.129592704772949219e+01
8.816535472869873047e-01,1.111917018890380859e+00
2.439822435379028320e+00,-5.663778781890869141e-01
-8.374986648559570312e+00,-2.198180389404296875e+01
7.155105590820312500e+00,-1.345809745788574219e+01
-2.420412063598632812e+01,-4.024358272552490234e+00
-1.369524955749511719e+01,-5.380947589874267578e+00
-2.683181571960449219e+01,-8.960282206535339355e-01
-9.569453239440917969e+00,4.225977420806884766e+00
-6.942714214324951172e+00,1.876650428771972656e+01
-5.694762706756591797e+00,-5.548985958099365234e+00
-2.510005569458007812e+01,2.913998842239379883e+00
-2.391802406311035156e+01,2.043217849731445312e+01
-4.627523899078369141e+00,1.050609207153320312e+01
-5.344897508621215820e-01,-1.701206970214843750e+01
-5.759928226470947266e-01,-2.132738530635833740e-01
-1.235709762573242188e+01,-1.795110130310058594e+01
-2.551801300048828125e+01,-1.914744377136230469e+01
-1.643379592895507812e+01,-2.468049240112304688e+01
-6.507176876068115234e+00,-1.385343551635742188e+01
-2.183150100708007812e+01,-1.590814876556396484e+01
-2.940448188781738281e+01,-3.746798276901245117e+00
1.593138885498046875e+01,2.824962234497070312e+01
-1.254425716400146484e+01,-1.867281532287597656e+01
-7.441611289978027344e+00,-4.605321884155273438e+00
-6.312697887420654297e+00,1.934307670593261719e+01
-9.111191749572753906e+00,-4.918530285358428955e-01
2.740068197250366211e+00,2.038778495788574219e+01
-7.519560337066650391e+00,4.806510508060455322e-01
-6.619608879089355469e+00,-1.346609973907470703e+01
-8.301745414733886719e+00,2.531403350830078125e+01
5.776630401611328125e+00,-1.733870124816894531e+01
-6.159359455108642578e+00,-8.676922798156738281e+00
-1.756599998474121094e+01,-1.939897346496582031e+01
5.826642036437988281e+00,7.524168968200683594e+00
-1.428299522399902344e+01,5.107686519622802734e+00
-1.653388381004333496e+00,6.291793823242187500e+00
-3.572161495685577393e-01,-7.577732563018798828e+00
-2.054589843750000000e+01,4.778286457061767578e+00
-1.476185512542724609e+01,4.717892169952392578e+00
-1.522705745697021484e+01,-1.880130958557128906e+01
-4.025083541870117188e+00,5.964431285858154297e+00
-1.643815994262695312e+01,-1.832588768005371094e+01
-1.768610596656799316e+00,8.005968093872070312e+00
1.330527114868164062e+01,-1.136356258392333984e+01
-6.066569805145263672e+00,-2.759310531616210938e+01
-3.543095290660858154e-01,1.337519550323486328e+01
-7.923342227935791016e+00,-1.542088317871093750e+01
2.033215045928955078e+00,-1.445041465759277344e+01
1.480756568908691406e+01,-1.236426162719726562e+01
-2.099511325359344482e-01,-1.318535804748535156e+01
-3.387434005737304688e+01,-1.649470710754394531e+01
-8.255189895629882812e+00,-9.518923759460449219e+00
4.437045097351074219e+00,-1.590926265716552734e+01
1.630971908569335938e+01,-9.062969207763671875e+00
-1.476845169067382812e+01,-9.641700744628906250e+00
-1.756878662109375000e+01,-2.261684894561767578e+00
-1.479846668243408203e+01,-2.371541213989257812e+01
-1.297447443008422852e+00,3.001512050628662109e+00
-3.941905498504638672e+00,-1.690490150451660156e+01
-1.316834449768066406e+01,2.129983186721801758e+00
6.774665355682373047e+00,-9.648420333862304688e+00
-1.506954956054687500e+01,-2.696335411071777344e+01
-1.639118766784667969e+01,1.967120933532714844e+01
-1.792160797119140625e+01,2.016152381896972656e+01
-4.723191738128662109e+00,2.085516166687011719e+01
-6.026005268096923828e+00,-1.834227561950683594e+01
1.073273277282714844e+01,-8.843091011047363281e+00
-8.166388511657714844e+00,-1.082035160064697266e+01
-2.020136356353759766e+00,1.383139514923095703e+01
-2.557696342468261719e+01,-4.300701618194580078e+00
5.464684486389160156e+00,1.120996284484863281e+01
-2.157537269592285156e+01,-1.531028175354003906e+01
-1.012466430664062500e+01,1.282226920127868652e+00
2.828730344772338867e+00,2.097966766357421875e+01
-2.502902603149414062e+01,5.304128646850585938e+00
-2.125498771667480469e+01,-5.875340938568115234e+00
5.521224498748779297e+00,-4.429186344146728516e+00
6.671645641326904297e+00,1.691061210632324219e+01
-9.222916960716247559e-01,1.908939599990844727e+00
-3.223424911499023438e+01,8.750542402267456055e-01
-3.248994445800781250e+01,-1.165920352935791016e+01
-7.253951549530029297e+00,6.858373641967773438e+00
-8.448006629943847656e+00,2.026405334472656250e+01
-8.436268806457519531e+00,1.159088420867919922e+01
-1.807812500000000000e+01,-7.555487155914306641e+00
-3.246916198730468750e+01,1.661302566528320312e+00
-2.082404518127441406e+01,9.162271499633789062e+00
-7.128627777099609375e+01,1.284059643745422363e+00
-6.979159545898437500e+01,2.695324420928955078e+00
-6.676974487304687500e+01,3.410135805606842041e-01
-7.138511657714843750e+01,1.577456116676330566e+00
-7.123233795166015625e+01,-7.052503824234008789e-01
-7.206707000732421875e+01,3.196514129638671875e+00
-6.916358184814453125e+01,1.979152083396911621e+00
-6.613878631591796875e+01,3.698035180568695068e-01
-6.738011932373046875e+01,2.677190303802490234e+00
-6.876113128662109375e+01,-1.068365648388862610e-01
-6.814411163330078125e+01,3.032914400100708008e+00
-6.946280670166015625e+01,-2.136026471853256226e-01
-6.787422180175781250e+01,3.176134347915649414e+00
-6.937140655517578125e+01,1.428732275962829590e+00
-6.862472534179687500e+01,-1.937153697013854980e+00
-7.023330688476562500e+01,1.120683073997497559e+00
-6.634176635742187500e+01,1.483008027076721191e+00
-7.245977020263671875e+01,-3.410612940788269043e-01
-7.013475036621093750e+01,1.971721053123474121e+00
-7.066949462890625000e+01,-2.225895166397094727e+00
-7.260789489746093750e+01,9.338344931602478027e-01
-6.773258972167968750e+01,-9.197476506233215332e-01
-7.241627502441406250e+01,1.663667917251586914e+00
-7.287826538085937500e+01,3.337704896926879883e+00
-6.966412353515625000e+01,-1.141604661941528320e+00
-6.761667633056640625e+01,4.232272624969482422e+00
-7.149308776855468750e+01,1.097539782524108887e+00
-6.975628662109375000e+01,1.430515646934509277e+00
-6.927768707275390625e+01,5.825719833374023438e-01
-7.115487670898437500e+01,1.831317096948623657e-01
-6.872209167480468750e+01,1.334460973739624023e+00
-7.218832397460937500e+01,2.490959644317626953e+00
-6.941336822509765625e+01,-6.327047944068908691e-01
-7.133647918701171875e+01,3.387012720108032227e+00
-7.174357604980468750e+01,1.925824403762817383e+00
-7.071040344238281250e+01,-7.210185527801513672e-01
-7.060257720947265625e+01,1.245830178260803223e+00
-7.080412292480468750e+01,3.337615728378295898e+00
-7.096552276611328125e+01,3.323249340057373047e+00
-7.016821289062500000e+01,2.411944389343261719e+00
-6.809143829345703125e+01,1.579038977622985840e+00
-7.039949035644531250e+01,3.599144518375396729e-01
-6.889832305908203125e+01,8.572113513946533203e-01
-6.669657135009765625e+01,1.678533911705017090e+00
-7.111308288574218750e+01,2.961147308349609375e+00
-7.077194213867187500e+01,1.733595252037048340e+00
-6.799001312255859375e+01,1.990705728530883789e-01
-7.057479858398437500e+01,4.830264091491699219e+00
-6.947024536132812500e+01,3.066098928451538086e+00
-6.524328613281250000e+01,7.512214779853820801e-01
-6.938384246826171875e+01,4.298766136169433594e+00
1.521429061889648438e+01,1.215389347076416016e+01
2.203646469116210938e+01,-1.389975357055664062e+01
3.090621757507324219e+01,-4.545479774475097656e+00
7.491330623626708984e+00,1.421869850158691406e+01
2.219388198852539062e+01,-8.571755409240722656e+00
4.959699630737304688e+01,-1.973161220550537109e+00
4.249158859252929688e+01,-6.246938705444335938e+00
1.984782028198242188e+01,-8.086352944374084473e-01
3.332712936401367188e+01,-8.233676910400390625e+00
2.034251976013183594e+01,9.258803367614746094e+00
2.042660140991210938e+01,-7.935227394104003906e+00
3.078788185119628906e+01,1.492037296295166016e+01
4.542530822753906250e+01,3.652548074722290039e+00
2.496182250976562500e+01,2.094349712133407593e-01
3.155751991271972656e+01,1.775708961486816406e+01
3.666133117675781250e+01,-1.288422775268554688e+01
3.262793350219726562e+01,1.623113250732421875e+01
3.804901504516601562e+01,2.503712177276611328e-01
2.615967369079589844e+01,1.258208370208740234e+01
2.478308296203613281e+01,8.803995132446289062e+00
4.252619934082031250e+01,-5.029975891113281250e+00
3.163941764831542969e+01,-8.991745948791503906e+00
2.641351127624511719e+01,8.949979782104492188e+00
6.172634124755859375e+00,4.305479049682617188e+00
2.196652793884277344e+01,1.121023654937744141e+01
4.921136093139648438e+01,-1.802374362945556641e+00
3.301066970825195312e+01,-2.333862781524658203e+00
7.742577552795410156e+00,-4.526299953460693359e+00
1.332263278961181641e+01,-2.482868582010269165e-01
3.443984985351562500e+01,-1.259881973266601562e+01
4.194006347656250000e+01,-3.033656358718872070e+00
3.442109298706054688e+01,-1.557798767089843750e+01
4.245502090454101562e+01,3.432813167572021484e+00
3.563921737670898438e+01,4.043593883514404297e+00
3.576475524902343750e+01,-3.257309198379516602e+00
3.220197677612304688e+01,1.633131408691406250e+01
3.795797729492187500e+01,-4.421893596649169922e+00
7.692388057708740234e+00,7.150361061096191406e+00
3.708438110351562500e+01,8.602311611175537109e-01
3.844311523437500000e+01,8.712233543395996094e+00
4.111366271972656250e+01,3.203683853149414062e+00
1.335982036590576172e+01,2.244263648986816406e+00
4.419475173950195312e+01,6.608498573303222656e+00
9.491137504577636719e+00,5.715291500091552734e+00
2.870217895507812500e+01,1.010516071319580078e+01
2.458984565734863281e+01,1.556939792633056641e+01
1.817495727539062500e+01,-3.777226686477661133e+00
1.046638584136962891e+01,7.856624603271484375e+00
1.452616024017333984e+01,2.106932640075683594e+01
3.276171112060546875e+01,1.324342250823974609e+01
8.843944549560546875e+00,-1.216540455818176270e+00
1.558029747009277344e+01,-1.035560226440429688e+01
1.131173419952392578e+01,1.730951118469238281e+01
1.556357479095458984e+01,7.522225856781005859e+00
3.400617980957031250e+01,1.704675865173339844e+01
2.452677726745605469e+01,1.806447029113769531e+01
1.543487453460693359e+01,1.222058105468750000e+01
2.383058166503906250e+01,7.275675773620605469e+00
3.298482894897460938e+01,6.302193641662597656e+00
3.467448425292968750e+01,2.133428001403808594e+01
3.092628860473632812e+01,3.833769321441650391e+00
1.057338809967041016e+01,1.385651397705078125e+01
8.407586097717285156e+00,4.409961700439453125e+00
2.030876731872558594e+01,-1.292878818511962891e+01
3.044301033020019531e+01,-3.782554864883422852e+00
3.796092605590820312e+01,-2.582099199295043945e+00
3.774324417114257812e+01,-8.767715454101562500e+00
4.148467636108398438e+01,-1.124985694885253906e+00
4.228240966796875000e+01,-1.242461055517196655e-02
1.333771133422851562e+01,1.029700374603271484e+01
2.715587425231933594e+01,-1.123668003082275391e+01
3.546489334106445312e+01,5.557578563690185547e+00
2.705992317199707031e+01,-7.740164995193481445e-01
2.941656494140625000e+01,1.731935119628906250e+01
8.303301811218261719e+00,1.078346920013427734e+01
2.878379631042480469e+01,-5.428266048431396484e+00
2.305208396911621094e+01,5.047679901123046875e+00
1.481564998626708984e+01,-1.043646335601806641e+01
2.708474731445312500e+01,-1.371259689331054688e+01
1.573066616058349609e+01,-1.716328811645507812e+01
2.908835220336914062e+01,2.435951232910156250e+01
1.127192115783691406e+01,6.121991634368896484e+00
1.140242767333984375e+01,-4.839438915252685547e+00
2.458705902099609375e+01,-7.642502784729003906e+00
1.320986366271972656e+01,-1.024122810363769531e+01
3.421145629882812500e+01,2.415902137756347656e+00
3.714714813232421875e+01,3.759807586669921875e+00
3.507857131958007812e+01,-2.733922958374023438e+00
1.449381446838378906e+01,7.399855136871337891e+00
3.006564903259277344e+01,-4.385519981384277344e+00
2.854379463195800781e+01,-2.568865060806274414e+00
2.602213478088378906e+01,1.566174793243408203e+01
1.204825496673583984e+01,1.216582202911376953e+01
3.185866355895996094e+01,1.143267154693603516e+01
1.765777206420898438e+01,8.817662239074707031e+00
2.156585121154785156e+01,-4.378073215484619141e+00
3.457356643676757812e+01,-8.001863360404968262e-01
4.438708114624023438e+01,1.140704274177551270e+00
3.103577995300292969e+01,1.627758598327636719e+01
2.709756278991699219e+01,-1.707653808593750000e+01
3.064528083801269531e+01,-2.344045877456665039e+00
2.736297988891601562e+01,-6.577719688415527344e+00
2.467842864990234375e+01,-7.668303489685058594e+00
3.275405120849609375e+01,-1.176193833351135254e+00
4.012203216552734375e+01,4.915572166442871094e+00
2.386837005615234375e+01,7.610667705535888672e+00
9.924152374267578125e+00,1.639967155456542969e+01
2.725452041625976562e+01,-5.195493221282958984e+00
2.617026710510253906e+01,-2.353007316589355469e+00
1.177151775360107422e+01,7.557884693145751953e+00
3.025719833374023438e+01,1.850076484680175781e+01
2.797180366516113281e+01,-1.547650241851806641e+01
3.294410324096679688e+01,5.064430236816406250e+00
2.804973983764648438e+01,-5.645643711090087891e+00
2.262181854248046875e+01,-2.313077926635742188e+00
1.216676998138427734e+01,2.058718919754028320e+00
3.090811347961425781e+01,-2.458046913146972656e+00
4.466185760498046875e+01,7.596807479858398438e+00
2.375823974609375000e+01,2.262650871276855469e+01
1.220230293273925781e+01,-2.354985237121582031e+00
1.966427922248840332e+00,4.271184921264648438e+00
2.146245574951171875e+01,-4.160295009613037109e+00
3.852676010131835938e+01,9.893539428710937500e+00
2.825095176696777344e+01,-9.858219146728515625e+00
2.932061767578125000e+01,3.402926325798034668e-01
3.832337570190429688e+01,6.154024124145507812e+00
3.920180511474609375e+01,2.397118568420410156e+00
1.700255203247070312e+01,-6.010561466217041016e+00
3.289503860473632812e+01,-1.031580924987792969e+01
3.700594329833984375e+01,-1.331266212463378906e+01
4.204135513305664062e+01,7.151369571685791016e+00
2.005982398986816406e+01,2.014704322814941406e+01
1.544561100006103516e+01,-1.390485095977783203e+01
2.671260833740234375e+01,2.927246809005737305e+00
2.529422569274902344e+01,-1.956736922264099121e+00
1.621214866638183594e+01,1.188746261596679688e+01
2.557197189331054688e+01,-1.179659938812255859e+01
2.505119514465332031e+01,-9.721271514892578125e+00
2.803270721435546875e+01,-1.502371692657470703e+01
1.611045265197753906e+01,-3.315928936004638672e+00
4.154812240600585938e+01,8.791685104370117188e+00
2.233044624328613281e+01,5.906502246856689453e+00
3.309689331054687500e+01,1.591840839385986328e+01
2.649179267883300781e+01,-2.006103038787841797e+00
1.743978881835937500e+01,2.462667971849441528e-02
2.515362739562988281e+01,-3.775625467300415039e+00
3.529455566406250000e+01,-1.069020843505859375e+01
2.186189270019531250e+01,-1.603517913818359375e+01
1.369979286193847656e+01,-1.440429687500000000e+01
1.807493400573730469e+01,-1.330122852325439453e+01
1.568368911743164062e+01,4.850241184234619141e+00
4.067663955688476562e+01,-9.607175827026367188e+00
4.377878570556640625e+01,9.759039878845214844e+00
3.623638153076171875e+01,-1.241697406768798828e+01
3.232922363281250000e+01,6.076381206512451172e+00
1.842057991027832031e+01,1.523611259460449219e+01
2.888389587402343750e+01,5.510144233703613281e+00
1.560108661651611328e+01,-7.948334217071533203e-01
2.725239181518554688e+01,1.519534683227539062e+01
1.404486179351806641e+01,5.517825126647949219e+00
2.008240509033203125e+01,1.088812923431396484e+01
2.104054450988769531e+01,-6.243342399597167969e+00
2.052428817749023438e+01,1.561935067176818848e+00
2.934352684020996094e+01,-1.373133182525634766e+00
1.940421485900878906e+01,-1.592322921752929688e+01
2.767835235595703125e+01,3.108214616775512695e+00
3.738452148437500000e+01,1.045784473419189453e+01
2.800881958007812500e+01,1.173689365386962891e+00
2.817492485046386719e+01,-9.909213066101074219e+00
2.306998252868652344e+01,-1.103087615966796875e+01
2.763687133789062500e+01,-7.488358974456787109e+00
9.452090263366699219e+00,8.379710197448730469e+00
1.527191257476806641e+01,-2.406584978103637695e+00
2.947731399536132812e+01,4.125392735004425049e-01
3.461171722412109375e+01,-8.269493103027343750e+00
3.614241027832031250e+01,-3.930700123310089111e-01
1.592645454406738281e+01,-8.705259323120117188e+00
2.406948471069335938e+01,1.378079986572265625e+01
3.152499771118164062e+01,1.110490798950195312e+01
2.563219070434570312e+01,5.651749610900878906e+00
3.159733581542968750e+01,-8.902133941650390625e+00
-6.529994010925292969e-01,2.254026603698730469e+01
1.987538146972656250e+01,-4.580058097839355469e+00
3.200990295410156250e+01,-6.614407062530517578e+00
1.221977996826171875e+01,-1.020122241973876953e+01
4.271699905395507812e+01,-9.150444269180297852e-01
1.299025535583496094e+01,2.052095681428909302e-01
2.660971641540527344e+01,5.597996711730957031e+00
3.646145629882812500e+01,-2.455422878265380859e-01
2.348591232299804688e+01,1.112385272979736328e+01
4.791339492797851562e+01,-4.535082340240478516e+00
2.551423645019531250e+01,-1.428182220458984375e+01
4.043811416625976562e+01,-2.937251806259155273e+00
3.334829330444335938e+01,-1.193537139892578125e+01
1.756884384155273438e+01,-1.421174883842468262e+00
2.935146713256835938e+01,-7.663716316223144531e+00
4.425033187866210938e+01,-4.218151569366455078e+00
4.018674850463867188e+01,5.037041664123535156e+00
4.339383697509765625e+01,8.682621002197265625e+00
1.869351005554199219e+01,6.972364783287048340e-01
2.982775688171386719e+01,1.143861389160156250e+01
4.161091995239257812e+01,1.559140563011169434e+00
2.448233604431152344e+01,1.739328193664550781e+01
4.121915817260742188e+01,-2.874885797500610352e+00
1.681299591064453125e+01,2.808293724060058594e+01
3.922634887695312500e+01,4.629742145538330078e+00
4.504230499267578125e+01,1.003626728057861328e+01
7.963052749633789062e+00,4.845617771148681641e+00
3.057826995849609375e+01,-1.249264335632324219e+01
3.094957923889160156e+01,-1.249522209167480469e+01
1.849214935302734375e+01,-7.691396236419677734e+00
2.002116966247558594e+01,-2.828489542007446289e+00
3.666727828979492188e+01,-8.193223953247070312e+00
2.813468170166015625e+01,2.186287117004394531e+01
3.797459411621093750e+01,-9.372200012207031250e+00
1.769921302795410156e+01,3.441227436065673828e+00
1.629725837707519531e+01,2.804527854919433594e+01
4.409741973876953125e+01,9.932857513427734375e+00
1.546569633483886719e+01,3.873692989349365234e+00
4.308226776123046875e+01,-1.062464046478271484e+01
3.168090057373046875e+01,1.046232342720031738e+00
3.417346572875976562e+01,2.287484169006347656e+00
4.134555435180664062e+01,1.432961750030517578e+01
2.105950927734375000e+01,8.254407882690429688e+00
2.966347122192382812e+01,1.770046424865722656e+01
2.046850395202636719e+01,1.766451454162597656e+01
1.238772296905517578e+01,7.801946163177490234e+00
2.540676498413085938e+01,6.398630619049072266e+00
1.532852840423583984e+01,6.352492332458496094e+00
1.934479904174804688e+01,-9.243714332580566406e+00
3.382566070556640625e+01,-8.107980728149414062e+00
3.778421401977539062e+01,8.516233444213867188e+00
2.709667205810546875e+01,1.040717601776123047e+01
3.236448669433593750e+01,-1.105090522766113281e+01
3.526827239990234375e+01,7.007112026214599609e+00
1.447209644317626953e+01,1.693997144699096680e+00
1.425945568084716797e+01,8.903788566589355469e+00
3.064031028747558594e+01,-1.100396251678466797e+01
2.908822631835937500e+01,8.537578582763671875e+00
2.577630996704101562e+01,-1.973999595642089844e+01
4.438404846191406250e+01,-1.444211006164550781e+00
1.024098682403564453e+01,9.914826393127441406e+00
5.134315013885498047e+00,5.549778461456298828e+00
1.387674903869628906e+01,-4.938684940338134766e+00
2.547156715393066406e+01,1.475165843963623047e+01
2.124841499328613281e+01,5.331736564636230469e+00
3.543398284912109375e+01,-1.311686611175537109e+01
3.025020217895507812e+01,-6.438929557800292969e+00
2.328933143615722656e+01,1.177461910247802734e+01
1.952294731140136719e+01,-8.795643448829650879e-01
7.378683090209960938e+00,1.906476974487304688e+01
4.819339752197265625e+01,-1.204171299934387207e+00
1.785787200927734375e+01,-1.352085971832275391e+01
1.653489112854003906e+01,-3.111572027206420898e+00
2.579175376892089844e+01,7.599011898040771484e+00
2.333781433105468750e+01,1.112598299980163574e+00
3.392581176757812500e+01,-7.592452049255371094e+00
2.362315750122070312e+01,3.181346654891967773e+00
3.039720535278320312e+01,2.224718284606933594e+01
2.070750999450683594e+01,7.990504264831542969e+00
1.766276550292968750e+01,8.856612205505371094e+00
2.996744346618652344e+01,6.420385360717773438e+00
1.963339233398437500e+01,-2.908354997634887695e+00
3.631811523437500000e+01,-7.465683937072753906e+00
2.929046058654785156e+01,-1.293459415435791016e+01
3.457247924804687500e+01,2.560248374938964844e+00
2.215809583663940430e+00,2.187974452972412109e+00
3.630721664428710938e+01,-8.187886238098144531e+00
2.904549407958984375e+01,1.049654769897460938e+01
-2.648867845535278320e+00,2.639765357971191406e+01
2.939799880981445312e+01,1.497375583648681641e+01
1.705417633056640625e+01,1.624031639099121094e+01
4.785613632202148438e+01,6.622716188430786133e-01
1.910100173950195312e+01,6.673577785491943359e+00
3.343801116943359375e+01,-4.491751670837402344e+00
2.315801429748535156e+01,1.368697929382324219e+01
3.113552093505859375e+01,4.089831829071044922e+00
2.868356895446777344e+01,8.202048301696777344e+00
2.397133064270019531e+01,-8.700753211975097656e+00
3.713856124877929688e+01,5.736838340759277344e+00
2.236558341979980469e+01,-1.264848423004150391e+01
3.486302947998046875e+01,7.346199989318847656e+00
1.475699043273925781e+01,-4.884926795959472656e+00
2.253519630432128906e+01,2.180292892456054688e+01
3.590183639526367188e+01,-2.231901645660400391e+00
1.925745391845703125e+01,-5.386486530303955078e+00
3.522037506103515625e+01,5.405101776123046875e+00
1.569354724884033203e+01,-8.065397262573242188e+00
1.898574256896972656e+01,9.450672149658203125e+00
1.306178474426269531e+01,3.972649812698364258e+00
3.846371841430664062e+01,-8.526066780090332031e+00
3.159413146972656250e+01,2.163776588439941406e+01
1.913251304626464844e+01,-2.016796171665191650e-01
3.391794204711914062e+01,7.354030132293701172e+00
5.431916713714599609e+00,1.077521514892578125e+01
3.258707809448242188e+01,-1.130014324188232422e+01
3.786247253417968750e+01,3.236671924591064453e+00
4.402973175048828125e+00,2.829282283782958984e+00
7.765308380126953125e+00,6.784294128417968750e+00
2.609994316101074219e+01,1.247680950164794922e+01
3.763626098632812500e+01,-1.145336532592773438e+01
2.982038497924804688e+01,-1.383481144905090332e+00
2.089045524597167969e+01,1.843173408508300781e+01
2.883067321777343750e+01,5.190161705017089844e+00
1.913193893432617188e+01,1.666110992431640625e+00
2.155208206176757812e+01,1.481660175323486328e+01
3.246774673461914062e+01,1.140075492858886719e+01
3.739985275268554688e+01,2.464298725128173828e+00
3.563502502441406250e+01,6.851381063461303711e-01
3.825791931152343750e+01,2.704790353775024414e+00
4.075190353393554688e+01,-7.327051162719726562e+00
1.456901931762695312e+01,1.509351634979248047e+01
1.844203758239746094e+01,2.557541084289550781e+01
2.865679931640625000e+01,1.796738815307617188e+01
1.360832786560058594e+01,-1.106293010711669922e+01
1.905680274963378906e+01,1.204982662200927734e+01
2.741980361938476562e+01,1.781009483337402344e+01
2.470243835449218750e+01,-4.986092567443847656e+00
1.834959793090820312e+01,-1.680972099304199219e+01
1.411329936981201172e+01,2.321527862548828125e+01
3.848336791992187500e+01,-5.010673999786376953e+00
1.622441291809082031e+01,8.956267833709716797e-01
1.626665115356445312e+01,1.795759773254394531e+01
3.607279586791992188e+01,-2.355582863092422485e-01
3.967895126342773438e+01,-1.141387462615966797e+01
1.945528221130371094e+01,2.480943918228149414e+00
1.730360984802246094e+01,-8.799174427986145020e-01
3.356598663330078125e+01,3.845399320125579834e-01
2.441621208190917969e+01,1.638279533386230469e+01
2.997657394409179688e+01,2.584758520126342773e+00
3.292837142944335938e+01,-2.443251132965087891e+00
2.418188095092773438e+01,-1.460302639007568359e+01
3.952899932861328125e+01,8.101088523864746094e+00
3.034864616394042969e+01,1.314051723480224609e+01
1.728669929504394531e+01,4.814618587493896484e+00
6.093140602111816406e+00,2.622030830383300781e+01
1.731969451904296875e+01,2.271228790283203125e+01
4.442030334472656250e+01,7.568248510360717773e-01
3.794067764282226562e+01,-5.163227081298828125e+00
4.288512802124023438e+01,1.296970129013061523e+00
1.442886829376220703e+01,1.343491935729980469e+01
1.054903316497802734e+01,-4.557990074157714844e+00
3.366136550903320312e+01,1.153172206878662109e+01
3.268922042846679688e+01,2.126593971252441406e+01
4.682025146484375000e+01,-1.567370772361755371e+00
8.246570587158203125e+00,3.892186582088470459e-01
1.483298397064208984e+01,1.101262569427490234e+01
9.630476951599121094e+00,-1.933646559715270996e+00
1.931742286682128906e+01,-1.152821636199951172e+01
3.761065959930419922e+00,1.002663326263427734e+01
1.802499771118164062e+01,2.117790699005126953e+00
4.200424957275390625e+01,1.013691306114196777e+00
2.926569938659667969e+01,-4.927546024322509766e+00
4.283563995361328125e+01,7.347597599029541016e+00
1.526221370697021484e+01,-1.629709625244140625e+01
1.570083427429199219e+01,2.184184074401855469e+01
2.251314735412597656e+01,-1.512748622894287109e+01
2.186984825134277344e+01,-2.014627075195312500e+01
3.942053985595703125e+01,4.132611304521560669e-02
2.769570159912109375e+01,-9.247402548789978027e-01
4.441117477416992188e+01,-4.356208801269531250e+00
3.217627716064453125e+01,-4.536624431610107422e+00
1.104478836059570312e+01,-8.632448196411132812e+00
3.802426147460937500e+01,-5.972292423248291016e+00
2.570179557800292969e+01,7.695334911346435547e+00
4.118025588989257812e+01,2.150602579116821289e+00
2.963489151000976562e+01,1.637256431579589844e+01
3.363347625732421875e+01,-5.342526912689208984e+00
2.873527717590332031e+01,1.306995773315429688e+01
2.419190406799316406e+01,-8.962557792663574219e+00
2.472331428527832031e+01,2.356432437896728516e+00
2.655318069458007812e+01,1.420759201049804688e+01
3.441858673095703125e+01,1.496789550781250000e+01
4.767466354370117188e+01,-3.959172964096069336e-01
2.136781120300292969e+01,7.447212338447570801e-01
2.572901535034179688e+01,-1.198560619354248047e+01
2.382982254028320312e+01,-7.205433845520019531e+00
4.071181488037109375e+01,5.201821327209472656e-01
1.569005584716796875e+01,9.729240417480468750e+00
1.355441379547119141e+01,-5.987915992736816406e-01
4.087210083007812500e+01,-6.399115562438964844e+00
3.292905426025390625e+01,3.224758863449096680e+00
1.657222747802734375e+01,6.750851154327392578e+00
3.346791839599609375e+01,-4.520351409912109375e+00
2.369055747985839844e+01,8.000000566244125366e-02
3.463321924209594727e+00,6.415155410766601562e+00
3.099121284484863281e+01,-1.298484611511230469e+01
4.213590621948242188e+01,4.162514209747314453e+00
2.200891304016113281e+01,-2.409618616104125977e+00
2.702895927429199219e+01,-4.247390270233154297e+00
3.450346755981445312e+01,-4.652675628662109375e+00
2.197224426269531250e+01,-1.054317474365234375e+00
4.336336898803710938e+01,1.048003673553466797e+01
2.513886070251464844e+01,4.294176101684570312e+00
4.340947723388671875e+01,8.831946372985839844e+00
1.386195468902587891e+01,7.619717121124267578e+00
1.392116069793701172e+01,9.943907737731933594e+00
2.970237731933593750e+01,2.242167854309082031e+01
3.531498336791992188e+01,2.152323722839355469e+01
2.629511260986328125e+01,2.169138908386230469e+01
3.838527679443359375e+01,1.099500942230224609e+01
8.423956871032714844e+00,1.155096817016601562e+01
2.497875022888183594e+01,-1.210725212097167969e+01
1.080453491210937500e+01,-2.256108075380325317e-01
2.185381507873535156e+01,3.407057285308837891e+00
2.331116104125976562e+01,1.628493309020996094e+01
5.465114116668701172e+00,2.189513778686523438e+01
3.835219573974609375e+01,1.087534809112548828e+01
4.132080459594726562e+01,-6.580183506011962891e+00
1.015155601501464844e+01,-4.748514652252197266e+00
3.555246734619140625e+01,3.665756702423095703e+00
1.228792476654052734e+01,-1.868838500976562500e+01
1.721672439575195312e+01,-2.060137367248535156e+01
3.144166755676269531e+01,-1.373841667175292969e+01
1.427948665618896484e+01,1.949373817443847656e+01
2.611863517761230469e+01,-1.554682254791259766e+01
3.283697891235351562e+01,1.089992618560791016e+01
3.851856613159179688e+01,-5.896176099777221680e-01
3.074851989746093750e+01,1.045685386657714844e+01
1.310096359252929688e+01,1.476727771759033203e+01
2.230633735656738281e+01,1.359149646759033203e+01
3.951353073120117188e+01,8.149543762207031250e+00
2.678845977783203125e+01,2.105707550048828125e+01
3.054858398437500000e+01,2.282466125488281250e+01
9.334128379821777344e+00,2.736873388290405273e+00
2.162141609191894531e+01,1.551751518249511719e+01
3.216281890869140625e+01,6.449558258056640625e+00
1.138986206054687500e+01,1.230360412597656250e+01
9.088129043579101562e+00,5.720024704933166504e-01
1.717092895507812500e+01,2.577431201934814453e+00
3.813034057617187500e+01,-6.393872261047363281e+00
2.477241897583007812e+01,1.093746852874755859e+01
2.000083351135253906e+01,2.036282157897949219e+01
2.440751266479492188e+01,8.515233039855957031e+00
2.412114143371582031e+01,-1.422502279281616211e+00
2.340165901184082031e+01,1.316279530525207520e+00
2.332940101623535156e+01,-1.387575054168701172e+01
1.217348766326904297e+01,-1.877796745300292969e+01
2.836566352844238281e+01,1.980946731567382812e+01
2.888985633850097656e+01,2.441660308837890625e+01
1.739182090759277344e+01,8.575897663831710815e-02
3.817243576049804688e+01,7.829044461250305176e-01
1.747214698791503906e+01,3.756325244903564453e+00
2.882584190368652344e+01,6.361099720001220703e+00
3.051102066040039062e+01,8.177338600158691406e+00
4.011188125610351562e+01,-3.275960445404052734e+00
4.011630630493164062e+01,-5.949332714080810547e+00
1.958842277526855469e+01,2.930586576461791992e+00
4.028480911254882812e+01,1.590721797943115234e+01
2.358054542541503906e+01,2.384236717224121094e+01
3.160095024108886719e+01,-1.508406829833984375e+01
2.476546478271484375e+01,-3.467527389526367188e+00
1.024848937988281250e+01,1.621026992797851562e+01
3.151058959960937500e+01,-1.555331993103027344e+01
2.277273559570312500e+01,-6.165825843811035156e+00
2.149579811096191406e+01,-1.957827949523925781e+01
1.810341644287109375e+01,1.287265205383300781e+01
2.698796844482421875e+01,1.038780593872070312e+01
2.421183586120605469e+01,-1.105826950073242188e+01
2.268227386474609375e+01,-1.359437656402587891e+01
1.799242401123046875e+01,-1.146661949157714844e+01
4.102294921875000000e+01,1.084698295593261719e+01
1.173454284667968750e+01,1.924139976501464844e+01
3.907786560058593750e+01,2.805375576019287109e+00
3.731748962402343750e+01,1.361011219024658203e+01
7.865984439849853516e+00,-1.375066852569580078e+01
2.963897132873535156e+01,1.268788814544677734e+01
2.149934959411621094e+01,-5.012770652770996094e+00
4.270864868164062500e+01,-2.385906219482421875e+00
2.834877014160156250e+01,7.631425380706787109e+00
1.998130226135253906e+01,5.238602638244628906e+00
3.795410919189453125e+01,1.672954177856445312e+01
1.645826339721679688e+01,2.279291152954101562e+01
7.021096229553222656e+00,1.428802394866943359e+01
2.326593971252441406e+01,9.086140632629394531e+00
1.594715690612792969e+01,2.596552276611328125e+01
2.646730613708496094e+01,2.528125286102294922e+00
2.158787536621093750e+01,5.405900955200195312e+00
1.711521911621093750e+01,-9.548698425292968750e+00
1.472883892059326172e+01,-5.071409225463867188e+00
3.173142814636230469e+01,1.261809062957763672e+01
5.303837776184082031e+00,3.894202470779418945e+00
2.207689857482910156e+01,2.964824199676513672e+00
1.041163063049316406e+01,7.668147087097167969e+00
2.904827880859375000e+01,3.416077613830566406e+00
2.838909149169921875e+01,-6.152847290039062500e+00
6.093823432922363281e+00,2.624707031250000000e+01
6.426266670227050781e+00,1.900687217712402344e+01
3.823358917236328125e+01,-1.075417041778564453e+00
1.594596481323242188e+01,6.022924423217773438e+00
7.257457256317138672e+00,2.792841672897338867e+00
2.644442176818847656e+01,1.960374236106872559e+00
3.133019447326660156e+01,-5.852405548095703125e+00
1.151138782501220703e+01,-1.614284896850585938e+01
2.809734725952148438e+01,1.494177055358886719e+01
3.069336509704589844e+01,-7.422730445861816406e+00
2.198936843872070312e+01,-8.367100954055786133e-01
2.498334884643554688e+01,-1.421464061737060547e+01
2.648468971252441406e+01,7.062525153160095215e-01
4.815146255493164062e+01,-4.939313411712646484e+00
1.875699424743652344e+01,2.495049858093261719e+01
1.255911350250244141e+01,2.450644302368164062e+01
2.606756973266601562e+01,-1.057506179809570312e+01
3.411678695678710938e+01,-3.296458482742309570e+00
3.552070236206054688e+01,8.508920669555664062e+00
1.056843280792236328e+01,-1.636924362182617188e+01
1.690812301635742188e+01,-6.289315223693847656e+00
1.087865924835205078e+01,-1.382602977752685547e+01
2.737359428405761719e+01,-1.520221996307373047e+01
2.963363265991210938e+01,1.127083683013916016e+01
1.930882453918457031e+01,-1.009197044372558594e+01
3.584219360351562500e+01,9.231077194213867188e+00
2.433164787292480469e+01,-5.401788234710693359e+00
1.246057224273681641e+01,-6.799337387084960938e+00
3.840003585815429688e+01,5.761831283569335938e+00
2.418646240234375000e+01,-1.658129501342773438e+01
2.265287017822265625e+01,1.116853523254394531e+01
1.397636413574218750e+01,1.551111698150634766e+01
2.575925254821777344e+01,4.468497276306152344e+00
1.707782745361328125e+01,5.527375221252441406e+00
1.839761161804199219e+01,6.569883823394775391e+00
2.762075805664062500e+01,1.198797893524169922e+01
1.867401885986328125e+01,1.260365104675292969e+01
2.075236892700195312e+01,1.422810745239257812e+01
1.135786724090576172e+01,1.313380527496337891e+01
1.602284812927246094e+01,-1.641761589050292969e+01
3.509107589721679688e+01,-4.850924968719482422e+00
1.516914653778076172e+01,2.421468162536621094e+01
2.621624183654785156e+01,-9.316513061523437500e+00
2.863198280334472656e+01,-3.947439432144165039e+00
3.348561859130859375e+01,2.120892333984375000e+01
1.164481449127197266e+01,1.820256590843200684e+00
2.520002365112304688e+01,-4.464515209197998047e+00
3.875506210327148438e+01,-3.006148815155029297e+00
4.267845916748046875e+01,4.877412796020507812e+00
3.892652511596679688e+01,4.678084850311279297e+00
4.082846450805664062e+01,1.545070934295654297e+01
2.986694526672363281e+01,2.409790802001953125e+01
4.631391906738281250e+01,-2.369604110717773438e+00
5.662214279174804688e+00,2.193402099609375000e+01
2.319507980346679688e+01,6.748772144317626953e+00
1.326240253448486328e+01,4.728620052337646484e+00
3.997574234008789062e+01,1.203882694244384766e+00
3.153672599792480469e+01,-9.964861273765563965e-01
4.015133666992187500e+01,3.553343296051025391e+00
1.518772029876708984e+01,-1.027984333038330078e+01
1.569853019714355469e+01,9.155486106872558594e+00
3.806742095947265625e+01,1.235111999511718750e+01
2.949605464935302734e+00,4.320398330688476562e+00
3.019597244262695312e+01,-6.866734504699707031e+00
3.183668136596679688e+01,9.940001368522644043e-01
1.030244636535644531e+01,9.323493957519531250e+00
4.318805313110351562e+01,-7.045554637908935547e+00
4.362125015258789062e+01,-6.819345951080322266e+00
2.696454238891601562e+01,1.700101852416992188e+01
3.243577575683593750e+01,-8.843522071838378906e+00
3.171047019958496094e+01,-1.479094219207763672e+01
2.525688934326171875e+01,2.887373924255371094e+00
1.959820747375488281e+01,-2.875768184661865234e+00
4.267264938354492188e+01,-4.693191871047019958e-02
2.527094078063964844e+01,6.267481327056884766e+00
5.803582191467285156e+00,-1.540344142913818359e+01
2.552133750915527344e+01,4.592967510223388672e+00
7.994716167449951172e+00,-8.493567466735839844e+00
4.012621307373046875e+01,9.802049636840820312e+00
1.976833343505859375e+01,5.396825790405273438e+00
3.608240890502929688e+01,-4.879039287567138672e+00
2.672741508483886719e+01,-2.982208251953125000e+00
4.324407958984375000e+01,1.106556701660156250e+01
1.527955436706542969e+01,3.728643178939819336e+00
3.261931610107421875e+01,-8.522068858146667480e-01
1.833133506774902344e+01,-2.056696891784667969e+00
2.951192855834960938e+01,3.100648641586303711e+00
1.662713432312011719e+01,1.800576210021972656e+01
3.427777099609375000e+01,2.121713447570800781e+01
1.213110923767089844e+01,9.058791160583496094e+00
2.449822998046875000e+01,-1.512539482116699219e+01
1.910126876831054688e+01,-1.143587970733642578e+01
3.331442642211914062e+01,1.349196243286132812e+01
2.087419128417968750e+01,1.357298374176025391e+01
1.095462989807128906e+01,4.016741275787353516e+00
2.120492362976074219e+01,8.005460500717163086e-01
2.187463760375976562e+01,1.885771179199218750e+01
3.330203628540039062e+01,4.111309349536895752e-01
2.807425117492675781e+01,1.267026543617248535e+00
