-1.251507067420310371e+00,1.351093709886150407e+00
-1.234770215678561600e+00,6.275823409114131834e-01
-1.173903659876164296e+00,7.182851965595759003e-01
-9.874955297372189911e-01,2.199228739324113890e-01
-1.250792160352521831e+00,3.548506732832349408e-01
-1.500953529301776612e+00,1.938480095832927075e-01
-1.353262849310006288e+00,8.080128607560758125e-01
-1.870575264096677515e+00,1.039033644347988172e+00
-1.872537960949296698e+00,1.123711095305414132e+00
-1.601298530887830696e+00,1.076076247121017238e+00
-1.635186108928113891e+00,1.533053519966837364e+00
-1.200127908412157218e+00,-2.118719331298178910e-01
-1.613079061831903527e+00,3.964102059223740815e-01
-1.226031707202678067e+00,5.736843423877261428e-01
-1.405802424763377356e+00,3.036628086109815494e-01
-1.354838399283257777e+00,5.124614424546402036e-01
-1.048534298942247922e+00,2.419843550104612551e-01
-1.658822035823951158e+00,1.697375916320017719e+00
-1.600143038719208599e+00,1.586988189440850405e+00
-1.673905968313762482e+00,-6.089732460427844662e-01
-1.452021489891352601e+00,6.068909420487493822e-01
-1.654998134986139791e+00,1.142280237667949505e+00
-1.192319862750780723e+00,6.010658614146761891e-02
-1.349023722826853344e+00,1.261980455806963830e+00
-1.321149289070105759e+00,3.556260150280012300e-01
-1.722840920570427814e+00,6.560775757620708193e-01
-1.460987601695871385e+00,1.609693600632691179e+00
-1.142098172548762447e+00,-8.075866759106876680e-01
-1.530054774437120457e+00,1.051894100511626240e+00
-1.553834371690959726e+00,1.539982222221623953e+00
-3.199694595927499829e+00,1.693380750428084891e+00
-1.596424754485982422e+00,9.740372800317717017e-01
-1.177514928388299520e+00,6.291722403413891884e-01
-1.593496024753008111e+00,1.137589469199828063e+00
-1.092479485525048144e+00,5.556892577924238408e-01
-1.464850571000875235e+00,4.664033535484635173e-02
-8.438366224346991462e-01,2.495384513427247597e-01
-1.192878972509837432e+00,9.161317438084488618e-01
-1.326878779212590675e+00,1.035257948247633841e+00
-1.716505727591142172e+00,8.289389080750581007e-01
-1.337782661134927054e+00,-2.573352058142915344e-01
-1.135055475771741262e+00,-3.121353986716308149e-01
-1.379588219393309556e+00,1.799976014427342896e+00
-2.336322777837950504e+00,2.421836037402349984e+00
-1.104577848763043990e+00,-7.212301216434413575e-01
-1.755730099447884607e+00,3.402336230589930177e-01
-9.758567817067173022e-01,4.811697233020839071e-01
-1.312762577059930713e+00,3.608066216569949525e-01
-1.450820035856344781e+00,6.687461057333998760e-01
-1.151516193426419532e+00,3.665934082686739259e-01
-9.186625581267454654e-01,9.175197693648888819e-01
-8.246953063685849017e-01,-4.652703212021686019e-01
-1.731415661723335830e+00,1.963645597482585936e+00
-8.787034294863038664e-01,7.004259636830840741e-01
-1.209183848280113160e+00,9.055062346072854096e-01
-1.119809118763724465e+00,-1.245272704195819063e-01
-1.543473302481383147e+00,6.834883891257393929e-01
-1.371936003194248910e+00,6.314885468373949706e-01
-1.478179520649953504e+00,1.147606407397490536e+00
-9.654807359948948120e-01,3.607693426127669967e-01
-1.779343727876027792e+00,8.813117516457491529e-01
-1.111790468733498072e+00,5.881024848008794548e-01
-1.133889916896330341e+00,5.781928943827596701e-01
-1.017662051166455583e+00,1.040473557936303584e+00
-1.043956930929229143e+00,8.846017690804035549e-01
-1.922607697850743591e+00,1.060490076268514104e+00
-1.240655948604620029e+00,3.854031122547698085e-01
-9.906490660889846200e-01,7.116995747651508886e-01
-1.031528374540283455e+00,1.757022308780851194e-01
-1.021005246419605550e+00,1.205215849486974550e-01
-1.477030962785127022e+00,1.897574771560913032e+00
-9.018502592171359078e-01,6.045216761732298272e-01
-1.577998680574335344e+00,1.059652413016194838e+00
-1.174111782608760590e+00,1.203409724122681768e+00
-1.188020180513434054e+00,1.202593413856026139e+00
-1.256562524575241868e+00,-2.971820490794768732e-01
-1.562299575626948434e+00,-1.677312344593017979e-01
-1.241508020519491717e+00,6.563836362968097360e-01
-1.513434461206202064e+00,3.992263840218585602e-01
-1.312338204122195151e+00,-4.489824700431260251e-01
-1.869277733358014615e+00,2.097786958205413388e+00
-1.311987939110312196e+00,-9.117911950019422784e-01
-1.048312129155157146e+00,2.192896367781327349e-01
-1.640770626873370386e+00,5.188155350731632476e-01
-1.041979337417900053e+00,7.531148438472368145e-01
-1.632738583525637832e+00,1.656667183138380572e+00
-1.132184750291391540e+00,3.914303989788835425e-01
-8.484690607894572745e-01,7.094059593069862446e-01
-1.659879277652144713e+00,-1.841384294560993173e-01
-1.583746034352824683e+00,1.029919467330680849e+00
-1.290247847646755819e+00,9.043530828212507089e-01
-2.627488865259371753e+00,1.449202610783362433e+00
-1.915501546718258563e+00,8.549923123988149853e-02
-1.429857438156345806e+00,6.135392014916972725e-01
-7.903357941304617329e-01,5.043569364266571320e-01
-9.354479123252835704e-01,8.773570017599742477e-02
-1.480003349162897885e+00,3.940970527885707675e-01
-1.493354922257825956e+00,8.298697258399136967e-01
-1.177478314123427072e+00,1.549163578635892255e-02
-1.372323911860351853e+00,-5.367935323644865142e-02
-1.344377466664042453e+00,5.363791126542508669e-01
-1.317177601348561655e+00,2.375550593293559998e-01
-1.534178782451225187e+00,1.095836911581468787e+00
-1.457931890314715373e+00,-5.027899862196528735e-01
-1.047953785925433756e+00,6.218855417119953932e-01
-1.357934119654493177e+00,1.679345820507170961e+00
-1.093413321282798112e+00,1.000919581607372821e+00
-1.538278721576600949e+00,1.166820509564954200e+00
-1.673877008293161994e+00,1.198394420371956814e-01
-1.150165105409543864e+00,1.139472874562810212e+00
-1.104519069983018298e+00,1.153498397919890506e+00
-1.749227651536262584e+00,9.462799810623746533e-01
-1.355340984076820243e+00,-2.916927055172376382e-01
-1.472437645661607730e+00,1.751539087785565441e+00
-1.384880826847836754e+00,9.129525688737681888e-01
-1.062861447514746649e+00,-2.068663378417180398e-01
-9.535514183780222641e-01,6.614448457487669408e-01
-1.210152040093067205e+00,1.002084968432916945e+00
-1.618793538094692952e+00,1.173220031263879193e+00
-1.907635113401225491e+00,-2.480536651805937409e-01
-1.375215759510134861e+00,9.186727337399359650e-01
-1.850156012129792638e+00,5.301478101274386123e-01
-1.454378044619319743e+00,1.592824688060147542e+00
-9.279441730959074874e-01,1.778082824117849015e+00
-2.593114279136266909e+00,1.198542456112272836e+00
-1.144770906980936198e+00,1.327423061552200467e+00
-1.603041278715326090e+00,1.568284349254472909e+00
-1.417054611150132981e+00,1.231657042664245250e+00
-1.155186027103247914e+00,1.000298068772402571e+00
-7.832013230217148569e-01,-4.464486817403288677e-01
-1.718326451712375302e+00,8.459606004981637950e-01
-1.112566683856174965e+00,7.356736329464490520e-01
-1.493756493886328141e+00,1.344590427775283814e+00
-1.661010554420482066e+00,1.190400574431234038e+00
-1.156031448025852448e+00,1.871703751638471303e-01
-1.047594710945602525e+00,1.962922117294394198e-01
-1.226559691221100312e+00,8.579756587455670269e-01
-1.002837253895899394e+00,4.026217631594416341e-02
-1.560749679504156218e+00,6.261153105522425655e-01
-1.347782574217168960e+00,3.297107569302103469e-01
-1.220507775906473524e+00,1.040751739756207161e+00
-1.376946448712296212e+00,1.194388895242147530e+00
-1.596134243997957558e+00,1.728240334048033011e+00
-1.701970084983515763e+00,1.166259100152586603e+00
-1.928314823186761284e+00,1.232426416109160261e+00
-2.697040728960399036e+00,1.507022337988281002e+00
-1.156238975400206037e+00,8.781276652032301566e-01
-1.120572240311269452e+00,3.616136191612551176e-02
-1.760587804308679560e+00,3.906121841783692372e-01
-8.256814829146195134e-01,7.794471067958754773e-01
-1.707982596084594906e+00,1.597920646391914890e-01
-9.491264330937697613e-01,4.122227782942979868e-01
-1.034748438817322258e+00,1.104550417629702297e+00
-1.461522083324698462e+00,-7.970136167919902870e-02
-1.632096016572874619e+00,4.711596173674406085e-01
-1.373802042818434099e+00,-4.100013736505179335e-02
-1.810147365620708992e+00,8.166398200897339033e-01
-8.778662637471694730e-01,4.029047174993721780e-01
-1.490524281110578997e+00,1.426780472457787496e+00
-7.776258686982023827e-01,1.245546933327194988e-01
-1.881289397335301539e+00,2.765071390515086991e-01
-9.839509247431263983e-01,8.896556022125222396e-02
-2.009836196722960100e+00,2.696752527518493370e+00
-1.087752770751472919e+00,-2.507407785370341369e-01
-1.032943577790461198e+00,1.145506038317772424e+00
-1.178208772495148215e+00,5.877425798170483606e-01
-1.515920335033595912e+00,5.104748178222066057e-01
-8.931966313313630668e-01,8.333744038872551441e-01
-1.156169395955699786e+00,-1.742367810699609054e-02
-1.714763932511330857e+00,2.307758901257587203e-01
-1.295636055171915935e+00,4.857035366117137265e-01
-1.335128308893859472e+00,1.986965755158758729e+00
-1.203587874152260984e+00,7.668608388090860650e-01
-9.518424712663512421e-01,6.791049824849660910e-01
-1.292922011579712649e+00,1.778187195856338221e+00
-1.268526370779091028e+00,-2.451107583315682015e-01
-1.323371824922929596e+00,5.932322206370974627e-01
-8.514224518469647451e-01,-5.565672174796164606e-01
-1.372954509749091168e+00,1.475873325656226864e+00
-1.528040164633817311e+00,-1.273246829019841937e-02
-7.292854167278440825e-01,8.007931686228234591e-01
-1.269761723523698205e+00,1.266858325483303904e+00
-1.090963350244811947e+00,4.738492604856136547e-01
-1.225378147758038772e+00,-1.233877553088655460e-01
-1.064818213359635557e+00,-2.782258091074414907e-01
-1.276984172904650938e+00,6.908644541808911521e-01
-1.254040732094255040e+00,-2.069377859353173643e-01
-1.045444830697784377e+00,6.650744940293921159e-01
-1.753512472014849610e+00,7.403800096720001278e-01
-1.945256902391955478e+00,1.356757316239103561e+00
-1.540408411847530079e+00,1.111299282164530222e+00
-1.082013100192608990e+00,7.488529159385705070e-01
-1.638086966170087866e+00,1.544875083890389522e+00
-1.420069507103686846e+00,-6.328925403888573109e-02
-9.195528777752725036e-01,7.242143759919817958e-01
-1.717337170451875172e+00,1.023947743113727826e+00
-9.288420826120239449e-01,2.210666327888931859e-01
-1.225787619182955313e+00,1.563412224284129737e+00
-1.058740640153977619e+00,-1.088593331590421986e-01
-1.297010136192358720e+00,1.576116660041653850e+00
-1.053639200350714011e+00,1.638517343948165284e+00
-1.243673136629305009e+00,6.694734467648645326e-01
-1.455809184219612140e+00,8.738833809065353897e-01
-1.840511334982268155e+00,9.145457001325387747e-01
-1.118528153041881801e+00,1.551157149470968388e+00
-8.176877926066185021e-01,2.238367170897168912e-01
-1.766424181691966133e+00,1.641637870908186470e+00
-1.964839321058338584e+00,1.029502565643266143e+00
-1.396650848387803290e+00,1.678636881131165381e+00
-1.523358695904053928e+00,2.444936259292577851e+00
-1.887864901904547477e+00,7.498567479151025950e-01
-2.152211116306412819e+00,4.253670459982893948e-01
-1.097730591054498328e+00,1.187506774179271224e-01
-1.458267413695180315e+00,6.758331757744157064e-01
-1.659387317689965613e+00,-1.221802896109558667e-01
-1.791375062100291959e+00,1.935852118576345982e+00
-1.272868301536225655e+00,1.952692074027879143e-01
-1.764236123577690663e+00,1.859453798249089740e+00
-1.593257059529779696e+00,-5.401232610454099747e-01
-9.374818012233233633e-01,4.660050691972815740e-01
-2.144705754496008421e+00,1.058103325383177973e+00
-9.043843901278361130e-01,3.207793708695538815e-01
-1.324581693487057565e+00,2.205794764958831367e-01
-1.282561504250339102e+00,2.106784291553855937e+00
-1.425020076896658772e+00,1.988604960611682348e-01
-1.042068940402588684e+00,8.421357080779955095e-02
-1.033542288405805420e+00,7.823623294957529062e-01
-1.493951499555763673e+00,9.028580777914020361e-01
-1.028319499205820220e+00,3.312319675814865971e-01
-1.365318092128813054e+00,-1.005542755780486630e-01
-1.503405721063765688e+00,2.720581248994669576e-01
-1.471738274018396853e+00,2.452510773832332625e-01
-1.176549828056589364e+00,4.215556668071651081e-01
-8.797512031974666913e-01,2.734664374610825122e-01
-1.350544699848712282e+00,1.679850912528112250e+00
-9.342214372840685899e-01,9.041120218427159752e-03
-1.502766016533801485e+00,-1.587470639821209895e-01
-1.931812788482426546e+00,6.086703643837170219e-01
-1.834358446411893162e+00,7.806191591606082003e-01
-2.135816613329988289e+00,5.346531620960934816e-01
-2.069812607587516506e+00,1.175631934258652755e+00
-1.541855118676138892e+00,1.498504671566032398e+00
-1.216766494757438810e+00,9.951109637711262890e-01
-2.157252841624285544e+00,5.968947170158980242e-01
-1.415914163836346384e+00,5.404592235360859975e-01
-1.521853972376760789e+00,1.936298737234714851e-01
-1.430533566730829209e+00,1.080941874732165520e+00
-1.640580679949288578e+00,7.751003094022386186e-01
-1.311481921239717741e+00,5.176902992996480490e-01
-1.008171673423202019e+00,1.660214349133169176e-01
-1.646857694485051704e+00,8.885481382624308422e-01
-1.494059984818292053e+00,8.377651070321775473e-01
-1.386841271571825018e+00,5.245713413980730433e-01
-1.351330847501429178e+00,1.600194191386891784e+00
-1.594702219311582070e+00,4.958411819831463063e-01
-1.170938905145224584e+00,4.493398705981171970e-02
-1.519642139458690089e+00,9.944628525051978363e-01
-6.385815810320923935e-01,2.562507817156347567e-01
-1.516837230509815448e+00,-4.355172237811547609e-01
-1.597610688062406803e+00,8.177373614511963540e-01
-1.205987606543172719e+00,6.898448383812241236e-01
-8.670685921123297835e-01,1.113267167052927054e+00
-1.760900579733255533e+00,1.330773129040800251e+00
-9.972767889459495105e-01,-7.510524283506316012e-02
-1.927075176533237233e+00,6.216621224378525712e-01
-9.997663405447949625e-01,1.302092560694672052e+00
-1.059863569008457684e+00,7.696938039526358966e-02
-1.141262905324802235e+00,1.640285201779368828e-03
7.052706439003993133e-02,-9.620961826242206971e-01
4.880199008298178459e-02,-9.505907351720924714e-01
7.642495186847626520e-01,-1.851555972091124991e+00
5.647965706956745713e-01,-2.183039004165539421e+00
8.868367741943553040e-02,-1.371205446591990507e+00
-4.643028856350290279e-01,-1.089617340752700114e+00
-7.577569226829520277e-01,-4.899815659705989424e-01
-1.988238137600323654e-02,-8.726453481409797153e-01
-1.616052515420482172e-01,-6.987362289010291549e-01
5.234640775411438796e-01,-1.813101588823504251e+00
-1.663368400146073567e-01,-2.070529350746812103e+00
5.392392985812680811e-02,-2.274321054232719685e+00
1.569717474400156021e-01,-2.048931287941559543e+00
9.656474710196803757e-02,-1.555106414374935797e+00
-6.510497036765131584e-01,-4.108639412501968735e-01
1.918847169307898171e-02,-2.407165858442246176e+00
-2.636484688138608923e-01,-8.877458375464573059e-01
-8.332280804746046432e-02,-1.227574995012904679e+00
-7.437312921995306025e-01,-8.862597941318753891e-01
-3.110417138617470600e-01,-1.522115130493080004e+00
-5.492528111135949187e-01,-8.728252442180990389e-01
3.195094337685908809e-02,-3.204803954908029162e+00
-2.261527477353295623e-01,-2.833864728247515341e+00
3.026037488462808844e-01,-1.577402871235476844e+00
-1.642788545148191892e-01,-2.075925075765741035e+00
1.240442686243855078e-02,-9.147426179719521100e-01
-1.221608797756203353e-02,-1.194909477226329342e+00
-2.741782997338886863e-01,-1.927782999833125066e+00
1.305974722926151188e-01,-1.266409777873950260e+00
-5.763446764369893893e-01,-1.255787301007028400e+00
-6.706079984712102204e-01,-1.098118708877736216e+00
-1.917870303214213312e-01,-1.462576997089202857e+00
5.330761092890101693e-01,-1.771492722429817812e+00
-2.349703038645749587e-01,-9.897607697158926632e-01
-2.078746245903659862e-01,-1.152872420561859013e+00
-4.545107644090207177e-02,-1.309152912739071972e+00
-9.342930739641473747e-02,-1.600411377431906867e+00
-5.621077490899373946e-02,-2.497933241323945897e+00
-1.459286509712716950e-01,-7.114046100182825905e-01
-1.355375029874235082e-01,-7.897176685573175092e-01
3.385856690783884543e-02,-5.488338632587910215e-01
6.944465282514412918e-02,-1.856282375633838688e+00
-1.561883075294313028e-01,-3.051405462406564073e+00
-2.574237565441589437e-01,-9.092361563373406730e-01
8.770739249560721706e-02,-1.348956555304596572e+00
2.008902711933965302e-01,-1.367354249421396828e+00
9.835063282373748828e-02,-1.113168504191546004e+00
-3.613378693671875364e-01,-3.163548409013845042e+00
1.150846138420230508e-01,-1.134484327654099456e+00
4.397591866019122664e-01,-1.144346996077486356e+00
-6.160997304098804195e-01,-2.334756748055488162e-01
1.530943813305505330e-01,-1.337039532508635276e+00
-2.764765043479197604e-02,-8.265399035723711707e-01
2.415489600699862183e-01,-1.795107984435363901e+00
4.599680916639639627e-01,-1.367053617260265419e+00
6.247368128008442545e-01,-1.345186881481083896e+00
4.867580287670316697e-01,-1.660265181822909053e+00
4.737552518982872107e-01,-1.901895607148556433e+00
2.725739576434542122e-01,-1.270839853394841512e+00
-1.630592386421769180e-01,-5.796527172874750278e-01
7.788742183933824448e-01,-1.610236716675991886e+00
2.544419801152603133e-01,-7.068590226244712005e-01
-1.159485128182728003e-01,-6.618235789092391519e-01
5.655530589043262779e-01,-2.090974925988127175e+00
2.198994028040273108e-01,-1.016483666848078116e+00
3.170725520775102280e-01,-1.791929367304593956e+00
7.149377577832064512e-01,-1.385170388779878969e+00
2.787361107713487995e-01,-1.448538398731923582e+00
1.900651877548331925e-01,-2.037391969022543936e+00
-1.904229243318035503e-01,-1.637715786804757379e+00
-5.049561237701412075e-01,-1.087932793704514234e+00
-5.063648078184741497e-01,-2.271239283216186955e+00
7.086218796884311555e-01,-2.206909610396864174e+00
-8.202239645867325235e-01,-7.526060865324232241e-01
-4.589073685307940714e-02,-4.651938341175657632e-01
-3.720394900475820082e-02,-8.524509706807510412e-01
2.836904793360610633e-01,-1.229175998645844814e+00
3.054697788507241829e-01,-2.109450152961482416e+00
3.442963151359137441e-01,-1.961647654484377723e+00
-2.168686285315232221e-01,-4.068737756347394763e-01
-1.898445905444068049e-01,-1.543299854404992066e+00
3.571754853769407156e-02,-1.289102755360434616e+00
3.237113720205095357e-01,-3.361213916969650661e+00
-1.697018600870488503e-01,-2.534759479371395230e+00
-7.014586714092825304e-01,-6.641927957184474707e-01
-3.731442032633122685e-01,-1.191071961758181308e+00
-2.658858299279038759e-02,-3.240933705260723663e+00
-5.886094631151370660e-01,-9.894128624574448638e-01
-1.742306439623026171e-01,-1.076857330392231082e+00
3.326580584600229984e-01,-1.272158759555164886e+00
-4.428132702997630288e-01,-2.146703746420353998e+00
8.789399844880008139e-02,-2.214157367391398790e+00
-1.775152144151757316e-01,-5.571508479513475054e-01
-1.439961459945857392e-01,-1.524717189955899777e+00
7.567083826778771005e-01,-2.092707228564718580e+00
4.169248790385085904e-04,-2.618702264979660743e+00
-2.657262311991072101e-01,-2.466697025593323822e+00
7.678596708358365053e-02,-4.427601576162763508e-01
-4.668464511336160583e-01,-1.415485626839935618e+00
-6.376126827703975861e-03,-7.625268956759793104e-01
-1.314858921043530193e-01,-5.790158829691054443e-01
3.720039867108617115e-01,-7.515595237900959402e-01
-2.396514300388735141e-01,-4.026904110171134477e+00
-9.854071697527153062e-02,-5.243815749826264971e-01
-3.213224072505853623e-01,-1.823704478372712323e+00
-7.499868456999037036e-01,-1.151748079904453048e+00
4.848713699009756795e-01,-3.040434480280618246e+00
-3.435909656640319665e-01,-3.073590848240357887e-01
-9.352533603248143201e-01,-1.111218024670697524e+00
-4.025256723196472541e-01,-1.597243592987378058e+00
-1.670366029104358718e-01,-2.242633244166429840e+00
3.869474989183180891e-01,-1.826619833814748350e+00
-1.908859517774867121e-01,-1.327143275790697574e+00
3.470145154370267715e-01,-8.375326834314167357e-01
-2.757936911302751315e-01,-1.580402131971067492e+00
2.106078130351130562e-01,-6.423445957157285502e-01
6.195016730784325132e-01,-2.038624775365468711e+00
-5.007474618251467335e-01,-1.927672368068308106e+00
4.416422017766895580e-01,-1.386165435893099929e+00
-5.555318574947295529e-01,-1.566919837822292161e+00
2.452794898295852788e-01,-2.585814735927281394e+00
7.114921788657455060e-02,-1.380185812074814056e+00
2.115013315772110991e-01,-8.615311000541701070e-01
2.448875049845727903e-01,-1.157014749526696917e+00
-2.136320639979883140e-01,-1.091542442163716986e+00
-4.547347996500396283e-02,-7.811652321464994664e-01
4.625256098545459382e-01,-1.342031199896809079e+00
-1.363573519318597993e-01,-1.583924166430705771e+00
-2.761360317519570007e-01,-5.584839613755934185e-01
2.461791268697444413e-01,-1.831615576222143771e+00
-3.477391157354547957e-01,-1.761185685410335378e+00
1.670280464112103638e-02,-2.215884612115291308e+00
5.088916250672091968e-01,-1.058613837783958456e+00
4.256130028501098339e-01,-2.180565800584021385e+00
-4.577505511478196509e-01,-2.328795905241771713e+00
-7.143335515082467613e-02,-8.376432049866644469e-01
-4.677047307505182716e-01,-1.092839462673272033e+00
6.613580837636208465e-02,-7.130187337735601760e-01
3.393343736500317731e-02,-8.639420459924304074e-01
-3.820042668925992535e-01,-1.828332516975719635e+00
2.500038652746566781e-01,-1.183369861138915846e+00
1.122403946347039078e-01,-1.807422633608303020e+00
-7.296996320222937094e-01,-1.179849113986714659e+00
7.386666929488876487e-01,-1.571171654060570244e+00
4.475079312616654370e-01,-2.342637307594750418e+00
-5.731380453214247606e-01,-1.114180516049599223e+00
-7.594801823832824095e-01,-8.063948569976179259e-01
6.981190692098946382e-01,-1.575722268265200121e+00
-2.267905837375939482e-01,-6.602217602622754145e-01
1.436481191199368845e-01,-9.369574541328752337e-01
2.695701496788538987e-01,-1.382315399408156509e+00
9.016662916363012148e-02,-8.440046642679451816e-01
3.207011658858748837e-01,-2.157797313068254841e+00
5.117192703423559252e-02,-2.054979597974693206e+00
1.191265188343112839e-02,-9.893606305590851857e-01
-2.155887956648072368e-01,-1.566109550350221147e+00
-2.033592376556115078e-01,-1.454890282291389170e+00
-3.037246150085194940e-01,-9.233903546290924691e-01
3.417955889070844466e-01,-2.216220163224292605e+00
-1.323163785486141109e-01,-5.093403190453854590e-01
-3.297354238408177762e-01,-1.524634147042806642e+00
2.422389227437203585e-02,-1.237024969340274394e+00
-3.434523708139943787e-01,-1.551271934303762867e+00
-1.077969921312193005e-02,-1.254740579261680145e+00
6.474089554654760548e-02,-1.288872257746763506e+00
5.114002484223907352e-01,-9.610309326145207720e-01
2.509916803076915892e-01,-1.568127581371826063e+00
1.145243796606299158e+00,-2.933397420606325134e+00
1.840670102372311268e-01,-7.241674374702899986e-01
-3.054550651193917998e-01,-1.061135974608591326e+00
9.713210341328709641e-02,-8.518021862616182993e-01
-2.252157569551980765e-01,-8.125348256682259906e-01
-1.032982162403185272e-01,-1.353496835896456529e+00
1.162016502852083188e-01,-8.898966429115650056e-01
-5.362699369067843724e-01,-1.361951953738775201e+00
7.705637733203626327e-01,-3.019625360299901473e+00
-1.296138568154740489e-01,-2.254723875945067846e+00
-3.570402869047978878e-01,-9.026633323779815754e-01
-1.623798348432720362e-01,-1.151044087282031114e+00
1.742428567125451078e-01,-1.118652820316408114e+00
-2.432300190081054247e-01,-2.047380394148074156e+00
-1.357668752944082846e-01,-3.639906421951681459e+00
-2.138636224426033461e-01,-9.941324500479381543e-01
-9.496520923336990716e-01,-1.815938143260298343e+00
-3.503347492884991143e-01,-1.164931203387494563e+00
-4.516273571348707050e-02,-1.089825708785143954e+00
-2.687380231640630890e-01,-1.226046610209533316e+00
4.693880647432252529e-01,-1.319301852960057753e+00
-1.821687219650523770e-01,-3.675170765006773976e+00
-8.870942522868501268e-01,-6.520167078366897462e-01
-6.391574400088858438e-03,-1.947393438045783132e+00
-2.272724438189674401e-01,-8.546913314175939025e-01
-2.262733465322027543e-02,-1.335749586902957642e+00
-8.554676961682937397e-02,-1.480674116107540739e+00
-4.799740046297900076e-01,-1.666201550682266497e+00
5.123503840793489778e-02,-1.395093000386734783e+00
4.410126571793430150e-01,-1.411944533719517558e+00
3.565554303688070470e-01,-9.536348998335530958e-01
-4.496016787730773845e-01,-2.239513214400085772e+00
-2.839036414106303474e-01,-7.119807231266529479e-01
6.254040146327809468e-01,-2.909681734486908145e+00
-7.184221371389774013e-01,-3.318057785026101159e-01
-9.813620141770545979e-01,-9.311843665039919449e-01
-1.653119439742498087e-01,-2.719679409651253543e+00
2.084648568320559558e-01,-7.138233594855162290e-01
-1.666792963006610492e-02,-5.581696589000684217e-01
4.332641697343431186e-01,-1.478587845292351100e+00
1.070702670999581940e+00,-1.948693838198360284e+00
-4.838921218995373419e-01,-7.918572613811704075e-01
-3.268608176297894685e-01,-6.700367359050759530e-01
2.473913706668815771e-01,-1.502590134382509879e+00
-1.467975332116056020e-01,-9.017433485632007084e-01
-6.685382385143932016e-01,-9.494558582005901970e-01
4.368182994526710883e-01,-1.497742474053158190e+00
1.124578551212360444e-01,-6.901474850892150847e-01
1.162273278136473492e-01,-1.103596159405291210e+00
2.555042930316258065e-01,-1.495987191420571127e+00
-1.724426880592350164e-01,-1.199874124944303899e+00
4.378070111146361021e-01,-2.615580333416412273e+00
-8.487504077635892041e-02,-1.182305757942483604e+00
-3.605355405912316624e-01,-5.727760949261265916e-02
-1.205251261106968369e-01,-5.179753874490921062e-01
1.551113191660290214e-01,-8.127235404647171757e-01
5.357336454908951939e-01,-1.316422195866268519e+00
4.828062346764640245e-02,-4.028225342703383727e-01
-2.466752446341372584e-01,-7.909061228895054585e-01
-1.812844451099463461e-01,-1.915918230963121083e+00
-3.284523552793082168e-01,-1.547728648097546289e+00
-6.089379401874664977e-01,-1.366077162197863570e+00
-2.454154426124312838e-01,-1.155683955255708412e-01
-3.412210174522466444e-01,-4.364152162151021530e-01
9.938270042935541948e-01,6.463313361976701366e-01
6.608970428704903366e-01,4.975142129036721345e-02
5.733851410507398993e-01,5.151150804144023487e-01
9.179803404888778884e-01,-2.230054808030732250e-01
8.318090067640305785e-01,2.622436047509417723e-01
6.190146870716798366e-01,-7.776812642307447954e-01
6.712542641844280178e-01,-5.109671659752558215e-01
9.253488368241166162e-01,-2.255622676738880672e-01
6.792525378170503059e-01,1.581044934292239745e-01
3.870963511784851763e-01,2.031027532958214199e-01
7.855553491728384241e-01,3.589649140054323451e-01
7.594661954825426831e-01,5.349923278049846243e-01
5.639467716849431156e-01,1.251142239905751741e-01
7.373494058210722235e-01,2.862714701155811281e-01
9.508425755364590115e-01,-4.650407661985418439e-01
1.009306874301633794e+00,1.228764282195140972e-01
8.022704065828366593e-01,-2.814288099542654464e-01
6.678596367481084428e-01,1.465141944144944253e-01
7.673781332340520178e-01,2.505017195587701528e-01
1.011875657145331564e+00,-6.340835870066522384e-01
4.428977278026095532e-01,-3.081659558876022609e-01
8.415963481269406188e-01,6.206103592681928571e-01
3.284381140203761484e-01,-2.659579001694524214e-01
9.645716516916462702e-01,-3.315005307249818678e-01
6.091517296305621887e-01,1.951833300536220395e-01
8.497474196860667073e-01,2.773160056907851834e-01
1.199883457304154133e+00,-3.177647271445083743e-01
7.462751312834954298e-01,5.360549800796526182e-02
2.707966716809510621e-01,-1.580508928328307194e-01
9.124752842848427026e-01,5.494820013177335039e-01
1.020295915687098764e+00,-4.845301247954248991e-01
1.106807341953800261e+00,-5.221462832878548399e-01
6.970160329398221721e-01,1.603233305998189584e-01
1.508022689916247217e+00,-3.607349997194656543e-01
5.354140138522831549e-01,-1.107029575399803845e+00
7.744788949157452862e-01,-8.560429045032623419e-02
6.857567732790837978e-01,2.729353645686726781e-01
7.024741244770271731e-01,3.874521375435835413e-01
8.733201063870468239e-01,5.387407117869617013e-01
1.600302432955693410e+00,-9.977328421964609673e-01
5.715791475279464740e-01,2.249010280941499129e-01
6.486782829526407390e-01,-2.251463796507765236e-01
7.498177068731570749e-01,-8.071551856057743723e-01
4.358951704172258634e-01,-4.633239597408225774e-01
7.611791315782701073e-01,2.508861476406188395e-01
4.938754377492616809e-01,-7.088115627271017460e-02
6.308172562702100139e-01,2.539365044432076446e-01
3.347587868160501468e-01,-4.736032234126065499e-02
9.973266770857942554e-01,1.837362670360517258e-01
7.771862211291336031e-01,-1.025150506653207838e+00
8.183317570897165050e-01,1.901302315713755339e-02
5.690623039758396784e-01,-1.037215235128683272e-01
1.016927549303011213e+00,1.385504133820798789e-01
9.634369783648030205e-01,-1.783567104716120566e-01
5.206540002120781940e-01,2.927646598729235494e-01
4.394112682030685835e-01,-2.388257297643799348e-01
4.419455568945925839e-01,2.076634939441688033e-01
9.214874484091626350e-01,-3.685899933309342846e-01
5.785258182469121824e-01,-9.716943546267607645e-02
4.563900078057581133e-01,2.008777967036188550e-01
8.022319363027978767e-01,9.604315111083029655e-02
4.093887071019151058e-01,2.306267246170311258e-01
4.561089477501079070e-01,1.668679233886190549e-01
7.363935158285870308e-01,-2.241629933322792922e-01
8.193362625613661576e-01,-3.278008815864890679e-01
3.330048642667085557e-01,1.999986631402030923e-01
5.201863415533403145e-01,-7.124425627197427113e-01
3.362878092269545038e-01,2.900586205695586672e-01
4.819019210003804843e-01,-1.256360213176966889e-01
5.065480301213963754e-01,4.935883991368251733e-01
8.311919698128482636e-01,2.560748511829757379e-01
5.374250574255611257e-01,-8.990874663961344326e-02
6.363891019974390328e-01,-3.305235690069735499e-01
4.851350373312021125e-01,1.291805857576410199e-01
8.612007315714768074e-01,-8.772226648181731534e-02
5.799457783833205093e-01,4.249208683634556061e-01
5.781018193948014305e-01,5.711334805223824973e-02
6.886841099530640609e-01,2.558107818189451765e-01
7.773461037669254781e-01,2.456534891633046225e-01
6.698576051569123946e-01,1.211715372142111724e-01
6.670279146669330084e-01,-3.342409595588870519e-01
6.010419170329668326e-01,1.006490275692012576e-01
4.574421641641753244e-01,2.446021875366819753e-01
3.395700213916206245e-01,-6.325830889459724826e-01
4.845648615762145894e-01,3.110892758860712148e-01
3.996999962052535937e-01,-7.717173245836547735e-02
7.125245361929135601e-01,1.744834983135362325e-02
3.829203649481731642e-01,1.407350412535356976e-01
4.990476263302582316e-01,2.357951725464994264e-01
4.658964575179831979e-01,-3.091216172092433601e-01
7.700485249422274192e-01,-1.242751070845290684e+00
7.549655967960160474e-01,1.643965571987776875e-01
2.865665327656585215e-01,4.205664614710724059e-01
4.102927731705850456e-01,1.763162798637448181e-01
3.688654999132111034e-01,-6.287306942054839143e-02
6.216597786049861130e-01,1.803621777582047059e-01
5.247084367325848264e-01,-4.032123358258864892e-02
6.380064553088162782e-01,-2.883383073410757391e-01
1.888139253537346018e+00,-8.620997076764709277e-01
6.595689930498553899e-01,-3.845360238403952025e-01
4.706925147470875093e-01,4.910546940496605117e-01
7.123890102246436262e-01,1.707780586897427177e-01
4.190677437786226589e-01,-9.600728902106123175e-02
8.284812606881410968e-01,-4.646250744503132024e-01
4.509799426017753188e-01,1.397257552704129213e-01
7.611751110386130170e-01,3.604426249771429114e-01
1.029157018104478016e+00,4.461447209954608889e-02
8.306120490494857123e-01,1.682165110634253613e-01
8.491219981437361231e-01,2.313049809701125115e-01
7.318542412901312133e-01,1.508415602670986622e-01
6.328230597761898002e-01,1.772746820855222449e-01
7.074200072380072424e-01,2.349187101591174512e-02
5.083118983145810121e-01,3.820663473852682901e-01
7.773012963858244584e-01,-7.727379503411424544e-02
3.143274085825716879e-01,2.442083748357533612e-01
4.504801634198695170e-01,5.286432604865007878e-01
6.362631959221752842e-01,-2.544991690049980826e-01
6.477544431700931193e-01,1.518194750559093975e-01
7.804378522182464639e-01,-4.969750592057839422e-01
6.666435081107489058e-01,3.854902643095999282e-01
3.142439761940766796e-01,7.506458917161450139e-02
3.866823766743048840e-01,2.198731286161462184e-01
7.353273653065354187e-01,1.520003003247294426e-01
1.166182887874869678e+00,5.853087295359664377e-02
9.881793563748552112e-01,2.789005218893813032e-01
1.525178926107327637e+00,-6.880573996983005980e-01
5.310289247140135283e-01,2.108922941339127499e-01
3.290881497802911615e-01,-3.903048565512040047e-01
5.591518595438162986e-01,-4.040940502068237627e-01
4.712690072330287805e-01,4.223027392136403657e-01
1.223099987097174601e+00,-1.315117777997761861e-01
3.177509239227674920e-01,8.146371359251453059e-02
5.740310684053985257e-01,-8.470039545382278268e-02
8.465344587657257502e-01,5.975244846564005397e-02
5.793628920261171267e-01,-5.187510663996699467e-01
9.984823912817017977e-01,-1.588274533981995085e-01
1.049147231927664681e+00,-4.561575729624697817e-01
8.779055608965109503e-01,3.891912831338554812e-01
1.152261634700065596e+00,-7.446982362793470589e-01
4.716678183559449566e-01,-2.823289494654306897e-01
7.023028688062021851e-01,-4.074164482704473733e-01
7.642995801652119336e-01,4.189749726838882249e-01
6.990543824771809911e-01,2.870021195097891553e-01
6.244071750067066162e-01,-1.501235885167742645e-01
9.981918390547172004e-01,1.346546561558544242e-01
8.558106931816574781e-01,4.023911400919889525e-01
8.980540166492545495e-01,-3.624226500095158177e-02
7.595780985179189093e-01,3.127853163710689888e-01
4.438946379458413305e-01,-4.974306451391181660e-01
3.391531047277430155e-01,-6.796518630388229121e-02
4.097726906243592260e-01,3.601855082712781542e-01
7.698250238984687410e-01,1.110214766003395082e-01
6.488072151541438570e-01,-1.044939815347174228e-01
1.064731632415505169e+00,-2.193459074147057486e-01
9.514187263075494227e-01,1.164750119174438742e-01
5.609984103831459068e-01,-5.742579611714212495e-01
1.005575427109365094e+00,-7.594176001920799335e-01
7.488502058386379279e-01,2.456907568278352341e-02
5.650933539541623807e-01,-8.286557014567205171e-01
1.223306674941204930e+00,5.263983191387864302e-01
1.164346661419626283e+00,2.937391897792709927e-01
4.719531616044504996e-01,-1.815316344496009648e-01
3.704007684007696866e-01,4.750178026783569707e-01
9.260922295642377566e-01,-7.434157430485920093e-02
5.782006843360061321e-01,-1.060536724746425019e+00
4.779787189454220431e-01,-1.071456912583293869e-01
1.053265248444170021e+00,-9.621049109164204749e-01
3.614178089796514226e-01,3.005212340215153710e-01
5.355636069126310517e-01,1.417799921519130035e-01
7.133704217856556840e-01,5.467109329285054775e-01
6.609158527184643139e-01,4.783694878569693110e-01
8.711940656801994143e-01,-9.312431770457423041e-02
5.714892253924935828e-01,-6.691527971272017705e-01
8.026332505734939948e-01,5.507596289226609487e-01
6.408960937961749593e-01,6.586030693434813399e-01
4.616961296080123178e-01,1.392392355904133738e-01
8.568458804763147141e-01,-2.116018971683072125e-01
1.182565630056202188e+00,1.725209945579607995e-01
6.415482675904410348e-01,4.946037320681773153e-01
7.104498294361580868e-01,-6.502625031264762656e-01
7.356422963221775913e-01,-4.106913921165510351e-01
4.303288902160279927e-01,2.263135093063791542e-02
9.440324948360461210e-01,-8.251446901771916087e-01
1.096797280547688658e+00,3.012480687308652372e-01
7.481745762633664754e-01,-1.646853678374238794e-01
7.858067171635330084e-01,-8.315656387435611530e-01
5.462213348264617352e-01,1.187714814484682468e-01
6.807488303494865223e-01,1.282637301828575827e-01
1.274923227263581982e+00,3.319692711788334583e-01
1.023708160060342376e+00,-1.388183903015158815e-01
7.542302260337423458e-01,-4.245619280613985302e-01
6.241454521694421720e-01,-3.695354161213968425e-01
7.314926914132906521e-01,-1.291950860874282014e+00
5.532451696970742683e-01,-4.931362552050732040e-01
7.974544157439633629e-01,1.888690294904208367e-01
8.654594123662066041e-01,4.532764032060284110e-01
3.151631644747295291e-01,-1.907223488151929824e-01
4.798681057977697284e-01,9.558445365747227085e-02
6.205334460906787308e-01,2.138643625324445630e-01
7.546569051611942136e-01,-5.301782643049917088e-01
5.921407926275401579e-01,-4.069052876906986138e-01
1.086524256260917420e+00,-3.036535628984834423e-01
6.124719738783549472e-01,-1.322045240441016012e-01
3.089207037164460323e-01,-1.574309687691649029e-01
7.280810156124429833e-01,5.019927368228543907e-01
8.496415635590348625e-01,-3.738183193027368456e-01
5.434330381115466402e-01,6.145356145639040840e-02
8.318265339719073115e-01,1.638496302970970930e-01
6.413651246915501591e-01,1.018823979348260356e-01
8.429953600237234390e-01,-5.914862748181930474e-01
8.416945846521849406e-01,-2.364059139543717158e-01
5.879580856401583899e-01,-1.761992881682079570e-01
8.581520900549622910e-01,-9.846906800407054794e-01
5.616101314977262060e-01,-5.418051967066108698e-01
4.757721046831523970e-01,5.334808472413418018e-02
1.328381533490900157e+00,-1.764172466129769745e-01
7.321580561172784662e-01,-3.867162076583918751e-01
7.156482190384914066e-01,-6.638597318051844276e-01
6.964774557919535258e-01,-5.150694596442553230e-01
3.575043052171014146e-01,6.467045208538840795e-02
1.079433169485578103e+00,-2.635449757596234344e-01
6.890595260734442284e-01,-5.574114421010369913e-01
8.640110284630666548e-01,-7.749121831894092427e-01
7.929912734399989782e-01,-8.493163000497792048e-01
1.103603386008302767e+00,-5.226917202875074331e-01
7.279769960521468297e-01,-3.432064039940701528e-01
1.272304702903011009e+00,-8.589776382099660879e-01
8.343853847152883363e-01,2.766521188716962731e-01
9.632729167627096523e-01,4.990860753464364530e-01
6.943598049449585252e-01,9.729190322949798908e-02
4.994058530083930192e-01,1.722699190151869564e-01
8.847814922260520687e-01,3.517460360718849821e-01
8.204078813433562933e-01,4.156453544238491449e-01
7.437600452963762931e-01,4.537746332236733959e-01
6.468117859639944678e-01,-1.823517615016150284e-01
8.839316607580152141e-01,-3.809707639024864645e-01
2.874456098495737910e-01,-1.959378115895862027e-01
6.964549822608531171e-01,1.083525886031501684e-01
5.728665039909960344e-01,-1.803207930084870514e-01
6.143448352547624669e-01,3.780701904283977899e-01
8.981806560336076384e-01,-5.328643555036555179e-01
5.388895153830096652e-01,-4.022092774717838659e-01
6.476208116173419738e-01,-1.510952561199440936e-01
4.083686850977040206e-01,4.845736929486360034e-01
5.379507356007267038e-01,2.135235096162197213e-02
8.959226018246373435e-01,-2.187292548759599276e-01
7.281576084094633083e-01,1.902291928402405075e-01
9.774086995658626265e-01,-1.381155261339273577e-01
8.112741104210804410e-01,3.027263071615229895e-01
1.166730166659108558e+00,1.440234810159456980e-01
5.704696566514780853e-01,1.545555898289298347e-01
7.830006385595589258e-01,5.201619388358162954e-01
5.185592693911256212e-01,-5.132843423264970006e-01
5.242075450998873176e-01,2.663400360940358369e-01
6.882255447454280750e-01,-1.370151972051818490e+00
7.686039878926105295e-01,-6.573004139599497586e-01
1.132640669150849932e+00,-5.328387131231732132e-01
6.941072242243147006e-01,5.249383134011130492e-02
1.073866900204007990e+00,-2.288700288248542714e-01
4.375410924486425324e-01,-2.765654671512949303e-01
7.320757559244668311e-01,2.597146204614525500e-01
8.766576777658430242e-01,4.845337138704514102e-01
8.010160236154318936e-01,-1.387332052934757143e-01
5.817478393468007436e-01,-7.098605681855866267e-01
1.024267356263810935e+00,2.410328168411504102e-01
4.291052727659058208e-01,1.413060962609085369e-01
7.053551014537037256e-01,-8.739596618682925477e-01
6.128182964991082393e-01,4.661193083682712013e-01
7.043202206171081947e-01,-4.397854466168493737e-01
6.273933650563831010e-01,-3.833561757904950240e-01
9.317592787028305956e-01,1.587306815211104172e-01
5.443638750069983434e-01,-4.015671730987445398e-02
9.053052870326481205e-01,5.354464464009358604e-01
7.950027408932356376e-01,-3.976530971817602428e-02
5.498277150987076478e-01,-4.267270737952223447e-01
8.731590030504899902e-01,1.508624401148947643e-02
1.099253530207312535e+00,-2.385548421403838326e-01
5.732270210297226720e-01,-1.027760819935194192e+00
6.392345122084864828e-01,1.843903430663879905e-01
7.501083945321880275e-01,8.865094520949006601e-03
1.091155225885394042e+00,-1.636318211804568823e-01
3.948518272802680751e-01,1.063929357404815867e-01
8.687071202190628227e-01,-6.953884135825982860e-01
4.107540074418286613e-01,2.581742000508771562e-01
9.272402993255407511e-01,-3.948913496504267706e-01
9.946676635467947003e-01,-1.192601031664576178e-01
6.610267752937766250e-01,-5.863710491547838854e-01
1.047660657505878667e+00,2.048061689466005864e-01
7.812615696566903578e-01,-1.766114571246655551e-01
8.092132328516274953e-01,1.728742315162179743e-01
5.110104584959658247e-01,-4.681561331432079198e-01
5.934995527451067954e-01,-3.669382577522509181e-01
8.598753178834780408e-01,-1.260934001756474354e-01
4.572522106769538741e-01,-3.979350690321662998e-01
6.123670376303674834e-01,-1.302672963743936596e-01
7.448394985123570899e-01,-2.518768502546281929e-01
6.272385081737077428e-01,-5.675700371667492528e-01
8.762317638599268488e-01,-5.459169773473654397e-01
5.998589327074070887e-01,2.999319163577828240e-01
1.097807782296012391e+00,3.320398617153689780e-01
8.532480946461806770e-01,3.592248443081821896e-01
9.770905205174896802e-01,-6.692491476397344208e-02
4.543857028507272133e-01,-4.913311275244524601e-01
9.915722040250097846e-01,1.848440335854443783e-01
6.717232596578924797e-01,1.150761152958138245e-01
3.667013468289793687e-01,1.096171265177945386e-01
1.154362625126962527e+00,-7.447001314042194231e-01
6.196079756686317941e-01,1.867395428333985530e-01
9.191375753213892885e-01,1.124387265006578374e-01
7.475575440661418325e-01,6.941376704880285187e-02
6.391202940117742815e-01,3.788398420289098567e-01
1.268786294709856710e+00,-1.953207104220647805e-01
4.036568958810700103e-01,-6.769621647407507437e-02
5.103262915591637583e-01,1.073195296783626268e-01
1.141720197055644537e+00,-4.855130652029840954e-01
8.022403919721771137e-01,-4.541574248855351770e-01
6.530964501475291506e-01,-7.306928286112757132e-01
5.733872394940366934e-01,1.810747464018692965e-01
8.387415791418956212e-01,-2.869448299068732000e-01
5.941546774712677115e-01,5.176096089786751397e-01
4.055952778122167701e-01,2.574194863855471804e-01
6.967784587332445101e-01,-2.606639331832091844e-01
8.068784842070600982e-01,-7.253358907699314698e-03
2.696477256504393738e-01,5.037429960570666276e-01
9.322009262968909971e-01,-7.969312682359755984e-01
8.021838481464407256e-01,-2.778257974116912082e-02
1.235091495518334526e+00,1.648640144027117005e-01
9.915709031519482908e-01,-8.748243772828598885e-01
1.720479527256728813e+00,-7.160577660325198046e-01
1.259411167788652142e+00,4.811083111030158288e-01
7.156237016652857719e-01,1.740159953010840532e-01
6.137919587702420632e-01,-1.239820097250892844e-01
6.092975843577855821e-01,-7.539355939250571570e-01
5.379818037509920270e-01,1.012413519068364742e-01
7.538757393420577602e-01,-4.008683667260019845e-02
7.052405330171088726e-01,4.004500259155306940e-01
9.624426701269082063e-01,1.755889183993410430e-01
7.020688063145674729e-01,3.639930676137966281e-01
8.753624031876570122e-01,-2.181188669962277338e-01
8.648790955275073022e-01,1.084511026349714927e-02
8.327060501712296725e-01,2.288852703724303383e-01
5.004051458271268071e-01,-8.431807616841053843e-01
6.458915372698230684e-01,2.068588866541155868e-01
1.219455253055570454e+00,-1.197829114930589522e+00
9.370950631437903189e-01,-5.113741421427041300e-02
3.616725951212731438e-01,-1.417741651171765538e-01
7.144216299791491531e-01,-7.180099579667571785e-02
6.053870146859909873e-01,-2.626218072712058205e-01
1.085867833582408348e+00,-4.114515109011077643e-01
6.945403651795643007e-01,7.093480533081418515e-02
4.391672168573611534e-01,-7.117331009340685521e-02
6.003379049328730899e-01,1.402756464787365542e-01
1.175348652936839100e+00,2.179559475792157593e-03
6.406978970369772153e-01,1.914856209500443163e-01
9.962751180835360820e-01,1.194947969539294774e-01
4.806792080335990924e-01,4.474621224418846160e-02
3.189036436907259908e-01,-3.071198046413565197e-01
1.240721181453295241e+00,1.608932085237847753e-01
3.791054418515721336e-01,-1.736117089891479337e-01
1.091951455474863053e+00,3.561005844704370205e-01
6.212216771149658978e-01,2.877757074478807242e-01
8.759569883959460457e-01,2.011763747520771139e-01
9.569358947029364959e-01,-8.733805261158780753e-02
4.124462199382055716e-01,-2.864253375356420328e-01
7.131716758531935207e-01,-2.776797123426106850e-01
8.310461227260073080e-01,-1.341042722314038545e-02
1.033281291049381156e+00,2.002550492029764873e-01
8.738197695260534470e-01,1.006247302483506412e-01
1.002779063748822530e+00,3.636042683353374327e-01
7.255393548015567351e-01,-2.010375515787114417e-02
6.146109333432900890e-01,-8.787393208073849271e-01
6.208450220333886493e-01,-9.797014854480391721e-02
1.039757283432659607e+00,1.963324277334809465e-01
7.579326842652994722e-01,-2.664072034926323052e-01
5.601834799227219941e-01,-6.022081612112758359e-02
1.147509831064502439e+00,1.594171525962462532e-01
7.298224215857489483e-01,-7.270442713109352695e-02
3.885330983576658626e-01,-5.653318719351316940e-02
1.191967718513413432e+00,-2.849467549031309277e-01
6.323445858064875580e-01,-4.807913413245272494e-02
5.017969368303883959e-01,3.077257775259305550e-01
9.063381160713437357e-01,-4.340778287656637535e-01
4.788939255465038403e-01,-1.017368760287155199e-01
9.318415836143275621e-01,-7.112027835412538801e-01
7.492088231758197159e-01,-9.644718629031266977e-01
1.053114473405595053e+00,-4.076253547920303255e-01
5.951051546483882015e-01,7.792144142375247162e-02
1.208494422027067694e+00,-1.011948291137307665e+00
1.019917798343953796e+00,-4.500689481235474639e-03
6.826396537971800571e-01,-1.711696635775099284e-01
7.644104944615849329e-01,4.377984903731016453e-02
5.970835772160525412e-01,2.190578203012744363e-01
5.526885472555115308e-01,4.648861738277876854e-01
5.449123531571037349e-01,-3.403910796923318438e-01
1.000223439607335285e+00,-2.564662183438461973e-01
6.961394544430652420e-01,-5.791597082923974904e-01
6.956017101311186002e-01,4.715024828677946145e-01
8.937430167736021280e-01,-3.952589386447827313e-01
8.755301435436323443e-01,-5.090051107807038733e-01
5.234550564371188708e-01,-1.428704528632883386e-01
3.913124727056196961e-01,2.905488412621727926e-02
3.202009889660263897e-01,6.932462809579084673e-02
1.289147319621277932e+00,4.440317797936586541e-01
6.692110895843209617e-01,-4.095019444016244070e-01
7.707242980051619563e-01,1.173447219834909128e-01
7.177637762177228042e-01,1.615276314226080645e-01
1.283957459027956771e+00,1.756696399268145858e-01
7.685814121625689221e-01,-7.791850584254147449e-01
1.366468176042439531e+00,1.897465884536554959e-01
8.857502640117598247e-01,-9.909326481291130806e-02
5.495936013658223596e-01,-4.016252090478280440e-02
7.401502302680238454e-01,-3.721326698180567605e-01
5.083198957888167557e-01,-2.907258872943684347e-01
9.607966974466664034e-01,-1.028521886945075181e+00
6.143275695384802226e-01,-2.867017259319769584e-01
7.561437821701780804e-01,-4.136377085528256670e-01
9.528622322356822272e-01,-3.994056000089992731e-01
6.424721721252621975e-01,-8.259581768566300886e-01
9.045354859716928653e-01,-1.531376373254404566e+00
9.447051470998720779e-01,3.251624312827177121e-01
5.838485535615950406e-01,-1.122508794318373138e-01
6.810656477042883461e-01,1.739937912248731566e-01
8.687215897104247908e-01,-1.201299753446404689e-01
3.857253522913243748e-01,2.422258423447612528e-03
5.068532096154970690e-01,-3.955571109545397146e-01
6.539356324988505609e-01,5.036037788297721418e-01
1.284521912289603218e+00,-5.920152796859352584e-01
6.988797812977640689e-01,-4.095265853185238447e-03
1.070773459493177482e+00,-1.220059210471774236e+00
8.176581508340853288e-01,-1.957882179125746136e-01
1.271441061801077854e+00,5.282511765473463933e-02
5.132427381237267827e-01,-1.125998284705164304e-01
4.705739869708429057e-01,2.263550531774337904e-01
9.026969082670279754e-01,9.777647481462728440e-02
5.195427799646687994e-01,6.701545392436228377e-02
4.393999265819412137e-01,7.808120323547232400e-02
7.776691928306428414e-01,-1.499505943396574614e-01
9.273211276608228637e-01,-4.173327182270627489e-01
8.031140803322268651e-01,1.073505932625090642e-01
8.168830107306419563e-01,7.317063164156273336e-02
4.090137654584543037e-01,1.655813989991651233e-02
3.371317086296756194e-01,-1.499334758609855156e-01
6.900517337010156904e-01,-4.081956442822228248e-01
8.554081347937955160e-01,-2.955964521620573215e-01
7.056238636258871377e-01,3.360261551556610882e-01
5.083335663386019387e-01,-5.600893183763178129e-01
5.716006025649721378e-01,8.552967397372985073e-03
7.440898720532057586e-01,6.150849154270625618e-01
1.570430813930342895e+00,-8.106044995707306633e-02
9.917393701153773833e-01,1.537798417470492526e-04
8.170946862231790453e-01,-4.053635115810849676e-01
7.485073553139217628e-01,-1.908642311640729450e-01
7.524207168255643285e-01,7.108512989740168875e-01
9.532258681674468104e-01,-1.081919761530816260e+00
1.805142673329223069e+00,-5.684882023518793570e-01
4.363541042902415179e-01,2.993273777058308438e-01
4.412587392337879444e-01,1.609804136698234356e-01
8.310707476849525932e-01,2.828201333623122093e-01
8.345224189921778279e-01,2.214664317489621961e-02
5.686184928907387359e-01,9.450318777469882137e-02
9.648937712792917676e-01,-6.069343084176354042e-01
6.981852299100537174e-01,2.350135927937493374e-01
6.782906698830430958e-01,-7.034195713965847585e-02
5.568536055186659173e-01,-7.939695261490502531e-01
9.789533282379846435e-01,-8.323337618869016685e-01
1.022299452693095745e+00,1.850382931593387847e-01
1.133857197179594989e+00,-6.945791166534671934e-02
9.605076495157801597e-01,-7.553785540304626400e-02
5.963894510208028743e-01,2.789224806215692132e-01
4.267083047493175907e-01,-3.107567175428048792e-02
7.233617290734822847e-01,9.116158089630739536e-02
1.090865827235614427e+00,3.400645515934485053e-01
6.949207095139556811e-01,-1.175507586825466522e+00
3.024939998523956675e-01,-6.491867856248233482e-01
7.574196680692346639e-01,1.387035835334456679e-01
2.962793010392218429e-01,2.987212202466824618e-01
9.441876849819772488e-01,-1.493968935926630159e+00
1.078650767981239600e+00,-1.078369533616092113e+00
2.653367677897583432e-01,8.020903613288372924e-02
7.016907833770786862e-01,7.023394274805344617e-01
1.280694407283951453e+00,-6.286659748606275855e-01
4.572586546940218821e-01,1.733888793464045397e-01
1.072888355529384663e+00,-2.800050021149144142e-01
7.216916978206551203e-01,1.273852671244526946e-01
1.192504707193862146e+00,-5.652156024743278939e-01
6.570597510757099080e-01,1.453768153440216093e-01
9.167669066511496823e-01,-1.944885299044153693e-01
9.080871713896802033e-01,-8.013771090240267014e-01
8.653112009770207447e-01,2.491406342408613306e-01
5.272801106943896254e-01,-7.180432330720618039e-02
5.799694679768970795e-01,-5.320940784987128191e-01
5.890591318230058437e-01,3.461938226840797356e-02
8.721938333617085259e-01,-1.957869983099242983e-01
8.842146176420279113e-01,5.514657511535792089e-01
6.072107082602411499e-01,-1.334533851040047847e-01
6.309598470584568686e-01,-1.001735421025915285e+00
7.027081564476634901e-01,-3.471261300987773524e-01
7.497948528668276769e-01,1.621319341486430199e-01
5.505057965084473315e-01,4.191042081515980455e-01
6.648073106369609686e-01,1.068890205908809982e-01
8.393482827703665494e-01,1.654306335044548326e-01
1.021095583414572072e+00,-3.950583239161232774e-01
6.218052757125660523e-01,-5.572859873212005627e-03
-2.295111081826924693e+00,2.303275655455734039e-01
-1.830020247847327530e+00,-1.052247678127765235e-01
-2.642092836635482112e+00,8.785219736614344743e-01
-1.705285218122571278e+00,-8.462732430409459772e-01
-1.405354534888403562e+00,-1.742101552948345455e+00
-1.522897840507556166e+00,3.308168808501721347e-02
-2.709296293107150255e+00,2.103353725228526150e-01
-1.513705023528295834e+00,-4.191824835141850336e+00
-1.161547623834451093e+00,-8.774491681316468616e-01
-2.004484487387516278e+00,-2.396598314271508823e+00
-1.126868614973191463e+00,-1.564000011060002304e+00
-1.445959959187181676e+00,-1.245412640608141164e+00
-2.409487880045571018e+00,1.189170116124562249e+00
-1.843531112266205252e+00,-4.847344344624808787e-01
-2.314768754408277118e+00,-3.550628276881646617e+00
-9.553151164124679129e-01,-1.891434998456569039e+00
-2.321571480974152557e+00,-1.224942607425224678e-01
-2.252025687925234720e+00,-1.334260825992544586e+00
-8.049185156935848573e-01,-2.069977080492436894e+00
-1.350735676143191677e+00,-3.266258446686013173e+00
-2.911620407991582393e+00,3.400838376038612942e-01
-2.622152528855190567e+00,1.284287994023663337e+00
-2.100528761169002223e+00,-4.753077651942340665e-01
-1.858878839189880727e+00,-1.061074730919200571e+00
-2.418085822187965750e+00,-5.405291795722089870e-02
-1.657994943965715784e+00,-1.477909511561810607e+00
-2.304021104560710853e+00,1.983469211337286486e-01
-1.128327041291075084e+00,-2.503073731221816089e+00
-1.626339806801853083e+00,-1.938357538701726002e+00
-1.691197808344344411e+00,8.883111263851732886e-01
-2.672126912320893055e+00,-5.212719103518308472e-01
-1.800135365492825379e+00,-1.257066321990647717e+00
-9.734189363194664102e-01,-3.744531723544385571e+00
-2.791913908744497519e+00,1.413977049750300363e+00
-1.802393711338568405e+00,-2.446729210623439066e+00
-1.617317059257385559e+00,-3.994536710213497432e+00
-1.567417390762483098e+00,-1.028779758577471171e+00
-2.164838121525453296e+00,-9.676253822526112991e-01
-1.959427227523896420e+00,8.283514294186648808e-02
-2.626572505134472379e+00,-8.912642554485759039e-01
-1.695703909556879996e+00,2.095386494098126773e-01
-1.056001407992174679e+00,-1.538148658159683047e+00
-2.050527871011887271e+00,-4.458683799558457728e-01
-1.777099215634432738e+00,1.390536210722526089e-01
-1.680671459369223353e+00,1.286412094623254621e-01
-2.384641671993482870e+00,-1.478801942921282031e-01
-2.729802352204010685e+00,7.058510735183377571e-01
-2.728564363216906319e+00,1.933466796776820706e-01
-1.683782077961931911e+00,-4.900729376842211105e-01
-2.982248196705182153e+00,-6.069279726183652635e+00
-1.791276043336849533e+00,3.823652874757438314e-02
-2.136312640394999907e+00,-1.990663100566929244e-01
-2.188163469721963850e+00,-1.486436653228907501e-01
-2.459037784703019369e+00,3.532250143498187334e-01
-2.529388644153140575e+00,-3.805596517054820271e+00
-2.407916806616297922e+00,-1.328473947959430079e+00
-1.935253648013710137e+00,-1.408014842148732404e+00
-2.285255964471715640e+00,-4.595534213440045090e-01
-2.728001370920303703e+00,-6.341425315154330944e-01
-8.272456632867917214e-01,-2.706127218985562521e+00
-1.695547283859120569e+00,-2.183391392113100959e+00
-2.495756514280509375e+00,-8.390155733429840446e-01
-2.047380492397656404e+00,1.615118843107635482e-01
-2.099938068471798314e+00,-3.339402821289622736e+00
-1.186838008908930098e+00,-1.221803364784761703e+00
-1.776030611219975963e+00,-4.645812142517852794e-01
-2.123608972391732408e+00,-6.891899300120616356e-01
-2.633310858328710147e+00,-3.112514082978476981e+00
-1.123337114078622578e+00,-1.903098429292830795e+00
-9.500279865622580644e-01,-1.018567370356069146e+00
-8.427689559424234034e-01,-1.532599373513683583e+00
-1.162679275434782333e+00,-4.834882080105920577e-01
-2.106493072109499209e+00,-1.082902597104211948e-03
-1.997109702587310354e+00,-1.858425065898084760e+00
-1.244481981720196639e+00,-2.813610785713653417e+00
-1.961749674421754408e+00,-7.920475410390638293e-01
-2.124238170834757522e+00,-3.639867844858522550e-01
-2.810206504868800970e+00,9.903561361465047508e-01
-2.233166640170984873e+00,-8.672551278548545906e-02
-2.876114925307502013e+00,1.211547865488657338e+00
-1.779355864106811458e+00,-2.679443606308383741e-01
-3.603542456686302575e+00,5.269844951144884160e-01
-2.476150433972291065e+00,-3.282727542617253635e-01
-2.502275598464461570e+00,6.161105722267530282e-01
-2.252413435206406689e+00,6.588747119413059794e-01
-2.134142365988426437e+00,-2.045544089571127433e+00
-1.303350562752716657e+00,-9.235313566184762957e-01
-1.747160200253886631e+00,-1.959054236371353674e-01
-1.353802454860149718e+00,-3.888812733109508479e-01
-1.895078836343712991e+00,-1.375400481081366477e+00
-2.202028782162173570e+00,5.543011380511839725e-01
-1.777511303953528854e+00,-6.107685389748549465e-01
-2.402402038028013109e+00,4.842232076030503762e-01
-1.738868227487465168e+00,3.454459792261742601e-01
-1.991724953090149519e+00,-7.495925415286995852e-01
-1.269523830072710080e+00,-4.739567522388292153e-01
-2.182693700230351919e+00,-1.669921767720857209e-01
-1.645899666806942552e+00,-1.338785476351571413e+00
-1.258340537202055520e+00,-1.616319766136118830e+00
-1.838360028687553216e+00,-2.582073948101532235e+00
-1.523693503069461164e+00,-1.047928343920808025e+00
-1.116435730932990422e+00,-3.837361211091507407e+00
-1.046607675306182372e+00,-1.300296212374696170e+00
-3.059379316419855055e+00,8.478764447923735625e-01
-2.442668661767092075e+00,1.947059007080400306e-01
-2.293024588056892910e+00,-1.651606997781695507e-01
-1.279364701673973981e+00,-1.001194373812092753e+00
-1.237326718650677337e+00,-2.840154803742217737e+00
-1.119999970235159958e+00,-9.478533667829954767e-01
-2.293709854600103348e+00,6.623206772136860376e-01
-9.281321613105345536e-01,-1.398651440771049748e+00
-1.900266305502334996e+00,-5.079803572308504434e-01
-1.812484449491395422e+00,-3.180963354109053842e+00
-1.253061694190987341e+00,-8.302628479267598616e-01
-1.415964961580848280e+00,-1.044359244583979329e+00
-1.406975463641165325e+00,-2.846266465652643740e-01
6.424617181544166611e-01,5.755604697582483720e-01
4.801592794508996453e-01,1.507555534584472889e+00
3.276736613535939924e-01,1.121885359724406284e+00
5.784450091248916070e-01,5.291551893026829045e-01
3.933479734653617665e-01,8.287877047323009005e-01
9.246848252663160128e-01,1.134761674966748402e+00
3.570195461184237917e-01,1.101729209494622719e+00
3.805389165997977163e-01,1.060185194023959054e+00
2.494056387559893950e-01,4.519762503240920548e-01
7.605913549965093168e-01,6.989187610954984420e-01
2.623396359421428792e-01,8.316007557951404783e-01
2.348319900442683850e-01,6.613385432205686199e-01
3.636666945035307297e-01,1.087523773759569323e+00
1.007935911611962165e+00,1.065096297678427950e+00
7.559315101477546150e-01,8.895361038998019776e-01
3.253935692152224446e-01,6.928032305474308705e-01
4.053359016919515501e-01,7.919174675205892244e-01
5.179551260410620861e-01,1.011684008466851914e+00
2.740150297953263814e-01,7.391190177656755678e-01
7.201669911755291809e-01,6.869741147072319087e-01
1.056114509324626027e+00,8.665057089037158100e-01
4.946768953141675307e-01,9.202644756875516530e-01
2.869695278038731923e-01,6.168893730745838022e-01
7.146644575476479577e-01,4.645406239252284353e-01
2.992257549284090268e-01,8.025894417738337339e-01
1.905726000044327406e-01,4.856089585728930458e-01
9.146237808228636634e-01,8.139420110639813410e-01
4.496590702588804667e-01,1.069438773329995485e+00
5.893592544211277984e-01,6.267443600870362674e-01
8.629215174596008842e-01,-7.855902460410707500e-01
8.774255136712938441e-01,6.018812499739412125e-01
4.023037906983040202e-01,1.226189744316143582e+00
6.464193489459468811e-01,5.373709305975907791e-01
1.587566114626147940e+00,5.741395389200808497e-01
9.239930610927632459e-01,7.413536758618971545e-01
-2.619367859298867285e-01,1.332867419120757679e+00
3.921275070946969588e-02,1.070211217029005901e+00
1.309631924522582480e+00,7.694416203215722616e-01
1.033619265949698773e+00,1.584426051883640052e-01
8.069565700040247647e-01,1.179462048042785760e+00
1.687567601983449295e-01,5.635738273093174877e-01
8.629735195564588457e-01,6.758393135480962322e-01
9.717139274204150690e-01,-5.944486083216533878e-02
6.534218303001691763e-02,1.018574198792549401e+00
4.361865785344917201e-01,1.410962153675870745e+00
8.903366719323172473e-01,1.252233434540474644e+00
-1.442450933412350589e-01,1.719940670448587561e+00
2.278905395260641675e-01,1.246176507314462834e+00
5.577694956572627483e-01,6.181683268120585772e-01
6.880478652870981593e-01,9.436925451912206997e-01
4.667542721606054434e-01,1.550974702540838468e+00
9.538222018074533626e-01,9.109657288356796112e-01
2.467757088162163825e-01,1.357855697704201114e+00
5.219479580514093664e-01,5.827982261799165009e-01
2.870069168809394333e-01,3.967835459499164941e-01
1.201829411930436686e+00,8.169794616971662871e-01
1.253417056188679490e+00,1.105540396777964451e+00
5.348558607914916108e-01,-2.658670427792887425e-01
6.845950049542013360e-01,5.933407411229280060e-01
3.479809605976120213e-01,3.852930971962161832e-01
2.941765337137370873e-01,1.245290620244762669e+00
5.573682408554937462e-01,8.954402639911052120e-01
4.873761685987757497e-01,6.376641407168885944e-01
9.058699742088689444e-01,7.461296802420944729e-01
5.224929471710980655e-01,1.008872839965271773e+00
1.078369294214579083e-01,7.855719424007490126e-01
3.762540157576388933e-01,8.000481897190474534e-01
4.446324440661196808e-01,4.632217755013915417e-01
4.409519499435617940e-01,7.576219332997823352e-01
6.469921877002747790e-01,8.656212992482684720e-01
8.261200620859572297e-01,5.814465773847655727e-01
5.913531009121091309e-01,3.251735007687583390e-01
9.792955330835265704e-01,-4.367356521493756527e-01
4.457371673224228004e-01,3.758660267087652884e-01
9.386868345281313974e-01,9.008474087833968635e-01
4.483859161378167535e-01,2.119043042301584356e-01
5.971779846580862472e-01,9.922000348371313727e-01
2.364786933437629246e-01,1.468047024531666800e+00
3.003580710643311003e-01,9.107677666408682260e-01
3.870794573899261626e-01,7.762206797513888645e-01
6.012195032920562149e-02,1.303731115172305000e+00
3.530135678135732924e-01,1.086121315020939226e+00
8.770122919999798206e-02,1.124150561440290907e+00
3.969027270257944884e-01,3.244289222622638857e-01
2.987056596604114045e-01,7.347346181318876734e-01
4.305566377620586582e-01,2.828805366997511617e-01
5.117894897723263004e-01,1.700692618483320429e-01
5.930521580936110038e-01,8.147203128135098726e-01
2.939039297030415776e-01,8.173379086222319900e-01
6.535139894277017802e-01,3.385702933136590376e-02
5.799996714294599620e-01,1.089427068772441665e+00
1.274461116283026052e-01,1.210465268510216630e+00
7.336607934928728314e-01,1.006244583253928848e+00
4.324500550000742183e-01,4.996351304286395512e-01
4.645034378186978508e-01,1.298959990978998391e+00
2.908006959150151727e-01,1.278890397635962461e+00
6.371483057787784565e-01,5.195299857956772183e-01
2.919516257632268630e-01,8.579998840474035715e-01
3.416923450291147191e-01,6.590918620617883805e-01
7.447461003342018548e-01,9.905077296094170203e-01
4.224728271909782285e-01,6.874247862402187437e-01
5.386434723578683581e-01,2.779623191432349372e-01
8.354702227930939362e-02,6.617383597784437521e-01
5.096576952031139918e-01,6.752367742835122533e-01
3.850755405564307288e-01,8.837770840217767931e-01
7.428114562034300317e-01,8.019683358463253198e-01
4.717666614274317882e-01,7.037384836425468748e-01
4.134534141858605127e-01,4.706282595318181383e-01
6.459158884076321439e-01,9.579185609334303075e-01
6.114417939983781691e-01,1.069513489410572449e+00
1.127751574404689094e+00,2.377892620950255997e-01
5.508808311894799470e-01,5.889390909476286406e-01
1.099656038454868590e+00,1.295318077221070840e+00
7.832005402400962213e-01,6.655304888757823667e-01
5.775790383555803320e-01,9.050613432311753748e-01
2.085033564423935115e-01,8.519457706238261485e-01
6.697953346700518118e-01,4.032893314026073650e-01
3.948944938183762132e-01,1.321205447662281207e+00
8.595634896556640925e-01,7.989121686429216940e-01
4.939781011169908087e-02,8.543271703235423287e-01
8.476713567059045440e-01,7.064479207999432298e-01
2.360674964724313873e-01,6.924110493373029085e-01
2.421602066898868588e-01,1.040968299767533800e+00
4.777759157667370998e-02,1.409059339511587128e+00
5.109982550552529812e-01,4.371511026939148281e-01
6.731215126062799481e-01,1.189212666461845425e+00
8.475762911283154510e-01,-8.931964575570194506e-03
7.507168107291767312e-01,8.347790831765447006e-01
4.957570047396682167e-01,6.170042884818905948e-01
8.193036111311157166e-01,1.139973605288394864e+00
6.575391534418023598e-01,-2.937505854577680542e-01
3.197280282035300791e-01,8.500872556880747499e-01
2.548878979933378308e-01,1.163987176440502758e+00
4.300764215404560553e-01,1.246458635211682875e+00
1.053019478616572080e+00,6.954171457305912130e-01
2.282466848555358974e-01,1.372380823811620409e+00
4.730740477456477633e-01,3.916202041014607005e-01
6.555170203233471327e-01,1.191142397706551170e+00
1.518582412197259923e-01,1.042807655879741224e+00
6.770350315973607813e-01,4.599638444730475006e-01
6.901003930177616041e-01,5.007767545061841963e-01
7.538467902815270127e-01,2.254056626949631492e-01
8.158339067652499166e-01,1.029603049408544413e+00
1.026328169601006951e-01,9.237913338631621452e-01
5.470248386297774656e-01,3.815276218104752259e-01
7.730401262630539616e-01,5.562686002953587394e-01
7.683296076440461198e-01,1.127857634420921906e+00
2.369030829430582574e-01,9.548787778524283620e-01
5.886382243538323955e-01,6.434024446015604859e-01
8.722596651838044890e-01,8.709384828745935225e-01
4.906634500395027909e-01,6.324200606186557438e-01
4.883346909776286049e-01,1.022783848452324840e+00
3.215145633112419521e-01,6.857060626352865507e-01
6.354081569245656480e-01,7.873846096212867574e-01
2.753950766458542199e-01,5.653628869418527714e-01
1.729714592514858609e-02,6.412254561798088615e-01
6.164158312219502056e-01,5.500314665254595753e-02
2.789984423389001433e-01,9.053096552139594522e-01
5.620437043361234952e-01,7.745359984301652956e-01
8.911747838534530564e-01,6.904735777687892595e-02
7.834321594431756797e-01,5.642749653287936207e-01
5.550862074770483989e-01,9.497041255730487297e-01
7.430425159769000754e-01,7.877834464335403686e-01
5.181871790894071461e-01,5.856202484935190133e-01
4.557246239986353920e-01,9.917432639008149087e-01
4.240891220253483196e-01,3.432081845039568480e-01
1.082423639914134261e+00,3.549028289140550990e-02
8.163796501412857731e-01,1.068727407286219622e+00
7.980986678118499045e-01,1.592663422898120407e-01
-1.968973721799566548e-02,9.873817133463180795e-01
4.887327698141216148e-01,9.313685185536675348e-01
5.949481242351917221e-01,1.446199979321485252e+00
7.242675951942154078e-02,1.333245712964499674e+00
3.375983710732594067e-01,6.673927637051626505e-01
3.342051426434018979e-01,9.616488394562922037e-01
6.829860366107427527e-01,7.268863774886765716e-01
3.631065328402272585e-01,7.739743270666709085e-01
4.719089472504242599e-01,5.797486347575303567e-01
8.500528701911520546e-01,1.015564265427359586e-01
6.531754567345710027e-01,1.242633215529600488e+00
5.209114907562666374e-01,8.930773931582356440e-01
3.925063295436977406e-01,7.906308725249103775e-01
9.772686274340405474e-03,1.337232839141196949e+00
2.410754832442263407e-01,8.552235279945402668e-01
4.644245856239706538e-01,4.522501615745281867e-01
1.178537637441151809e+00,6.269184864961824255e-01
1.086916811085441026e+00,1.252180996740389407e+00
-7.858159066190999187e-02,1.574663984581956333e+00
5.183169683179518206e-01,3.679400302142001311e-01
5.101907651462825877e-01,5.682114397441951903e-01
4.477598740831590929e-01,1.157201948565737659e+00
8.522862812282524514e-01,7.278129171896511318e-01
5.208198396707670597e-01,3.558536047102965338e-01
4.734059245174884190e-01,-2.333646544195141365e-02
4.123978734205267505e-01,8.444615654606693056e-01
6.004782315778248725e-01,3.870202150179743450e-01
2.496061270427551437e-01,1.246055797011465849e+00
7.136244617288721726e-01,1.308364255871852455e+00
4.076449274884553775e-01,1.583309446517643826e+00
5.884376776806241605e-01,6.694752102827694618e-01
3.171812160743846531e-01,2.462354048604304124e-01
2.570669929780922680e-01,6.018491726073574855e-01
5.359309988922559276e-01,4.374634811499912845e-01
9.650118995564064273e-01,1.291183214353302244e-01
7.359261310292852798e-01,1.270708376795534278e+00
8.626796546847933511e-01,7.257204099857189616e-01
4.756950284899440218e-02,4.917344149462412051e-01
6.250572546065198409e-01,4.009698555736806447e-01
2.229817754556311094e-01,5.792311298493958427e-01
5.279359251755254556e-01,4.940986315282084318e-01
9.360789748847732072e-01,9.607324714657047293e-01
4.143962403481374346e-01,1.406163984912103482e+00
5.809921674917121193e-01,2.082503489563982957e-01
9.021917931117472422e-01,5.648928214886500543e-01
8.753186140642271740e-01,1.189278989760766736e+00
8.836315088512408655e-01,8.847505786829085173e-01
8.963244426333190074e-01,6.627801801799997339e-01
1.210852003039266656e+00,6.107806894476689452e-01
7.771600123297887075e-01,2.577202296940750981e-01
6.705123305718297955e-01,4.462877654050203535e-01
4.110677618136423517e-01,5.705831440616817574e-01
7.290676573792309600e-01,1.636754005494070352e+00
4.036783915336064066e-01,9.783449935031988121e-01
6.308299313035624634e-01,1.608668955022183988e+00
4.229979246460018327e-01,1.075269603669120277e+00
1.070907305299712453e+00,5.822170210916008948e-01
6.401342774965972371e-01,8.361585468596618442e-01
5.794002186472235749e-01,9.386827497890350980e-01
7.498299937177325125e-01,1.062886433290596289e+00
3.464824951204287240e-01,7.331455423800489202e-01
5.371742963019612294e-01,1.196596973267469055e+00
8.044338218534639040e-01,4.811816039737754069e-01
8.306179044828732039e-01,8.679725668795171822e-01
4.071810751107471371e-01,6.410054914931423431e-01
8.405804456249916790e-01,4.223153307342250029e-01
7.331660384001331687e-01,-1.564065725551636310e-01
7.993980386746797340e-01,9.650484432528035894e-01
7.759944986793390065e-01,3.683198841699492077e-02
2.341533902345681872e-01,7.043153704112140590e-01
3.504557881246493922e-01,8.476790163526566335e-01
6.945828198410489707e-01,4.108110281369855565e-01
1.624157443707917314e-01,1.771216355451255220e+00
3.080290696649701232e-01,9.810608190540679452e-01
7.001082152829526395e-01,4.275170545890009111e-01
6.254339138725946157e-01,-2.943554054638489181e-01
5.483437095304423137e-01,4.427679563861750545e-01
6.027332313751642134e-01,3.367613189037982901e-01
3.504765618134697003e-01,7.717711833463812843e-01
6.088752078447152716e-01,8.031427437159220917e-01
7.839860916196321750e-01,1.277855951578716898e+00
3.813645473047240220e-01,5.942602588730756530e-01
8.912684250463153157e-01,6.459561549943587666e-01
7.206700987810280568e-01,-1.971815619173399869e-01
5.854331588348355986e-01,1.083587262903245252e+00
3.240433907897528609e-01,3.412989104623826986e-01
3.896920669650567048e-01,-2.318642475000231434e-02
5.366313591791275206e-01,1.889240938133626424e-01
5.641273411675266081e-01,7.331571280096365051e-01
3.499820910200187041e-01,8.067388533412027662e-01
1.201946884247095504e+00,1.512098690260168243e-01
4.337403454415280080e-01,3.697675357420441428e-02
5.141078535513237124e-01,6.374239284950397044e-01
1.159409150337491257e+00,9.777030105007034066e-01
5.344640895934047453e-01,4.942627312609443324e-01
3.655590353313454832e-01,7.512615520318906004e-01
2.880495497658602244e-01,1.501947434093434952e-01
7.147123645397935876e-01,7.153112621739533550e-01
5.824053206506107916e-01,9.816743957629932016e-01
4.035180625126199572e-01,7.123530627324283770e-01
2.282629298915163363e-01,6.207845065738506474e-01
8.360239830175246745e-01,6.189118262070096854e-01
2.942381171336604373e-01,7.457663640814751194e-01
9.184589459738989881e-01,9.860100320866160839e-01
9.022329169677486549e-01,2.577980479121451118e-01
6.587333463483419083e-01,8.824169633673568658e-01
1.036146062614834218e+00,8.713567911118421661e-01
3.285097465898309532e-01,6.415265610970711796e-01
7.648163020282366942e-01,9.712715201640286233e-01
9.387541727353962973e-01,7.693050606315928741e-01
2.157135013944556923e-01,7.298421402396002566e-01
2.529220256334032690e-01,8.872546244981832642e-01
5.034005348716007466e-01,3.811670104696074923e-01
1.188890120903306702e+00,3.204200189302743307e-01
6.901785621446187013e-01,8.988018925277686533e-01
3.438057053258521956e-01,2.880050084744371075e-01
4.774406667076574462e-01,6.852535932948520259e-01
2.460556021258705206e-01,1.539435596359615577e+00
9.528267485711215956e-01,1.018515956309404835e+00
3.884318600812419753e-01,6.482155798381069589e-01
4.034331695675674179e-01,-3.573287336794262470e-01
1.157357889246255489e+00,1.207525773024626714e+00
3.637233450571378812e-01,1.353706627686751540e+00
1.817570428666969995e-01,1.910510551868887796e-01
3.979332283348556709e-01,3.625583090631611660e-01
8.291547260599532176e-01,5.233845039468922877e-01
5.677643054507797854e-02,1.135001779309373404e+00
2.811451170410088074e-01,6.258650644269031504e-01
-8.990484688134630850e-03,1.162739345211166730e+00
4.367089054797436143e-01,1.038138436417709087e+00
6.821120188421756492e-01,1.370725038129226414e+00
7.708948716734307371e-01,4.485572981662417358e-01
8.851784194813048234e-01,-7.601228474754305117e-03
8.474045110053840535e-01,1.128100648091402425e+00
8.223343116665268182e-01,1.116351505636130836e+00
4.931002575944191113e-01,4.602119850729060047e-01
2.719584662305100098e-01,9.705392162529943301e-01
5.495409906024026903e-01,5.600721439899505327e-01
7.977705644371636540e-01,6.026625218671934903e-01
4.552467704598207598e-01,4.499263536654675710e-01
7.292398930613546160e-01,9.661535712398954256e-01
4.312254550594888935e-01,5.465881878769481839e-01
2.485314993653914839e-01,1.651165701163584409e-01
1.051038587530698454e+00,5.031271222475726113e-01
1.379340483113687288e+00,4.774722118302243690e-01
3.985423902380184624e-01,9.887473075667464473e-01
7.053874399650031934e-01,8.457061850351866861e-01
5.391084499257876583e-01,5.816711158005647420e-01
9.701119152655173217e-01,1.773095488584176260e-01
5.973070789556259585e-01,4.124223301402534791e-01
7.453763683720916466e-01,1.272064274504663972e+00
8.699501508940070682e-01,7.654114085869649919e-01
5.611409965109432907e-01,4.223201422115180903e-01
5.935178513697628722e-01,4.166893586909488079e-01
5.511792298068941554e-01,1.135138118455026879e+00
7.124210850738290635e-01,8.065428350409935554e-01
8.178309581922177385e-01,1.086274476645217479e+00
7.505817453957585039e-01,2.754097817484890132e-01
6.456543918737345233e-01,9.258002909940717950e-01
3.462326408503003661e-01,1.585248928832110549e+00
1.079695239901538040e+00,5.785262742232905042e-01
4.971550507634765470e-01,1.281083440101207671e+00
4.794346951041833504e-01,3.652663471569490006e-01
5.875835862514245944e-01,6.698143249649477493e-01
1.045843943860548464e+00,6.932571430051363004e-01
7.310189191387655994e-01,1.183334926357470840e+00
4.669978589927702983e-01,6.532141870981020837e-01
3.648550649872658314e-01,1.212550029736215063e+00
8.612431035850939831e-02,8.023476365506031494e-01
5.593143826268930363e-01,1.771766352343051576e+00
8.463984350623277031e-01,4.306991869925381744e-01
1.120865999391566170e+00,1.497273671033867659e+00
3.403791821109252713e-01,5.372830136109717492e-01
5.500060966092322479e-02,1.401217529483907320e+00
4.409748443452955469e-01,9.370590724884713119e-01
7.057312890438304231e-01,1.311521462175455621e+00
3.371326071054889795e-01,8.653759257461962617e-01
8.620253421956871609e-01,1.772814611239221794e-01
1.315263348617043693e-01,1.237893671545175600e+00
2.408321474256519545e-01,7.754415245256296441e-01
5.031849941298830453e-01,6.765651235844708511e-01
6.274385173509741120e-01,6.574119419813274634e-01
8.921875560005659844e-01,3.007030846309902694e-01
1.188237810741548106e+00,-3.529722312808800805e-02
7.470940993001550234e-01,8.045536748895584234e-01
7.020737978995141848e-01,1.452530135282089185e+00
5.125135904664654962e-01,6.326915830652672934e-01
4.262794575375717376e-01,3.983959243055777977e-01
1.387542943668782947e+00,6.251245671923936209e-01
8.991079243395566634e-01,1.020990616535331741e+00
7.715121534870459374e-01,1.056039411918272997e+00
4.642457735273149977e-01,7.466221393194346634e-01
8.504131587922740820e-01,1.479303380866871520e-01
5.661792130853443572e-01,1.323668619711634964e+00
4.612677599596766709e-01,7.702089165890100286e-01
7.176504698083969735e-01,1.274474422577680066e+00
5.883599207484065952e-01,1.532280535449324299e+00
7.306345160824545548e-01,1.494541408988188769e+00
3.190311018181204994e-01,6.813365977166274678e-01
9.664839852345733506e-01,1.089660971662372413e+00
4.656392682801320237e-01,1.312227345046854232e+00
1.822139023074505482e-01,8.380668305094011172e-01
8.205363767447768630e-01,1.407033011946970502e+00
6.732767250064917164e-01,3.186174268842761337e-01
6.589208308774165967e-01,8.964044579204510921e-02
7.619981054643782947e-01,9.993679481335848713e-01
2.926755889866921034e-01,5.717317209437140502e-01
4.456964638987864213e-01,1.162019769872559172e+00
5.268425822780413714e-01,8.122545749860925479e-01
2.460134289770365967e-01,6.481814240683542172e-01
5.788921669084445831e-01,6.501570084388101911e-01
4.718095822189674604e-01,1.176985268492405812e+00
1.002105991216960978e+00,1.130934044861620302e+00
9.418662216513442598e-01,1.934715410788329315e+00
6.184603499685347172e-01,4.832721965891247917e-01
7.503666138664294438e-01,4.359206625953879755e-01
6.890469829488543585e-01,3.129563545813152103e-01
8.261082888114905654e-01,1.745019678287251130e+00
9.877224198219471951e-01,4.114091579363264306e-01
8.336318452696701575e-01,1.292708862092715627e+00
7.042114253490334708e-01,6.253396534406817642e-01
9.961550646806861531e-01,3.154341602542030110e-01
