-2.921232986450195312e+01,6.993009567260742188e+00
-4.412345504760742188e+01,-4.726365566253662109e+00
-3.005145835876464844e+01,-3.515351772308349609e+00
-1.814948272705078125e+01,-3.126914799213409424e-01
-2.167372131347656250e+01,-3.557391643524169922e+00
-3.144083976745605469e+01,-7.840296745300292969e+00
-4.537196731567382812e+01,-4.580554008483886719e+00
-3.170162200927734375e+01,5.618014812469482422e+00
-2.580771827697753906e+01,7.261245250701904297e-01
-4.339590835571289062e+01,1.090417385101318359e+00
-2.757553863525390625e+01,-1.217708873748779297e+01
-4.580453109741210938e+01,-3.756966114044189453e+00
-3.250121307373046875e+01,2.753504514694213867e+00
2.969837951660156250e+01,1.825924873352050781e+01
-2.453146743774414062e+01,2.946043968200683594e+00
-2.146483993530273438e+01,2.653225421905517578e+00
-1.739821052551269531e+01,7.878238677978515625e+00
-2.632459259033203125e+01,-4.414456844329833984e+00
-3.503097152709960938e+01,6.244473457336425781e+00
-3.952220153808593750e+01,6.939934253692626953e+00
-1.271740436553955078e+01,1.261277103424072266e+01
-9.925315856933593750e+00,-9.651458740234375000e+00
-2.433656692504882812e+01,1.513631045818328857e-01
-5.108130645751953125e+01,-2.400194168090820312e+00
3.537396192550659180e+00,-3.115840673446655273e+00
-4.402100753784179688e+01,-1.996096014976501465e+00
-3.119187736511230469e+01,4.686207771301269531e+00
-3.064417648315429688e+01,-1.728455424308776855e+00
-1.836222839355468750e+01,6.294654846191406250e+00
-2.491775321960449219e+01,2.599083423614501953e+00
-6.503540802001953125e+01,-5.865084648132324219e+00
-2.823925781250000000e+01,-4.610053300857543945e-01
-2.257377815246582031e+01,4.644941806793212891e+00
-2.910817146301269531e+01,-1.190082454681396484e+01
-5.226927185058593750e+01,6.687417030334472656e+00
-1.771905136108398438e+01,1.683241462707519531e+01
-2.470049285888671875e+01,2.615409374237060547e+00
-4.262795639038085938e+01,2.146408706903457642e-01
-2.818773841857910156e+01,1.031709194183349609e+01
-6.228970718383789062e+01,2.004363775253295898e+00
-4.848622512817382812e+01,5.270888805389404297e+00
-3.006665992736816406e+01,-1.606369400024414062e+01
-1.919906044006347656e+01,-4.398992538452148438e+00
-3.029882240295410156e+01,-1.300752639770507812e+01
-6.401940917968750000e+01,-1.213383960723876953e+01
-4.492464828491210938e+01,5.840898036956787109e+00
-6.423267364501953125e+01,1.681044197082519531e+01
-1.870569419860839844e+01,-4.955856323242187500e+00
-5.108866882324218750e+01,1.442771911621093750e+01
-1.376730918884277344e+01,1.393815994262695312e+01
-3.986723327636718750e+01,4.653474807739257812e+00
-1.875579833984375000e+01,-1.366403198242187500e+01
-3.147297477722167969e+01,-1.033485984802246094e+01
-1.382562828063964844e+01,1.115616130828857422e+01
-2.902452087402343750e+01,3.902067422866821289e+00
-3.290247726440429688e+01,9.219908714294433594e+00
-2.399527168273925781e+01,9.402988433837890625e+00
-6.492976379394531250e+01,-8.257733345031738281e+00
-2.734108924865722656e+01,8.654381752014160156e+00
-6.136259841918945312e+01,-1.490977001190185547e+01
-4.648692703247070312e+01,-9.934255599975585938e+00
-3.231356811523437500e+01,-4.390813350677490234e+00
3.517092895507812500e+01,1.095056247711181641e+01
-3.032542037963867188e+01,5.523373603820800781e+00
-2.668469429016113281e+01,-1.522137737274169922e+01
-1.272103977203369141e+01,3.586293458938598633e+00
-2.569428062438964844e+01,-1.068101406097412109e+01
-2.014824104309082031e+01,8.403244972229003906e+00
-2.865175056457519531e+01,-1.156349086761474609e+01
-4.716402435302734375e+01,-7.933371543884277344e+00
-2.091790771484375000e+01,1.327406597137451172e+01
-2.051979637145996094e+01,-4.966595649719238281e+00
-1.912740516662597656e+01,-4.490082263946533203e+00
-8.595666885375976562e+00,9.806426048278808594e+00
-3.035490417480468750e+01,-2.019714832305908203e+00
-6.841144561767578125e+01,-1.393938732147216797e+01
-3.571720504760742188e+01,5.344331741333007812e+00
-4.878238296508789062e+01,1.457590818405151367e+00
-2.815701293945312500e+01,-3.796424150466918945e+00
-4.763096237182617188e+01,-1.198573398590087891e+01
-3.216340637207031250e+01,-2.823485136032104492e+00
-3.471765518188476562e+01,3.871194601058959961e+00
-1.918274688720703125e+01,1.107111549377441406e+01
-3.658658218383789062e+01,8.319849967956542969e-01
-1.121529293060302734e+01,8.149247169494628906e+00
-2.462375640869140625e+01,-4.640160083770751953e+00
-2.984636878967285156e+01,-6.049100399017333984e+00
-3.413761901855468750e+01,3.964408874511718750e+00
-1.993646049499511719e+01,-1.588232421875000000e+01
-3.144932365417480469e+01,1.157456040382385254e-01
-2.385555076599121094e+01,2.715287208557128906e+00
-2.852084732055664062e+01,-6.793654918670654297e+00
-6.400330352783203125e+01,-1.092956542968750000e+01
-6.929332733154296875e+01,-9.515048027038574219e+00
-6.042451858520507812e+01,1.327334308624267578e+01
-2.416731071472167969e+01,1.152042865753173828e+01
-4.450826644897460938e+01,-1.074867534637451172e+01
-2.593914794921875000e+01,7.408274650573730469e+00
-2.116619682312011719e+01,-9.790082931518554688e+00
-1.802680015563964844e+01,-2.786793518066406250e+01
-3.453300857543945312e+01,-7.202823162078857422e+00
-2.251025390625000000e+01,-4.827027320861816406e+00
-4.377269744873046875e+01,-4.915373325347900391e+00
-4.413617324829101562e+01,-5.771802902221679688e+00
-6.475026702880859375e+01,-8.480708122253417969e+00
-3.019836616516113281e+01,6.006794452667236328e+00
-2.613943672180175781e+01,-7.228347301483154297e+00
-1.802639961242675781e+01,2.081226587295532227e+00
-3.016125106811523438e+01,-1.678469300270080566e+00
-2.490772008895874023e+00,5.089915275573730469e+00
-1.872548866271972656e+01,1.270252704620361328e+01
-2.216749763488769531e+01,2.945910453796386719e+00
-3.251298522949218750e+01,4.143400192260742188e+00
-3.555142211914062500e+01,6.330198764801025391e+00
-3.147218513488769531e+01,-1.583439350128173828e+01
-2.478804397583007812e+01,1.665423631668090820e+00
-5.040270996093750000e+01,4.169669449329376221e-01
-4.137387084960937500e+01,9.013042449951171875e+00
-4.293169403076171875e+01,7.467805385589599609e+00
-2.799619483947753906e+01,-9.328794479370117188e+00
-3.095960617065429688e+01,-8.190361976623535156e+00
-3.383895111083984375e+01,3.243195295333862305e+00
-2.592878341674804688e+01,1.113801288604736328e+01
-7.067485046386718750e+01,-7.515707492828369141e+00
1.849815368652343750e+01,-2.209928894042968750e+01
-2.879901695251464844e+01,-5.756264686584472656e+00
-2.000393104553222656e+01,1.172094631195068359e+01
-2.736046409606933594e+01,4.252565383911132812e+00
-3.257116317749023438e+01,-2.702468872070312500e+00
-4.759132766723632812e+01,-1.015040206909179688e+01
-6.965487670898437500e+01,-1.343052959442138672e+01
-1.366724848747253418e+00,-2.691880607604980469e+01
-6.203442764282226562e+01,-5.354253292083740234e+00
-2.399073028564453125e+01,6.315515518188476562e+00
-3.355898284912109375e+01,6.062746524810791016e+00
-3.027943038940429688e+01,-1.391378045082092285e+00
-1.710564613342285156e+01,-9.356319308280944824e-01
-2.209342956542968750e+01,-7.199742317199707031e+00
-6.249439620971679688e+01,-1.410914611816406250e+01
-2.462620544433593750e+01,2.381017923355102539e+00
-3.749546813964843750e+01,8.818451762199401855e-01
-2.050810050964355469e+01,1.184515094757080078e+01
-1.691310501098632812e+01,4.986792087554931641e+00
-3.059617805480957031e+01,8.409535408020019531e+00
-2.354981231689453125e+01,-8.611742019653320312e+00
-5.500901222229003906e+00,1.289120912551879883e+00
-4.239658355712890625e+01,2.443417549133300781e+00
-4.234393310546875000e+01,3.316425561904907227e+00
-4.589722061157226562e+01,3.491488456726074219e+00
-3.097802352905273438e+01,-5.341811180114746094e+00
-4.222746658325195312e+01,6.341374874114990234e+00
-3.035984611511230469e+01,4.493282318115234375e+00
-1.487860774993896484e+01,-1.055648207664489746e+00
-2.660020637512207031e+01,2.361380577087402344e+00
-1.936764526367187500e+01,5.901587009429931641e+00
-3.691833114624023438e+01,-4.619943499565124512e-01
-7.977959156036376953e+00,8.688645362854003906e+00
-2.504592514038085938e+01,-1.027263164520263672e+01
-2.459585762023925781e+01,-5.552423000335693359e+00
-3.896360015869140625e+01,5.707740783691406250e-01
-2.860472106933593750e+01,-5.175485134124755859e+00
-4.067881774902343750e+01,1.095380306243896484e+00
-7.967911720275878906e+00,1.835968017578125000e+00
1.546020698547363281e+01,-3.656631231307983398e+00
-1.932819938659667969e+01,4.783743381500244141e+00
-3.232950210571289062e+01,-2.327566862106323242e+00
-2.165251159667968750e+01,-1.019509315490722656e+01
-4.570150375366210938e+01,3.048099994659423828e+00
-3.852363586425781250e+01,5.134724140167236328e+00
-2.642277717590332031e+01,4.518321990966796875e+00
-2.491676902770996094e+01,7.441895484924316406e+00
-3.615146636962890625e+01,6.650932788848876953e+00
-2.745442581176757812e+01,6.124717712402343750e+00
-3.543020629882812500e+01,6.751888275146484375e+00
-1.957613182067871094e+01,1.217575740814208984e+01
-3.538613891601562500e+01,5.910686969757080078e+00
-2.933332633972167969e+01,-5.153970241546630859e+00
-3.503244781494140625e+01,2.746993064880371094e+00
-2.769801712036132812e+01,-5.431375980377197266e+00
-2.101291275024414062e+01,3.142106771469116211e+00
-4.841245651245117188e+01,-3.781925201416015625e+00
-2.894012069702148438e+01,9.157216072082519531e+00
-3.054302024841308594e+01,1.315901565551757812e+01
-2.841378021240234375e+01,-6.198983669281005859e+00
-1.002216243743896484e+01,1.411390304565429688e+01
-1.776981544494628906e+01,-4.447113037109375000e+00
-3.913179779052734375e+01,3.892710506916046143e-01
-2.953658103942871094e+01,8.327199220657348633e-01
-1.663503456115722656e+01,6.349303722381591797e+00
-1.927271080017089844e+01,7.333209991455078125e+00
-6.051782226562500000e+01,-6.397529602050781250e+00
-2.610387802124023438e+01,7.001521110534667969e+00
-4.960764312744140625e+01,-8.110032081604003906e+00
-2.367948341369628906e+01,1.244123649597167969e+01
-3.153957557678222656e+01,5.910847783088684082e-01
-3.459012985229492188e+01,-1.643987655639648438e+00
-4.390777206420898438e+01,8.997318148612976074e-01
-1.976623916625976562e+01,9.993027687072753906e+00
-2.386178016662597656e+01,9.568784713745117188e+00
-4.737063598632812500e+01,-2.696408987045288086e+00
-2.481213760375976562e+01,-6.859400868415832520e-01
-1.620664596557617188e+01,-1.128954887390136719e+00
6.844390630722045898e-01,-9.746884346008300781e+00
-3.380962371826171875e+01,9.579623341560363770e-01
-1.945363426208496094e+01,-3.472627162933349609e+00
-3.429146575927734375e+01,-5.857025623321533203e+00
-2.164859199523925781e+01,-3.812231302261352539e+00
-4.603025817871093750e+01,3.014391899108886719e+00
-2.545828819274902344e+01,6.852514743804931641e+00
-2.349702453613281250e+01,-6.355098247528076172e+00
-3.133162307739257812e+01,-1.979566574096679688e+00
-3.040030670166015625e+01,3.403023481369018555e-01
-3.597455215454101562e+01,-3.152272224426269531e+00
-2.874933433532714844e+01,2.916957616806030273e+00
-3.044566535949707031e+01,3.312300920486450195e+00
-2.171653175354003906e+01,1.180823802947998047e+01
-3.475984954833984375e+01,3.004105091094970703e+00
-4.558146667480468750e+01,-6.443087100982666016e+00
-2.280951499938964844e+01,4.283839225769042969e+00
-5.885251998901367188e+01,-9.564373016357421875e+00
-3.904829788208007812e+01,1.032196998596191406e+01
-3.464307785034179688e+01,-4.454371452331542969e+00
-1.726908493041992188e+01,-2.900456190109252930e+00
-5.655101394653320312e+01,-1.489780426025390625e+01
-2.064746856689453125e+01,1.446812725067138672e+01
-3.410739898681640625e+01,-2.546304941177368164e+00
-1.863209342956542969e+01,3.687122344970703125e+00
-4.424612808227539062e+01,1.890573620796203613e+00
-1.728846168518066406e+01,1.466940975189208984e+01
1.104231595993041992e+00,8.884204864501953125e+00
-6.497833251953125000e+01,-1.024464130401611328e+00
-3.651941299438476562e+01,7.974183559417724609e+00
-2.911694145202636719e+01,6.828774929046630859e+00
-2.378931808471679688e+01,-2.579255104064941406e+00
-2.618371582031250000e+01,1.180072116851806641e+01
-1.664214134216308594e+01,-6.612665176391601562e+00
-2.929150962829589844e+01,-3.258593559265136719e+00
-4.580361175537109375e+01,5.420907020568847656e+00
-3.083166885375976562e+01,-1.785298919677734375e+01
-4.301574325561523438e+01,7.542011260986328125e+00
-3.104614257812500000e+01,3.085752010345458984e+00
-2.818334579467773438e+01,-2.524551868438720703e+00
-1.141242980957031250e+01,-2.598869085311889648e+00
-4.039099884033203125e+01,-3.180001497268676758e+00
-2.370210647583007812e+01,-8.038427352905273438e+00
-1.908785820007324219e+01,-1.106508731842041016e+01
-1.900765609741210938e+01,8.914070129394531250e+00
-3.125213813781738281e+01,9.665767669677734375e+00
-3.566969680786132812e+01,-5.098167896270751953e+00
-1.924768638610839844e+01,1.368349742889404297e+01
-2.296639442443847656e+01,-2.513099193572998047e+00
-3.437887191772460938e+01,1.397373199462890625e+00
-2.714205932617187500e+01,-1.713329696655273438e+01
-2.584653472900390625e+01,8.641957283020019531e+00
-2.300346565246582031e+01,-7.060985565185546875e+00
-3.388047790527343750e+01,-7.611912727355957031e+00
-3.860819244384765625e+01,2.462772876024246216e-01
-3.079006767272949219e+01,-3.462157726287841797e+00
-4.664773559570312500e+01,-6.709971904754638672e+00
-4.619459152221679688e+01,2.748291969299316406e+00
-5.895943832397460938e+01,1.240279960632324219e+01
-4.841234207153320312e+01,-1.307663172483444214e-01
-5.064201354980468750e+01,1.056564569473266602e+00
-2.856660079956054688e+01,-7.036208152770996094e+00
-2.952703475952148438e+01,-1.150405979156494141e+01
-1.616764259338378906e+01,9.637861251831054688e-01
-4.174935150146484375e+01,5.218462944030761719e+00
-3.242776870727539062e+01,-4.451832294464111328e+00
-1.863110160827636719e+01,-9.304558753967285156e+00
-4.611523437500000000e+01,-2.871825695037841797e+00
-4.104668617248535156e+00,1.623039054870605469e+01
-4.135416793823242188e+01,-2.385978400707244873e-01
-2.869711112976074219e+01,-1.225818443298339844e+01
-2.616882514953613281e+01,-1.473712158203125000e+01
-6.002588272094726562e+01,7.010900497436523438e+00
-4.455117416381835938e+01,3.699416160583496094e+00
-3.882353973388671875e+01,-5.451992511749267578e+00
-2.611328315734863281e+01,-9.738276481628417969e+00
-3.077957153320312500e+01,2.869817733764648438e+00
-3.226155853271484375e+01,-5.392806529998779297e+00
-4.404075622558593750e+01,2.737084388732910156e+00
-1.298149871826171875e+01,8.960323333740234375e+00
-4.590095901489257812e+01,-1.035007286071777344e+01
-6.683737182617187500e+01,-1.727124786376953125e+01
-4.998827743530273438e+01,2.087489604949951172e+00
-5.503236389160156250e+01,-1.231166362762451172e+01
-5.653049945831298828e+00,-6.307471752166748047e+00
-3.206900787353515625e+01,-1.944178819656372070e+00
-3.035800170898437500e+01,-1.482463479042053223e+00
-2.669824409484863281e+01,-6.062276363372802734e-01
-2.274817657470703125e+01,4.436002254486083984e+00
-3.066931343078613281e+01,-2.615890741348266602e+00
-1.597199726104736328e+01,9.157370567321777344e+00
-2.755129051208496094e+01,1.148408603668212891e+01
-6.686560821533203125e+01,-2.603507041931152344e+00
-6.897022247314453125e+01,-1.799162101745605469e+01
-6.804950714111328125e+01,-1.065106105804443359e+01
-4.226222229003906250e+01,3.743240118026733398e+00
-3.809616088867187500e+01,7.590703964233398438e+00
-1.542570495605468750e+01,-1.761209869384765625e+01
-1.090754032135009766e+01,-3.131339311599731445e+00
-2.290049552917480469e+01,1.054138660430908203e+01
-1.614506912231445312e+01,1.023340797424316406e+01
-1.926923942565917969e+01,-1.812595129013061523e+00
-9.201077461242675781e+00,4.822807312011718750e+00
-3.051596260070800781e+01,-1.238057613372802734e+00
-3.719445419311523438e+01,6.332304000854492188e+00
-2.178318214416503906e+01,1.109300804138183594e+01
-4.648862075805664062e+01,-6.793369293212890625e+00
-6.574671173095703125e+01,-9.406285285949707031e+00
-2.662870597839355469e+01,8.558616638183593750e+00
-2.876355552673339844e+01,5.974224567413330078e+00
-2.460293006896972656e+01,-9.023917317390441895e-01
-2.741187667846679688e+01,6.288584232330322266e+00
-2.094025993347167969e+01,-2.842978239059448242e+00
-2.798105049133300781e+01,-1.230937290191650391e+01
-4.288339233398437500e+01,3.452908992767333984e+00
-1.388992977142333984e+01,4.821784496307373047e+00
-2.784513282775878906e+01,-4.443486690521240234e+00
-4.663180541992187500e+01,7.119492053985595703e+00
-4.773620223999023438e+01,2.887818813323974609e+00
-4.783927917480468750e+01,-9.394032478332519531e+00
-6.655845642089843750e+01,-9.217934608459472656e+00
-3.188822174072265625e+01,-1.607033157348632812e+01
-1.665962028503417969e+01,1.424413681030273438e+00
-2.955186653137207031e+01,-6.943876743316650391e+00
-2.648091316223144531e+01,4.420876979827880859e+00
-3.259878873825073242e+00,2.060853958129882812e+00
-4.375500869750976562e+01,2.728854417800903320e+00
-3.658136749267578125e+01,1.166052579879760742e+00
-2.320489501953125000e+01,8.999824523925781250e+00
-6.209779357910156250e+01,-1.530108833312988281e+01
-6.355567932128906250e+01,-3.706580698490142822e-01
-4.536450195312500000e+01,6.115260124206542969e+00
-3.346867752075195312e+01,-4.296132564544677734e+00
-2.924357604980468750e+01,2.062712430953979492e+00
-3.415647506713867188e+01,1.303614902496337891e+01
-2.374369049072265625e+01,-8.553494453430175781e+00
-1.407624816894531250e+01,1.090482521057128906e+01
-2.444222640991210938e+01,2.649475097656250000e+00
-2.194366073608398438e+01,6.169418811798095703e+00
-3.225698089599609375e+01,-3.811383485794067383e+00
-3.220698547363281250e+01,3.298720836639404297e+00
-4.611212539672851562e+01,4.145426750183105469e+00
-2.771366882324218750e+01,-2.166085433959960938e+01
-4.121375656127929688e+01,6.991857528686523438e+00
-5.950468444824218750e+01,-2.252852201461791992e+00
1.228756427764892578e+01,1.271849536895751953e+01
-6.579527282714843750e+01,-9.619532585144042969e+00
-3.868132781982421875e+01,-8.489753723144531250e+00
-3.998150253295898438e+01,-8.463206291198730469e+00
-3.884760284423828125e+01,5.281805992126464844e+00
-4.470412063598632812e+01,-2.483924627304077148e+00
-3.334029388427734375e+01,-3.234415769577026367e+00
-4.735767364501953125e+01,-5.578081607818603516e+00
-2.593861579895019531e+01,-1.047857475280761719e+01
-3.504502487182617188e+01,4.655987262725830078e+00
-2.038507461547851562e+01,-4.406995475292205811e-01
-2.575234794616699219e+01,-2.582624927163124084e-02
-4.113683319091796875e+01,8.372816085815429688e+00
-4.076095581054687500e+01,5.794623374938964844e+00
-5.031442260742187500e+01,-9.442313909530639648e-01
-2.805271911621093750e+01,-9.759790420532226562e+00
1.589793777465820312e+01,-8.010263442993164062e+00
-6.837770080566406250e+01,-6.749559402465820312e+00
-1.014719867706298828e+01,-3.234179306030273438e+01
-7.088784027099609375e+01,-1.681167602539062500e+01
-3.765211486816406250e+01,1.027432441711425781e+01
-2.306572914123535156e+01,4.049853801727294922e+00
-1.492340564727783203e+01,1.044288635253906250e+01
-2.311637306213378906e+01,-6.940514564514160156e+00
-2.529892349243164062e+01,-3.811668157577514648e+00
-3.462302398681640625e+01,-2.552510499954223633e+00
-2.955673027038574219e+01,-8.289736747741699219e+00
-3.223865890502929688e+01,-2.431832313537597656e+00
-2.219560623168945312e+01,-6.666208267211914062e+00
1.042845630645751953e+01,-1.489715290069580078e+01
-3.490022659301757812e+01,-6.944090843200683594e+00
-4.422745895385742188e+01,4.101880550384521484e+00
-5.023268508911132812e+01,-8.942600250244140625e+00
-3.715153884887695312e+01,-7.764515876770019531e+00
-1.533915805816650391e+01,-1.740120500326156616e-01
-2.543961715698242188e+01,-6.345227241516113281e+00
-1.112773513793945312e+01,1.052443790435791016e+01
-3.004236793518066406e+01,-1.257234668731689453e+01
-3.803340148925781250e+01,-1.405157089233398438e+00
-2.041945838928222656e+01,2.081770420074462891e+00
-1.979703712463378906e+01,6.497313499450683594e+00
-3.178159141540527344e+01,-3.662980794906616211e+00
-2.334826850891113281e+01,5.583333015441894531e+00
-3.028806686401367188e+01,-1.335049915313720703e+01
-2.015452957153320312e+01,-1.221652865409851074e+00
-1.889846420288085938e+01,2.971007823944091797e+00
-2.267179679870605469e+01,4.492842197418212891e+00
-2.720585441589355469e+01,-2.655453681945800781e+00
-4.201908111572265625e+01,-7.255430221557617188e+00
-5.298589706420898438e+01,5.710572004318237305e-01
-3.265330886840820312e+01,3.596889078617095947e-01
-3.151715087890625000e+01,-2.819393539428710938e+01
-3.597956085205078125e+01,-8.075918197631835938e+00
-3.447423171997070312e+01,4.883355617523193359e+00
-4.014232635498046875e+01,-1.147213077545166016e+01
-3.264950561523437500e+01,-1.545398998260498047e+01
-3.040862655639648438e+01,8.983859062194824219e+00
-2.333891487121582031e+01,1.146577930450439453e+01
-1.840386962890625000e+01,8.061562538146972656e+00
-1.763892936706542969e+01,-8.553614616394042969e+00
-3.243731307983398438e+01,3.386992931365966797e+00
-1.757489967346191406e+01,2.882514476776123047e+00
-4.095637512207031250e+01,4.795485973358154297e+00
-2.341508865356445312e+01,8.955175399780273438e+00
-3.294001388549804688e+01,-1.784387111663818359e+00
-6.063402938842773438e+01,3.729987382888793945e+00
-4.736600494384765625e+01,3.965264797210693359e+00
-6.143597793579101562e+01,-1.030642604827880859e+01
-2.073432922363281250e+01,-2.680727577209472656e+01
-1.112616348266601562e+01,-2.836567687988281250e+01
-4.512120056152343750e+01,3.653071403503417969e+00
-3.979841995239257812e+01,1.731398582458496094e+00
-2.026802062988281250e+01,1.534678459167480469e+00
-2.625134086608886719e+01,-3.217447280883789062e+00
-3.170487976074218750e+01,-5.118781089782714844e+00
-1.393042659759521484e+01,2.309170246124267578e+00
-2.614925765991210938e+01,-9.767661094665527344e+00
-5.324982833862304688e+01,-1.115112972259521484e+01
-2.519331741333007812e+01,-5.824917793273925781e+00
-3.737228775024414062e+01,1.076396584510803223e+00
-2.806831932067871094e+01,5.611540794372558594e+00
-4.172285842895507812e+01,-1.270982503890991211e+00
-3.587151718139648438e+01,7.049896240234375000e+00
-4.137883758544921875e+01,-6.769034385681152344e+00
-3.430523681640625000e+01,-4.524076461791992188e+00
-3.728973388671875000e+01,8.555279731750488281e+00
-2.616092491149902344e+01,-8.439329147338867188e+00
-6.039532470703125000e+01,-6.693366169929504395e-01
-1.995392608642578125e+01,8.265610933303833008e-01
-2.443400573730468750e+01,-2.596420049667358398e-01
-2.313196182250976562e+01,-6.258441805839538574e-01
-3.404310464859008789e+00,-5.551439285278320312e+00
-2.567311477661132812e+01,1.132058048248291016e+01
-4.568215560913085938e+01,-1.679658174514770508e+00
-4.143904113769531250e+01,-5.214226245880126953e-01
-2.246314811706542969e+01,1.174018669128417969e+01
-2.304581832885742188e+01,-1.288419008255004883e+00
-2.828471374511718750e+01,-5.133292675018310547e+00
-2.276128768920898438e+01,-2.853961944580078125e+00
-2.417119598388671875e+01,8.721920847892761230e-02
-4.368942642211914062e+01,1.563207745552062988e+00
-1.969095611572265625e+01,-1.639294266700744629e+00
-2.761533164978027344e+01,4.316390991210937500e+00
-4.824388504028320312e+01,-9.936463356018066406e+00
-1.488558387756347656e+01,3.599814414978027344e+00
-2.434384918212890625e+01,6.255012750625610352e-02
-1.247226810455322266e+01,9.567845344543457031e+00
-1.957361221313476562e+01,-1.585373640060424805e+00
-3.141304969787597656e+01,-6.855323791503906250e+00
-3.840686035156250000e+01,-1.361509710550308228e-01
-1.295930576324462891e+01,8.075268745422363281e+00
-2.743934822082519531e+01,-1.157814884185791016e+01
-3.093862342834472656e+01,3.748753964900970459e-01
-6.257859420776367188e+01,-1.861866354942321777e+00
-2.398600006103515625e+01,3.860996961593627930e-01
-2.169883537292480469e+01,-7.541398525238037109e+00
-1.772393417358398438e+01,6.331215381622314453e+00
-3.768604278564453125e+01,4.532878875732421875e+00
-2.022472190856933594e+01,3.040532588958740234e+00
-2.386489677429199219e+01,-2.793932676315307617e+00
-2.898943519592285156e+01,-3.463873863220214844e+00
5.795567631721496582e-01,-9.935253143310546875e+00
-2.116700553894042969e+01,-9.035335540771484375e+00
-7.036853027343750000e+01,-1.355605220794677734e+01
-6.392463302612304688e+01,-1.367715930938720703e+01
-2.793230056762695312e+01,-4.401129245758056641e+00
-2.828145790100097656e+01,-1.444666767120361328e+01
-2.729622459411621094e+01,-8.737633705139160156e+00
-2.794755363464355469e+01,7.210402965545654297e+00
-2.060891151428222656e+01,-3.999087095260620117e+00
1.427346134185791016e+01,-2.416035175323486328e+00
-5.299824142456054688e+01,2.999936342239379883e+00
-1.998024368286132812e+01,-6.913914203643798828e+00
-2.544814872741699219e+01,-9.356533050537109375e+00
-3.036676406860351562e+01,-1.579897999763488770e+00
-4.559382629394531250e+01,-4.323201179504394531e+00
-4.658120727539062500e+01,3.258625745773315430e+00
-2.555401039123535156e+01,-1.357472133636474609e+01
-3.297863388061523438e+01,-4.527253627777099609e+00
-1.918778228759765625e+01,4.448801517486572266e+00
-4.307765579223632812e+01,-4.186729907989501953e+00
-4.815722274780273438e+01,-7.785015583038330078e+00
-4.536291503906250000e+01,-4.130271911621093750e+00
-2.344353103637695312e+01,-1.128941631317138672e+01
-3.304985427856445312e+01,9.334197998046875000e+00
-3.165597152709960938e+01,-3.932117462158203125e+00
-1.697399520874023438e+01,9.357324600219726562e+00
-2.418463134765625000e+01,-1.268480658531188965e+00
-4.576259231567382812e+01,1.758908987045288086e+00
-5.164850997924804688e+01,-1.962049245834350586e+00
-6.234454345703125000e+01,2.186321735382080078e+00
-3.130099868774414062e+01,1.121478843688964844e+01
-3.203473663330078125e+01,-8.144746780395507812e+00
-4.575283813476562500e+01,3.204833745956420898e+00
-1.796516036987304688e+01,5.490444660186767578e+00
-1.970069885253906250e+01,-1.060564219951629639e-01
-3.163342475891113281e+01,-3.787463665008544922e+00
-2.328315734863281250e+01,-3.525526523590087891e+00
-8.927891731262207031e+00,1.200818896293640137e+00
-2.509856414794921875e+01,-6.386009693145751953e+00
-4.552850723266601562e+01,-8.777626991271972656e+00
-2.134859466552734375e+01,4.180868148803710938e+00
-3.606112670898437500e+01,8.558522224426269531e+00
-4.026088714599609375e+01,6.716066360473632812e+00
-3.991172027587890625e+01,4.710227489471435547e+00
-2.308297538757324219e+01,-5.531324386596679688e+00
-4.315718841552734375e+01,-5.985102176666259766e+00
-3.523034286499023438e+01,3.406730413436889648e+00
-3.328059768676757812e+01,2.050052881240844727e+00
-1.754016876220703125e+01,5.950957298278808594e+00
-2.787421035766601562e+01,-6.422751903533935547e+00
-2.648759269714355469e+01,1.209729552268981934e+00
-2.187030982971191406e+01,-1.128114891052246094e+01
-6.105122756958007812e+01,-9.198938012123107910e-01
-3.056504058837890625e+01,-4.189117431640625000e+00
-3.091884422302246094e+01,-1.095131969451904297e+01
-4.465222167968750000e+01,4.517701625823974609e+00
-2.523215103149414062e+01,2.569518983364105225e-01
-3.211051940917968750e+01,9.147870063781738281e+00
1.123990821838378906e+01,8.903662681579589844e+00
-2.528671073913574219e+01,-2.286894083023071289e+00
-6.784965515136718750e+01,-9.226799964904785156e+00
-6.570129394531250000e+01,-1.017671966552734375e+01
-2.686476516723632812e+01,-1.305616950988769531e+01
-3.324186706542968750e+01,-7.342082023620605469e+00
-4.275598907470703125e+01,1.217774987220764160e+00
-2.947149658203125000e+01,-6.833730220794677734e+00
-3.619784545898437500e+01,4.990049362182617188e+00
-2.940820693969726562e+01,1.697620272636413574e+00
-2.868509674072265625e+01,1.901548981666564941e+00
-1.746964454650878906e+01,3.615826368331909180e+00
-1.860347747802734375e+01,-1.833947181701660156e+01
-1.818474578857421875e+01,-6.056138277053833008e-01
-4.423282623291015625e+01,6.508121013641357422e+00
1.611123085021972656e+01,4.109342575073242188e+00
-3.662081909179687500e+01,9.607721328735351562e+00
-3.113772392272949219e+01,-1.050541758537292480e+00
-4.491024780273437500e+01,-4.800025522708892822e-01
-2.290294837951660156e+01,3.209304809570312500e+00
1.124536228179931641e+01,-1.350379276275634766e+01
-3.105308532714843750e+01,1.859891653060913086e+00
-2.022204780578613281e+01,-5.990776419639587402e-01
-1.265928077697753906e+01,1.414073753356933594e+01
-4.879806137084960938e+01,-2.406059980392456055e+00
-5.672372436523437500e+01,-1.543445301055908203e+01
-3.035347938537597656e+01,2.024573564529418945e+00
-6.364659309387207031e+00,7.848999023437500000e+00
-2.788252449035644531e+01,8.805980682373046875e+00
-3.027132415771484375e+01,-6.297492235898971558e-02
-3.943817520141601562e+01,9.187879562377929688e+00
-2.707386016845703125e+01,2.143598079681396484e+00
-2.219488716125488281e+01,1.187178421020507812e+01
-5.655342483520507812e+01,-1.115094757080078125e+01
-3.355667114257812500e+01,-8.665540695190429688e+00
-3.273459625244140625e+01,7.565981894731521606e-02
-3.364119720458984375e+01,-7.020651817321777344e+00
-2.153089904785156250e+01,-2.128623247146606445e+00
-3.895658874511718750e+01,-2.788110494613647461e+00
-2.717570495605468750e+01,7.197136878967285156e+00
-4.014025115966796875e+01,-2.059941291809082031e+00
-3.368792343139648438e+01,-4.478374481201171875e+00
-2.798031806945800781e+01,-1.466212034225463867e+00
-5.563187026977539062e+01,7.132444381713867188e+00
-1.532228755950927734e+01,-5.735527038574218750e+00
-1.766515541076660156e+01,1.621300888061523438e+01
-2.521392822265625000e+01,1.229809188842773438e+01
-2.673659706115722656e+01,-1.224071407318115234e+01
-3.212808609008789062e+01,2.213688611984252930e+00
-2.708840942382812500e+01,2.061882734298706055e+00
-3.226607131958007812e+01,-1.922367572784423828e+00
-3.710844421386718750e+01,-2.661335706710815430e+00
-2.883870697021484375e+01,6.235382556915283203e+00
-3.091141510009765625e+01,-4.334329128265380859e+00
-6.327115631103515625e+01,-5.612295627593994141e+00
-4.089772033691406250e+01,4.612293243408203125e+00
-2.609125137329101562e+01,1.009811305999755859e+01
-4.464733505249023438e+01,2.159204006195068359e+00
-4.421057128906250000e+01,4.351769924163818359e+00
-9.795407295227050781e+00,1.261997699737548828e+01
-3.876617813110351562e+01,-4.563606262207031250e+00
-1.475640201568603516e+01,4.286531448364257812e+00
-2.859540176391601562e+01,-1.185238742828369141e+01
-1.701986503601074219e+01,-1.205091190338134766e+01
-3.033985137939453125e+01,-1.940131425857543945e+00
-2.640891075134277344e+01,1.147557926177978516e+01
-4.515441131591796875e+01,6.274864196777343750e+00
-2.152894210815429688e+01,-7.655604839324951172e+00
-1.945520210266113281e+01,-1.821925044059753418e+00
-4.720826339721679688e+01,5.609379768371582031e+00
-2.971588897705078125e+01,-1.103271102905273438e+01
-4.937685775756835938e+01,5.823737621307373047e+00
-6.160078430175781250e+01,-1.577318572998046875e+01
-2.300496292114257812e+01,3.194269895553588867e+00
-2.238076782226562500e+01,-1.542914390563964844e+00
-2.662253189086914062e+01,3.302014827728271484e+00
-2.840133094787597656e+01,1.816475689411163330e-01
-2.035459709167480469e+01,3.074924945831298828e+00
-2.613301467895507812e+01,1.134360790252685547e+01
-4.034550857543945312e+01,4.139668464660644531e+00
-5.020771408081054688e+01,7.203486442565917969e+00
-4.870229339599609375e+01,-1.257558059692382812e+01
-1.483597755432128906e+01,9.903377532958984375e+00
-3.227214813232421875e+01,1.020462417602539062e+01
-2.131599807739257812e+01,-6.864028453826904297e+00
-3.062989807128906250e+01,5.417511463165283203e+00
-2.953467941284179688e+01,1.738323926925659180e+00
-7.380498886108398438e+00,-9.229691505432128906e+00
-3.685664367675781250e+01,-5.838201045989990234e+00
-3.596554565429687500e+01,7.158360481262207031e-01
-3.378588104248046875e+01,-5.869778633117675781e+00
-5.120614242553710938e+01,-1.116417407989501953e+01
-3.039879226684570312e+01,-6.575901985168457031e+00
-2.561910057067871094e+01,3.414627164602279663e-02
-3.326108169555664062e+01,1.458812594413757324e+00
-5.686954498291015625e+00,-2.155539894104003906e+01
-1.558871269226074219e+01,3.360904693603515625e+00
-1.783957481384277344e+01,3.196539878845214844e+00
-2.045093345642089844e+01,7.909182071685791016e+00
-3.693455886840820312e+01,1.977504730224609375e+00
-2.334502029418945312e+01,-3.361388206481933594e+00
-3.276053619384765625e+01,-5.584208965301513672e+00
-2.394883918762207031e+01,1.236511898040771484e+01
-5.107466888427734375e+01,-8.536622047424316406e+00
-4.614899063110351562e+01,-6.164261698722839355e-01
-6.667156982421875000e+01,-5.375518321990966797e+00
-3.739407348632812500e+01,-1.327957057952880859e+01
-5.102433395385742188e+01,-3.836610615253448486e-01
-4.488441085815429688e+01,-9.464957237243652344e+00
-6.171638870239257812e+01,-6.793042182922363281e+00
-6.111324310302734375e+01,4.666527271270751953e+00
-2.539809417724609375e+01,8.244664192199707031e+00
2.006603050231933594e+01,-1.992348861694335938e+01
-2.922055053710937500e+01,6.461349487304687500e+00
-2.539944267272949219e+01,5.204254627227783203e+00
-4.365679550170898438e+01,5.318255901336669922e+00
-1.477567577362060547e+01,1.177025914192199707e+00
-2.262741661071777344e+01,-4.448217391967773438e+00
-2.605251121520996094e+01,-1.394884204864501953e+01
-3.857423400878906250e+01,-1.060615444183349609e+01
-4.724213027954101562e+01,2.711308002471923828e+00
-6.240949249267578125e+01,-1.397369670867919922e+01
-3.060689544677734375e+01,-5.101408958435058594e-01
-2.670916748046875000e+01,-3.312345445156097412e-01
-4.321827697753906250e+01,8.545695304870605469e+00
-2.271092224121093750e+01,-8.625664710998535156e+00
-4.675366592407226562e+01,-1.400840401649475098e+00
-3.048423957824707031e+01,-5.783685207366943359e+00
-3.241635513305664062e+01,-4.855980873107910156e+00
-6.906069946289062500e+01,-1.647832870483398438e+01
-6.441069793701171875e+01,-8.558669090270996094e+00
-5.185997009277343750e+01,-1.022481632232666016e+01
-2.638422966003417969e+01,4.421820640563964844e+00
-1.807501602172851562e+01,5.693687915802001953e+00
-6.256880950927734375e+01,-1.518051981925964355e+00
-2.414491462707519531e+01,9.516089439392089844e+00
-3.671421051025390625e+01,-8.451774597167968750e+00
-2.553043746948242188e+01,1.510701626539230347e-01
-3.124828147888183594e+01,3.562835454940795898e+00
-2.704989242553710938e+01,3.978092193603515625e+00
-1.266356086730957031e+01,5.219898700714111328e+00
-1.997133827209472656e+01,7.903484821319580078e+00
-4.618243026733398438e+01,6.480864524841308594e+00
-2.432173347473144531e+01,-9.282740592956542969e+00
-1.300458526611328125e+01,1.186678695678710938e+01
-2.730608749389648438e+01,6.226170539855957031e+00
-3.411611557006835938e+01,8.448688507080078125e+00
-2.214753723144531250e+01,-9.417439460754394531e+00
-3.531624221801757812e+01,-4.485652446746826172e+00
-3.073541450500488281e+01,8.308982849121093750e-01
-1.508272933959960938e+01,1.252530288696289062e+01
-2.472932624816894531e+01,-3.704193592071533203e+00
-4.214361190795898438e+01,-1.001349449157714844e+01
-6.136689376831054688e+01,7.334459781646728516e+00
-2.308437538146972656e+01,-8.719247817993164062e+00
-4.747855377197265625e+01,2.599772214889526367e+00
-4.336416244506835938e+01,-7.664656639099121094e+00
-2.432734107971191406e+01,-1.173521900177001953e+01
-4.141443634033203125e+01,3.761256217956542969e+00
-2.842211914062500000e+01,-1.754279708862304688e+01
-4.546035766601562500e+01,3.059146404266357422e+00
-4.266698074340820312e+01,-1.894858717918395996e+00
-3.892609024047851562e+01,-3.979655504226684570e+00
-9.575671195983886719e+00,1.060599040985107422e+01
-6.314852905273437500e+01,-1.198033523559570312e+01
-3.866610336303710938e+01,3.399973154067993164e+00
-2.622147369384765625e+01,9.553446769714355469e+00
-4.865048980712890625e+01,-1.035231399536132812e+01
-5.037431335449218750e+01,5.095693111419677734e+00
-2.858848333358764648e+00,2.915005493164062500e+01
-1.592345809936523438e+01,1.798037737607955933e-01
-2.131948471069335938e+01,7.436063289642333984e-01
-3.858444595336914062e+01,-6.401846408843994141e+00
-3.215142822265625000e+01,2.133502066135406494e-02
-1.660519599914550781e+01,1.060453605651855469e+01
7.159624099731445312e+00,-8.536745071411132812e+00
-3.183003616333007812e+01,-3.351993322372436523e+00
-2.588234329223632812e+01,3.184616565704345703e+00
-2.615087699890136719e+01,-6.860133647918701172e+00
-2.527826881408691406e+01,2.753205537796020508e+00
-3.037496757507324219e+01,-5.308296680450439453e+00
-4.197613143920898438e+01,4.215242862701416016e+00
-2.582881927490234375e+01,7.494216918945312500e+00
-1.802587318420410156e+01,-4.864712238311767578e+00
-2.479848861694335938e+01,-4.379157543182373047e+00
-3.607254409790039062e+01,9.291758537292480469e+00
-2.977989006042480469e+01,-6.024269104003906250e+00
-2.195503234863281250e+01,5.043705463409423828e+00
-2.186962509155273438e+01,-5.541911125183105469e+00
-2.583509063720703125e+01,2.420363664627075195e+00
-2.859444618225097656e+01,3.623234987258911133e+00
-4.342188262939453125e+01,6.627490997314453125e+00
-2.843489646911621094e+01,2.882099866867065430e+00
-3.173463630676269531e+01,-5.314835548400878906e+00
-6.594110870361328125e+01,-1.049856567382812500e+01
-4.573968505859375000e+01,-1.017978572845458984e+01
-5.878677749633789062e+01,-1.560699558258056641e+01
-2.961474418640136719e+01,7.969028472900390625e+00
-3.097250175476074219e+01,9.308420181274414062e+00
-4.334458541870117188e+01,7.456436634063720703e+00
-1.624090003967285156e+01,-5.318791389465332031e+00
-2.614411544799804688e+01,7.391344070434570312e+00
-3.537686157226562500e+01,7.391603946685791016e+00
-2.732244300842285156e+01,4.075583934783935547e+00
-3.280450820922851562e+01,9.240661263465881348e-01
-3.143574905395507812e+01,8.954391479492187500e+00
-2.958518600463867188e+01,7.807890176773071289e-01
-5.536196899414062500e+01,-1.797914886474609375e+01
-4.097595596313476562e+01,7.705001831054687500e+00
-2.474901008605957031e+01,3.614968061447143555e+00
-4.082098007202148438e+01,5.956212520599365234e+00
-3.462376785278320312e+01,-1.366900444030761719e+01
-2.932519531250000000e+01,-7.075787544250488281e+00
-5.799847412109375000e+01,-1.575508975982666016e+01
-3.380860519409179688e+01,-1.509111118316650391e+01
-4.225617218017578125e+01,-7.888542175292968750e+00
-1.249884796142578125e+01,9.159875869750976562e+00
-3.559063720703125000e+01,-3.815395116806030273e+00
-3.921285247802734375e+01,-2.651054859161376953e+00
-3.416067123413085938e+01,2.263023853302001953e+00
-1.819235992431640625e+01,5.836417675018310547e+00
-1.765272712707519531e+01,-1.611792325973510742e+00
-2.372108078002929688e+01,-9.216158866882324219e+00
-1.196828651428222656e+01,-5.713129043579101562e+00
-2.917092895507812500e+01,-9.883128166198730469e+00
-8.005992889404296875e+00,-2.373165130615234375e+01
-5.277880096435546875e+01,-8.668101310729980469e+00
-3.110526275634765625e+01,2.123078107833862305e+00
-2.020982933044433594e+01,6.744565010070800781e+00
-2.126051139831542969e+01,-6.200217247009277344e+00
-3.787274932861328125e+01,-7.417048215866088867e-01
-2.731239700317382812e+01,-5.521584033966064453e+00
-3.192393684387207031e+01,-4.830613136291503906e+00
-4.829828262329101562e+01,1.860889673233032227e+00
-2.473837661743164062e+01,8.066542625427246094e+00
-3.090335273742675781e+01,-2.177109956741333008e+00
-2.541238212585449219e+01,-8.431217193603515625e+00
-1.251251506805419922e+01,4.569156646728515625e+00
-1.277055835723876953e+01,3.249060153961181641e+00
-3.514180374145507812e+01,-3.637994527816772461e+00
-3.428320693969726562e+01,-2.101294755935668945e+00
-2.839705848693847656e+01,5.330384254455566406e+00
-1.697001838684082031e+01,1.015882587432861328e+01
-4.336724853515625000e+01,6.100381851196289062e+00
-1.277130126953125000e+01,5.082891464233398438e+00
-3.004215621948242188e+01,2.804524898529052734e+00
-2.154301071166992188e+01,1.190804004669189453e+01
-1.469445419311523438e+01,1.353622317314147949e+00
-3.276140975952148438e+01,6.334403038024902344e+00
-2.417790031433105469e+01,5.851204872131347656e+00
-3.301707077026367188e+01,2.769477367401123047e+00
-3.391020202636718750e+01,-1.434641838073730469e+00
-2.557926368713378906e+01,8.813255310058593750e+00
-4.921303176879882812e+01,-2.217498302459716797e+00
-4.082469940185546875e+01,-2.934343576431274414e+00
-4.450228881835937500e+01,-9.583783149719238281e-01
-2.630113983154296875e+01,-5.174206733703613281e+00
-3.346302413940429688e+01,9.808645248413085938e+00
-2.961987686157226562e+01,6.341606616973876953e+00
-2.400178527832031250e+01,2.143412083387374878e-01
-2.658403778076171875e+01,-9.552003860473632812e+00
-5.752353286743164062e+01,-4.700307369232177734e+00
-4.955680847167968750e+01,-3.085170507431030273e+00
-3.441146087646484375e+01,4.660576820373535156e+00
-3.653295135498046875e+01,1.570561528205871582e+00
-2.117148590087890625e+01,1.065161609649658203e+01
-3.756496429443359375e+01,5.245323181152343750e+00
-2.596295166015625000e+01,-5.306172743439674377e-02
-3.108525276184082031e+01,-2.642858505249023438e+00
-4.659963989257812500e+01,-9.893474578857421875e+00
-4.727777481079101562e+01,9.722521781921386719e+00
-4.266634750366210938e+01,7.339336395263671875e+00
-3.433315658569335938e+01,-1.067001438140869141e+01
-6.774679565429687500e+01,-1.297651958465576172e+01
-3.163073348999023438e+01,-4.982566356658935547e+00
-2.906191062927246094e+01,-8.936347961425781250e+00
-2.284446144104003906e+01,-5.220060348510742188e+00
-2.698110198974609375e+01,-9.775986075401306152e-01
-2.501098632812500000e+01,-5.591672897338867188e+00
-3.427226257324218750e+01,1.004630088806152344e+00
-3.439625930786132812e+01,1.172851324081420898e+00
-3.333382034301757812e+01,1.168030643463134766e+01
-5.579114532470703125e+01,-1.298202991485595703e+01
-5.117499542236328125e+01,-4.244373321533203125e+00
-6.730121612548828125e+01,-1.324310207366943359e+01
-4.345968246459960938e+01,2.715717315673828125e+00
-3.564337921142578125e+01,9.781818091869354248e-02
-1.445417308807373047e+01,1.507719516754150391e+01
-3.399934005737304688e+01,9.477029800415039062e+00
-2.432770729064941406e+01,5.889195919036865234e+00
-1.371458530426025391e+01,2.440747737884521484e+00
-1.416442966461181641e+01,4.021226406097412109e+00
-3.069500160217285156e+01,8.582220077514648438e+00
-4.609148025512695312e+01,5.448519706726074219e+00
-2.087417984008789062e+01,-2.830803394317626953e+00
-3.475423812866210938e+01,-8.636271476745605469e+00
-3.288558197021484375e+01,-7.756737232208251953e+00
-2.023527717590332031e+01,3.418672084808349609e+00
-3.184767532348632812e+01,9.569973945617675781e+00
-2.226402664184570312e+01,-8.002121925354003906e+00
-2.007692337036132812e+01,-5.751602172851562500e+00
-2.877965736389160156e+01,9.541203498840332031e+00
-2.935221290588378906e+01,1.012733459472656250e+01
-2.117582321166992188e+01,-1.190584850311279297e+01
-4.043303298950195312e+01,-1.125127696990966797e+01
-2.918215179443359375e+01,1.015021705627441406e+01
-3.361035156250000000e+01,5.205006122589111328e+00
-2.988648223876953125e+01,4.430281639099121094e+00
-3.358105087280273438e+01,7.879674434661865234e-01
-2.892397880554199219e+01,-4.723387241363525391e+00
-2.407859039306640625e+01,4.805303573608398438e+00
-3.152732849121093750e+01,3.568432092666625977e+00
-5.085983657836914062e+01,-2.894980430603027344e+00
-1.903730201721191406e+01,1.295052146911621094e+01
-2.801964187622070312e+01,-1.259602546691894531e+01
-1.564989280700683594e+01,-6.419603824615478516e+00
-1.654002761840820312e+01,-4.471941292285919189e-01
-4.595230102539062500e+01,3.755017042160034180e+00
-1.946428298950195312e+01,1.257336616516113281e+01
-2.313105964660644531e+01,-1.651424467563629150e-01
-2.909494781494140625e+01,2.916878700256347656e+00
-2.930700492858886719e+01,5.880775451660156250e+00
-2.609695434570312500e+01,1.114540672302246094e+01
-3.260963821411132812e+01,-3.465322017669677734e+00
-6.797501373291015625e+01,-1.592823600769042969e+01
-3.574244689941406250e+01,-8.351615071296691895e-01
-3.082021331787109375e+01,-3.497167587280273438e+00
-3.532955551147460938e+01,7.309920787811279297e+00
-1.703485488891601562e+01,-8.617166519165039062e+00
-4.855393600463867188e+01,2.791591644287109375e+00
-2.723974037170410156e+01,-3.919478178024291992e+00
-3.437934112548828125e+01,-4.144119739532470703e+00
-1.983039474487304688e+01,8.292205810546875000e+00
-2.783620452880859375e+01,-4.063178062438964844e+00
-5.603179168701171875e+01,-1.662158393859863281e+01
-4.338589859008789062e+01,3.635738849639892578e+00
-3.906797409057617188e+01,1.057149410247802734e+01
-2.462104320526123047e+00,1.574901103973388672e+01
-4.287042617797851562e+01,8.473609685897827148e-01
-5.076456832885742188e+01,8.893111228942871094e+00
9.913226127624511719e+00,-1.017868804931640625e+01
-1.293199253082275391e+01,7.239006996154785156e+00
-4.922796249389648438e+01,2.857915878295898438e+00
-2.393661880493164062e+01,-5.023236870765686035e-01
-2.113344001770019531e+01,1.201718711853027344e+01
-2.906059265136718750e+01,2.986009597778320312e+00
-2.342195320129394531e+01,-7.303685188293457031e+00
-2.212848663330078125e+01,3.415857553482055664e+00
-2.799201202392578125e+01,4.598824024200439453e+00
-4.809386062622070312e+01,-7.330731391906738281e+00
-3.796924972534179688e+01,-5.542374134063720703e+00
-5.211944580078125000e+01,4.280726432800292969e+00
-2.564362144470214844e+01,-1.664300155639648438e+01
-4.048520660400390625e+01,7.644704341888427734e+00
-5.652890014648437500e+01,-6.645980834960937500e+00
-2.959685134887695312e+01,1.329268217086791992e+00
-4.349511337280273438e+01,-9.673398137092590332e-01
-4.375686645507812500e+01,-4.284272670745849609e+00
-2.958631324768066406e+01,2.135011672973632812e+00
-4.005898284912109375e+01,6.076528072357177734e+00
-2.351815605163574219e+01,-3.911438226699829102e+00
-2.116764259338378906e+01,-7.208218574523925781e+00
-1.870504379272460938e+01,1.246446037292480469e+01
-2.410794639587402344e+01,-8.352969169616699219e+00
-6.458782196044921875e+01,-7.656177997589111328e+00
-3.636376953125000000e+01,-3.216299057006835938e+00
-1.625649070739746094e+01,8.408755302429199219e+00
-2.769864082336425781e+01,3.196408152580261230e-01
-2.950650405883789062e+01,3.420704841613769531e+00
-3.525989532470703125e+01,-6.048753738403320312e+00
-2.112678718566894531e+01,4.494996547698974609e+00
-2.670663642883300781e+01,-6.897386074066162109e+00
-1.832908630371093750e+01,-1.879881381988525391e+00
-1.700249671936035156e+01,1.359679698944091797e+01
-3.231809997558593750e+01,-2.253242015838623047e+00
-2.565566253662109375e+01,9.969896674156188965e-01
-1.098916149139404297e+01,7.722432136535644531e+00
-2.649925804138183594e+01,-1.258523750305175781e+01
-2.605335044860839844e+01,-1.111747169494628906e+01
-2.941516494750976562e+01,5.799928665161132812e+00
-2.462757301330566406e+01,-3.457272052764892578e-01
-2.730827522277832031e+01,6.705101966857910156e+00
-2.886805534362792969e+01,-1.372239398956298828e+01
-3.408349609375000000e+01,-5.207136154174804688e+00
-3.622517395019531250e+01,9.355180740356445312e+00
-1.301830577850341797e+01,9.865250587463378906e+00
-2.884999465942382812e+01,-2.573346614837646484e+00
-4.236005401611328125e+01,2.682751893997192383e+00
-6.390942382812500000e+01,1.429864525794982910e+00
-2.955926132202148438e+01,7.316804409027099609e+00
-6.429901123046875000e+01,-2.062768220901489258e+00
-2.332892608642578125e+01,2.681520223617553711e+00
-6.706230926513671875e+01,-9.515176773071289062e+00
-2.493796730041503906e+01,-7.385601520538330078e+00
-2.026578521728515625e+01,1.924752593040466309e-01
-3.190556526184082031e+01,1.594790339469909668e+00
-4.032523727416992188e+01,9.578719139099121094e-01
-2.797655296325683594e+01,1.053586387634277344e+01
-2.117677688598632812e+01,6.568924903869628906e+00
-2.399275541305541992e+00,9.048030853271484375e+00
-6.214040756225585938e+00,1.310638141632080078e+01
-3.797328186035156250e+01,8.357765197753906250e+00
-1.311238861083984375e+01,3.580167055130004883e+00
-2.256899642944335938e+01,2.681263923645019531e+00
-1.194091415405273438e+01,-5.860670208930969238e-01
-4.709479522705078125e+01,2.949797630310058594e+00
-6.408654785156250000e+01,-9.347565650939941406e+00
-2.590398406982421875e+01,-9.750673294067382812e+00
-2.248785781860351562e+01,3.764417648315429688e+00
-3.949307250976562500e+01,4.812184810638427734e+00
-7.483864307403564453e+00,2.613319158554077148e+00
-1.553644180297851562e+00,1.466106986999511719e+01
-4.565096664428710938e+01,3.950658082962036133e+00
-1.991177940368652344e+01,4.414734840393066406e+00
-1.487626743316650391e+01,2.598575353622436523e+00
-3.925321578979492188e+01,1.099829292297363281e+01
-2.401073074340820312e+01,-6.850636482238769531e+00
-3.989902496337890625e+01,6.681364536285400391e+00
-1.872869110107421875e+01,8.419826507568359375e+00
-2.628913307189941406e+01,1.252540969848632812e+01
-2.210586166381835938e+01,4.023318290710449219e+00
-5.008206939697265625e+01,2.041739702224731445e+00
-2.729008102416992188e+01,5.395795345306396484e+00
-4.329592514038085938e+01,-7.064717292785644531e+00
-7.379686832427978516e+00,-5.035296916961669922e+00
2.814936828613281250e+01,1.418982148170471191e+00
2.664427185058593750e+01,-1.494118881225585938e+01
2.965425300598144531e+01,-6.018516063690185547e+00
2.208449935913085938e+01,4.700317382812500000e-01
1.652231335639953613e+00,-3.737393379211425781e+00
1.060153961181640625e+01,-5.306920051574707031e+00
3.266225051879882812e+01,1.276829719543457031e+01
2.007217025756835938e+01,1.106549620628356934e+00
3.089122200012207031e+01,-2.842289447784423828e+00
1.374023437500000000e+01,1.333092331886291504e+00
3.396318817138671875e+01,-1.351267433166503906e+01
1.900159955024719238e+00,1.113759517669677734e+01
1.742022705078125000e+01,-1.717712759971618652e+00
2.571190452575683594e+01,-3.886499166488647461e+00
-1.396300554275512695e+00,-9.315323829650878906e+00
3.054582595825195312e+01,1.597115397453308105e+00
2.822201347351074219e+01,-2.314269304275512695e+00
2.766995048522949219e+01,-7.150383472442626953e+00
2.450333213806152344e+01,-4.705429553985595703e+00
3.066370391845703125e+01,1.536500167846679688e+01
1.970836448669433594e+01,6.004263877868652344e+00
2.789122200012207031e+01,7.793930530548095703e+00
2.178567314147949219e+01,-1.408755207061767578e+01
2.270857429504394531e+01,1.628930282592773438e+01
2.957748985290527344e+01,-2.260421514511108398e+00
3.618227386474609375e+01,1.424075756222009659e-02
2.602964162826538086e+00,4.992980003356933594e+00
3.052224349975585938e+01,-3.169029474258422852e+00
3.229735565185546875e+01,-7.921528220176696777e-01
-7.351415157318115234e-01,1.366439914703369141e+01
3.817254257202148438e+01,-1.026959514617919922e+01
1.005831527709960938e+01,2.807415771484375000e+01
1.379209899902343750e+01,7.965109825134277344e+00
2.094143676757812500e+01,5.826938748359680176e-01
3.548975372314453125e+01,1.423807591199874878e-01
2.710429573059082031e+01,-2.167098236083984375e+01
4.931617736816406250e+00,-2.621985435485839844e+01
3.590550994873046875e+01,3.288822650909423828e+00
1.892487335205078125e+01,7.003211975097656250e+00
3.136880111694335938e+01,8.016530990600585938e+00
2.557671546936035156e+01,-3.387091875076293945e+00
2.949928855895996094e+01,-6.052003502845764160e-01
2.862956619262695312e+01,-2.258877038955688477e+00
2.875384330749511719e+01,4.517355442047119141e+00
4.087464141845703125e+01,2.594755291938781738e-01
2.940251922607421875e+01,-9.341404914855957031e+00
3.656974792480468750e+01,-5.926662921905517578e+00
2.546766090393066406e+01,-1.092738056182861328e+01
3.008602142333984375e+01,-6.750800609588623047e+00
3.010772895812988281e+01,-6.262309551239013672e+00
2.036617279052734375e+01,5.334351658821105957e-01
4.563771820068359375e+01,-2.104286193847656250e+00
3.870914840698242188e+01,9.380829811096191406e+00
3.763356399536132812e+01,1.017138004302978516e+00
2.298691558837890625e+01,-8.844691276550292969e+00
2.495199584960937500e+01,-3.004182338714599609e+00
-1.827296257019042969e+01,6.049202442169189453e+00
-1.294084310531616211e+00,-1.865228176116943359e+00
3.103132247924804688e+01,-1.685563850402832031e+01
9.320386886596679688e+00,2.369510269165039062e+01
3.424096679687500000e+01,-8.338110923767089844e+00
2.264975357055664062e+01,-6.301214218139648438e+00
2.248417472839355469e+01,1.464568042755126953e+01
6.990343332290649414e-01,-2.238840484619140625e+01
3.268708038330078125e+01,-1.557956981658935547e+01
3.418578720092773438e+01,-4.412340164184570312e+00
2.346850967407226562e+01,-1.383431404829025269e-01
2.223326110839843750e+01,-1.527623653411865234e+01
1.814658737182617188e+01,3.844912052154541016e+00
2.921059799194335938e+01,-5.959157347679138184e-01
3.034244537353515625e+01,4.296371936798095703e+00
2.279121780395507812e+01,-8.147185325622558594e+00
1.835633468627929688e+01,-1.893969726562500000e+01
3.782687377929687500e+01,-4.635972976684570312e+00
2.534686660766601562e+01,6.811803340911865234e+00
2.163039016723632812e+01,8.136706352233886719e+00
3.024297332763671875e+01,6.891932010650634766e+00
2.158132171630859375e+01,3.564528465270996094e+00
2.931769752502441406e+01,-6.703361511230468750e+00
3.187035560607910156e+01,6.594409465789794922e+00
1.443334388732910156e+01,-2.808102989196777344e+01
2.470045280456542969e+01,7.757113456726074219e+00
2.954591941833496094e+01,-7.925950288772583008e-01
4.549196720123291016e+00,-1.534345626831054688e+01
3.071026420593261719e+01,1.003704357147216797e+01
2.873632240295410156e+01,-1.975452452898025513e-01
3.063749504089355469e+01,-2.502078771591186523e+00
2.181603240966796875e+01,-1.104385018348693848e+00
2.209255981445312500e+01,3.012328863143920898e+00
4.077538681030273438e+01,1.083838844299316406e+01
3.441712188720703125e+01,-6.326845169067382812e+00
1.744405746459960938e+01,-2.477817344665527344e+01
2.400229644775390625e+01,-1.067927169799804688e+01
3.528324508666992188e+01,1.022662639617919922e+01
1.926391029357910156e+01,-1.076911330223083496e+00
9.350712776184082031e+00,-1.678791236877441406e+01
1.903802680969238281e+01,-6.410321593284606934e-01
1.080200958251953125e+01,-2.097343254089355469e+01
3.586067581176757812e+01,-1.556108760833740234e+01
4.152998352050781250e+01,5.841854095458984375e+00
1.608840560913085938e+01,-2.550369977951049805e+00
3.076408958435058594e+01,-5.636546134948730469e+00
2.325895309448242188e+01,-7.867534637451171875e+00
3.163822746276855469e+01,-3.701555252075195312e+00
2.696976089477539062e+01,4.149300098419189453e+00
3.450533676147460938e+01,9.576520919799804688e+00
3.513188934326171875e+01,3.290270328521728516e+00
1.688323974609375000e+01,-4.908449649810791016e-01
1.933432006835937500e+01,1.364382457733154297e+01
1.755522155761718750e+01,2.453383684158325195e+00
3.582418060302734375e+01,-6.606916427612304688e+00
3.613467407226562500e+01,1.484124183654785156e+01
1.970070648193359375e+01,-8.015234947204589844e+00
2.102233695983886719e+01,1.287397766113281250e+01
2.738988113403320312e+01,3.496796607971191406e+00
2.417218017578125000e+01,1.073045825958251953e+01
4.409458541870117188e+01,1.215632629394531250e+01
4.740266418457031250e+01,-1.044163990020751953e+01
2.020894813537597656e+01,3.391686439514160156e+00
2.901929855346679688e+01,1.322345137596130371e+00
4.119303894042968750e+01,1.153522300720214844e+01
1.023320293426513672e+01,4.059290885925292969e+00
2.111649513244628906e+01,-3.466394424438476562e+00
2.700890350341796875e+01,4.901583671569824219e+00
2.453696632385253906e+01,4.298775196075439453e+00
2.524085235595703125e+01,4.364132404327392578e+00
2.552914428710937500e+01,-1.939836740493774414e+00
1.890893173217773438e+01,1.317608642578125000e+01
3.145737648010253906e+01,1.458254718780517578e+01
2.403691673278808594e+01,-1.316136074066162109e+01
3.692086791992187500e+01,-1.310989618301391602e+00
4.306053924560546875e+01,2.334597349166870117e+00
2.132232475280761719e+01,2.736066818237304688e+00
4.354111862182617188e+01,1.131343746185302734e+01
3.066172027587890625e+01,7.945037841796875000e+00
2.618581199645996094e+01,-1.450473904609680176e+00
4.928934574127197266e+00,8.707128524780273438e+00
2.618618202209472656e+01,-8.785422146320343018e-02
1.381290721893310547e+01,-7.666522502899169922e+00
-1.540874576568603516e+01,-3.933651924133300781e+00
3.304059982299804688e+01,3.446797370910644531e+00
2.106244850158691406e+01,-1.676823645830154419e-01
2.565731620788574219e+01,1.444067382812500000e+01
2.590781211853027344e+01,9.412281990051269531e+00
4.239239883422851562e+01,-8.606199264526367188e+00
2.989493751525878906e+01,1.084890961647033691e+00
2.223145294189453125e+01,-5.136960148811340332e-01
2.371466445922851562e+01,-1.652890586853027344e+01
3.537019729614257812e+01,6.652974605560302734e+00
4.200694274902343750e+01,9.818062782287597656e+00
3.230884552001953125e+01,1.923171281814575195e-01
3.268975448608398438e+01,-3.778639078140258789e+00
3.053528022766113281e+01,1.257192230224609375e+01
1.708088302612304688e+01,9.268416404724121094e+00
1.562481880187988281e+01,-2.489575386047363281e+01
3.802955245971679688e+01,3.091945171356201172e+00
2.387107849121093750e+01,-2.419932556152343750e+01
1.050225257873535156e+01,-1.796587753295898438e+01
2.402196502685546875e+01,9.041120529174804688e+00
3.347646713256835938e+01,9.574795722961425781e+00
-6.653032779693603516e+00,9.624363899230957031e+00
3.711796951293945312e+01,5.190440654754638672e+00
2.706233215332031250e+01,-7.555616497993469238e-01
2.409714317321777344e+01,-5.616695404052734375e+00
4.342730712890625000e+01,-7.997702598571777344e+00
2.451326560974121094e+01,-7.200069427490234375e+00
-7.257333374023437500e+01,-2.647111129760742188e+01
1.821459007263183594e+01,-7.819406986236572266e+00
2.994424438476562500e+01,-9.701412200927734375e+00
3.718382263183593750e+01,1.620425820350646973e+00
1.203154087066650391e+01,3.071105182170867920e-01
3.410760498046875000e+01,9.600088119506835938e+00
3.007202529907226562e+01,-2.454830169677734375e+00
2.335340309143066406e+01,3.491314172744750977e+00
2.541700553894042969e+01,1.089255332946777344e+01
2.421947669982910156e+01,-1.782908248901367188e+01
2.003976249694824219e+01,8.896803855895996094e+00
3.258221435546875000e+01,4.816025733947753906e+00
2.986836433410644531e+01,-4.432885944843292236e-01
9.971442222595214844e+00,-2.060300636291503906e+01
6.644546031951904297e+00,-1.257912445068359375e+01
8.285077095031738281e+00,-2.029532623291015625e+01
-6.428088188171386719e+00,2.338696479797363281e+01
1.654834365844726562e+01,7.432184815406799316e-01
1.952943992614746094e+01,7.433253526687622070e-01
3.942149734497070312e+01,-2.001442193984985352e+00
3.672191238403320312e+01,-8.015788197517395020e-01
3.242496490478515625e+01,3.890545845031738281e+00
2.145487213134765625e+01,-1.447915744781494141e+01
3.427629470825195312e+01,1.538216400146484375e+01
4.448512268066406250e+01,3.070396661758422852e+00
3.813985443115234375e+01,4.250135898590087891e+00
1.670916175842285156e+01,8.960659027099609375e+00
3.214976119995117188e+01,-5.879277706146240234e+00
3.364394760131835938e+01,4.782899856567382812e+00
2.679815864562988281e+01,4.904146671295166016e+00
3.675685501098632812e+01,7.487051963806152344e+00
3.021747398376464844e+01,1.022147464752197266e+01
3.207658386230468750e+01,-1.215123462677001953e+01
1.676766014099121094e+01,-2.618166732788085938e+01
2.335292243957519531e+01,-7.470265865325927734e+00
3.818395233154296875e+01,-2.378671884536743164e+00
2.515290832519531250e+01,-4.257374286651611328e+00
2.535151290893554688e+01,-4.386645317077636719e+00
3.040619468688964844e+01,-5.763989090919494629e-01
4.727139282226562500e+01,-1.190517997741699219e+01
2.598721313476562500e+01,-1.404294204711914062e+01
4.100953674316406250e+01,1.185470962524414062e+01
3.780748367309570312e+01,4.855235576629638672e+00
2.007554626464843750e+01,9.928476333618164062e+00
3.056923294067382812e+01,-1.127945661544799805e+00
2.860465621948242188e+01,5.000385761260986328e+00
1.797902297973632812e+01,-7.320600032806396484e+00
2.751011466979980469e+01,1.074872303009033203e+01
1.377487277984619141e+01,-2.350820922851562500e+01
4.224443817138671875e+01,-7.997084617614746094e+00
3.037191009521484375e+01,1.520053768157958984e+01
2.155134582519531250e+01,1.536617851257324219e+01
2.561594963073730469e+01,8.429841995239257812e+00
5.050249099731445312e+00,1.185541820526123047e+01
2.584393310546875000e+01,-3.216827869415283203e+00
2.560029602050781250e+01,1.687305641174316406e+01
1.279979133605957031e+01,4.130707263946533203e+00
2.307979965209960938e+01,-6.566159248352050781e+00
3.447985076904296875e+01,-1.325120568275451660e+00
1.526943397521972656e+01,-3.577675819396972656e-01
4.257498931884765625e+01,-6.288106441497802734e+00
2.124650382995605469e+01,3.819867610931396484e+00
3.014316368103027344e+01,-1.301612734794616699e+00
1.741712188720703125e+01,-3.498207330703735352e-01
3.397066879272460938e+01,9.152902603149414062e+00
3.755260086059570312e+01,-1.229881882667541504e+00
3.293218612670898438e+01,8.714791297912597656e+00
2.657738494873046875e+01,8.042081832885742188e+00
3.055314826965332031e+01,5.915685653686523438e+00
2.247346496582031250e+01,-2.244643449783325195e+00
9.512329101562500000e+00,-1.968914794921875000e+01
1.844083213806152344e+01,9.863325953483581543e-01
2.940918159484863281e+01,1.582434296607971191e+00
2.796600723266601562e+01,-1.444582223892211914e+00
7.616312980651855469e+00,1.124557876586914062e+01
2.331768989562988281e+01,1.709342575073242188e+01
3.445508956909179688e+01,1.400756931304931641e+01
2.169235420227050781e+01,1.805043697357177734e+00
2.979270172119140625e+01,-8.411118388175964355e-01
1.016108894348144531e+01,-9.794106483459472656e+00
3.726379013061523438e+01,9.727271080017089844e+00
4.072264862060546875e+01,-1.478873825073242188e+01
1.040949344635009766e+01,-2.519412803649902344e+01
3.214299011230468750e+01,-3.131184101104736328e+00
3.613499832153320312e+01,-2.325646638870239258e+00
2.048276138305664062e+01,-1.574436187744140625e+01
2.872432708740234375e+01,8.167378306388854980e-01
2.189058113098144531e+01,6.732329845428466797e+00
1.678016471862792969e+01,-1.353577613830566406e+00
3.242757415771484375e+01,9.616084098815917969e+00
4.366326522827148438e+01,-4.302892208099365234e+00
3.812870407104492188e+01,-7.070402622222900391e+00
3.062275505065917969e+01,-1.517753028869628906e+01
2.898259925842285156e+01,-1.487674522399902344e+01
1.947539329528808594e+01,1.045728492736816406e+01
2.625151443481445312e+01,1.010939788818359375e+01
1.665891075134277344e+01,3.881164312362670898e+00
2.145376777648925781e+01,7.583694934844970703e+00
3.786922454833984375e+01,-6.236351728439331055e-01
3.290983581542968750e+01,-2.756973266601562500e+00
4.797736740112304688e+01,-3.581350088119506836e+00
5.462387561798095703e+00,-2.522769737243652344e+01
1.322884941101074219e+01,-1.762893676757812500e+01
1.183094310760498047e+01,2.464386177062988281e+01
2.994462013244628906e+00,-2.074643850326538086e+00
3.755388641357421875e+01,-2.957715034484863281e+00
4.062643432617187500e+01,9.505372047424316406e+00
3.578222274780273438e+01,4.797411918640136719e+00
2.464732742309570312e+01,9.225128293037414551e-01
3.643984985351562500e+01,-2.615685701370239258e+00
-7.789861297607421875e+01,-2.483465766906738281e+01
-7.228690338134765625e+01,-2.073646926879882812e+01
-1.107957744598388672e+01,2.211124181747436523e+00
3.525807952880859375e+01,1.001335144042968750e+01
2.526988029479980469e+01,4.325960159301757812e+00
2.621986579895019531e+01,-3.114292621612548828e+00
2.393977928161621094e+01,-6.233051776885986328e+00
2.742793273925781250e+01,-2.528524100780487061e-01
4.691353225708007812e+01,-1.191298294067382812e+01
2.787086105346679688e+01,3.099171400070190430e+00
1.349290180206298828e+01,-8.032065391540527344e+00
3.351038360595703125e+01,-1.549257636070251465e+00
-6.609398365020751953e+00,-9.746700286865234375e+00
2.231023597717285156e+01,-1.040465641021728516e+01
3.436290359497070312e+01,-8.200608253479003906e+00
2.947871017456054688e+01,-4.050016880035400391e+00
3.015035629272460938e+01,-3.662899494171142578e+00
2.319425010681152344e+01,-1.528917312622070312e+00
2.126519775390625000e+01,-3.726843357086181641e+00
3.516754531860351562e+01,-5.400101184844970703e+00
2.996160888671875000e+01,-8.537207841873168945e-01
1.366424560546875000e+01,-1.241257476806640625e+01
2.843171119689941406e+01,-8.394852638244628906e+00
2.808561134338378906e+01,1.108648538589477539e+00
5.363653945922851562e+01,2.127428436279296875e+01
3.972997283935546875e+01,-2.629068374633789062e+00
3.835744476318359375e+01,1.465448379516601562e+00
3.471710205078125000e+01,3.422459840774536133e+00
3.534677505493164062e+01,1.036454772949218750e+01
3.842620468139648438e+01,4.262042522430419922e+00
2.632633781433105469e+01,-3.865365505218505859e+00
2.973622894287109375e+01,7.848514080047607422e+00
2.977294349670410156e+01,-1.219489669799804688e+01
4.237076950073242188e+01,9.620707035064697266e-01
4.040395736694335938e+01,-1.144342708587646484e+01
2.944218063354492188e+01,5.417492389678955078e+00
3.763344955444335938e+01,-1.052902603149414062e+01
3.639017486572265625e+01,-9.368779182434082031e+00
9.138768196105957031e+00,-1.200099372863769531e+01
2.258495521545410156e+01,1.719711899757385254e+00
4.001049423217773438e+01,-7.379827499389648438e+00
4.088972473144531250e+01,8.461334705352783203e-01
3.136410903930664062e+01,-2.493793487548828125e+00
2.451666069030761719e+01,-2.352881669998168945e+00
2.981579208374023438e+01,-1.398963451385498047e+00
3.106414413452148438e+01,3.996691226959228516e+00
3.095659065246582031e+01,-3.439558744430541992e-01
4.432421493530273438e+01,3.998221635818481445e+00
2.935754966735839844e+01,-9.079747200012207031e+00
2.283935928344726562e+01,-4.152711033821105957e-01
3.890227508544921875e+01,3.239701986312866211e+00
5.645585536956787109e+00,8.342497825622558594e+00
3.156083488464355469e+01,7.216000556945800781e+00
3.523421859741210938e+01,8.992004394531250000e+00
3.010542106628417969e+01,-1.646315765380859375e+01
2.954357147216796875e+01,8.569173216819763184e-01
2.542623710632324219e+01,8.805212020874023438e+00
3.077497100830078125e+01,1.347014999389648438e+01
2.451023864746093750e+01,-6.630994796752929688e+00
2.061233711242675781e+01,2.087725400924682617e+00
2.664273834228515625e+01,4.748629629611968994e-01
3.009387588500976562e+01,2.246464967727661133e+00
3.993003463745117188e+01,-1.182044887542724609e+01
2.133035659790039062e+01,-2.928080320358276367e+00
3.213230514526367188e+01,-1.095409750938415527e+00
2.647216033935546875e+01,-3.451996564865112305e+00
2.086786842346191406e+01,4.793231487274169922e+00
1.940709877014160156e+01,-7.815213680267333984e+00
3.178157806396484375e+01,2.850318431854248047e+00
2.930280876159667969e+01,1.316650867462158203e+01
2.077268028259277344e+01,-2.617195367813110352e+00
3.565541458129882812e+01,1.120358371734619141e+01
2.425713348388671875e+01,1.176191687583923340e+00
3.346889495849609375e+01,9.488192558288574219e+00
3.496564865112304688e+01,-1.436151695251464844e+01
1.976724815368652344e+01,-1.807024383544921875e+01
1.920064353942871094e+01,2.584210157394409180e+00
2.978816413879394531e+01,1.089185118675231934e+00
2.784426307678222656e+01,-5.814741611480712891e+00
3.660875320434570312e+01,-2.573190450668334961e+00
3.880512237548828125e+01,3.976986646652221680e+00
2.463619232177734375e+01,4.048022747039794922e+00
4.234299087524414062e+01,-6.402700424194335938e+00
3.951922988891601562e+01,-2.087451457977294922e+00
3.881723022460937500e+01,6.018286228179931641e+00
2.823295593261718750e+01,8.486067771911621094e+00
2.505193901062011719e+01,-9.007454872131347656e+00
3.279924774169921875e+01,4.841479778289794922e+00
2.034965705871582031e+01,1.228809165954589844e+01
3.036719131469726562e+01,-1.402197837829589844e+01
-3.533552408218383789e+00,1.260362815856933594e+01
2.994847106933593750e+01,1.436818695068359375e+01
2.824512481689453125e+01,-2.221692466735839844e+01
2.966568183898925781e+01,-4.590860366821289062e+00
2.153081321716308594e+01,8.132145881652832031e+00
2.827093696594238281e+01,7.899425029754638672e+00
2.413161659240722656e+01,1.826657168567180634e-02
1.512891101837158203e+01,1.790746498107910156e+01
2.456876182556152344e+01,-1.182325363159179688e+00
1.830721664428710938e+01,-2.323765993118286133e+00
1.166705513000488281e+01,-1.445903396606445312e+01
2.025947570800781250e+01,5.285126686096191406e+00
3.268363571166992188e+01,-2.616457462310791016e+00
-1.163044810295104980e+00,-9.634790420532226562e+00
2.808347320556640625e+01,1.060893058776855469e+01
2.316187095642089844e+01,6.723511815071105957e-01
2.989497756958007812e+01,9.364880561828613281e+00
2.331710624694824219e+01,-1.142748475074768066e+00
2.429506683349609375e+01,3.164710521697998047e+00
3.822246932983398438e+01,-3.323910236358642578e+00
3.472452926635742188e+01,1.050076389312744141e+01
3.853868103027343750e+01,-1.524734687805175781e+01
2.872854042053222656e+01,-1.590677833557128906e+01
3.525972366333007812e+01,-9.050022125244140625e+00
-6.085483551025390625e+01,-1.828801155090332031e+01
4.426657104492187500e+01,-1.940386390686035156e+01
4.470689392089843750e+01,1.082268047332763672e+01
2.922238731384277344e+01,-2.238772630691528320e+00
4.075200653076171875e+01,5.561010837554931641e+00
3.475958251953125000e+01,3.378572940826416016e+00
3.100593185424804688e+01,-2.261945724487304688e+01
1.324390697479248047e+01,-1.609871101379394531e+01
2.847918891906738281e+01,8.389714241027832031e+00
4.110671615600585938e+01,1.383061408996582031e-01
2.242514419555664062e+01,-1.655623817443847656e+01
2.035631370544433594e+01,1.333076506853103638e-01
4.878704071044921875e+01,-8.135939598083496094e+00
4.200193786621093750e+01,1.121791744232177734e+01
1.481844425201416016e+01,-1.204541397094726562e+01
2.170898818969726562e+01,9.230032920837402344e+00
1.997959327697753906e+01,8.982252120971679688e+00
2.541990280151367188e+01,1.956044197082519531e+00
2.427155876159667969e+01,-9.344745427370071411e-03
1.369462013244628906e+01,5.768150329589843750e+00
2.808070182800292969e+01,-1.340733718872070312e+01
2.821534919738769531e+01,1.632927322387695312e+01
3.941557312011718750e+01,-5.007000446319580078e+00
3.679665374755859375e+01,-7.038010120391845703e+00
1.751338577270507812e+01,4.840844631195068359e+00
2.489601135253906250e+01,3.867367982864379883e+00
3.745215225219726562e+01,-4.455151081085205078e+00
2.671384620666503906e+01,-1.697621703147888184e+00
2.069645118713378906e+01,-2.926203727722167969e+00
2.642732620239257812e+01,-3.338874578475952148e+00
3.150467491149902344e+01,-4.569528579711914062e+00
2.972838211059570312e+01,6.122029781341552734e+00
2.809966850280761719e+01,6.823734760284423828e+00
2.994308662414550781e+01,5.518429756164550781e+00
1.767655944824218750e+01,2.599816620349884033e-01
2.041366004943847656e+01,-7.051634788513183594e+00
2.796331214904785156e+01,-3.339675903320312500e+00
2.669320678710937500e+01,-4.103137969970703125e+00
3.762048339843750000e+01,-3.668908596038818359e+00
2.679006385803222656e+01,-3.507316410541534424e-01
3.044486427307128906e+01,-2.488078594207763672e+00
2.029245376586914062e+01,9.541724205017089844e+00
2.600936889648437500e+01,8.628707885742187500e+00
3.431638717651367188e+01,1.076836204528808594e+01
2.898205566406250000e+01,-6.608235359191894531e+00
4.098521423339843750e+01,-8.581890106201171875e+00
3.012438201904296875e+01,3.842886537313461304e-02
2.743161392211914062e+01,1.713531017303466797e+00
3.550065994262695312e+01,-1.232151889801025391e+01
2.062688064575195312e+01,-5.456145286560058594e+00
3.278660202026367188e+01,1.113111019134521484e+01
2.996054649353027344e+01,-2.909390449523925781e+00
1.595907497406005859e+01,-2.297861480712890625e+01
3.305304718017578125e+01,1.436679935455322266e+01
4.179115295410156250e+01,9.269206047058105469e+00
3.395933914184570312e+01,-7.434185028076171875e+00
3.501194763183593750e+01,6.905786514282226562e+00
3.027336692810058594e+01,-1.425510406494140625e+01
3.198805046081542969e+01,8.339877128601074219e+00
3.385891723632812500e+01,5.701556205749511719e+00
2.773649978637695312e+01,1.427594757080078125e+01
4.321023941040039062e+01,-1.443172740936279297e+01
3.787919044494628906e+00,1.190393352508544922e+01
1.708654022216796875e+01,-2.372027778625488281e+01
2.760753059387207031e+01,-1.621597480773925781e+01
4.776823043823242188e+00,-9.447207450866699219e+00
3.929146575927734375e+01,-7.730950355529785156e+00
3.829763031005859375e+01,-1.017718315124511719e+01
2.309857749938964844e+01,6.134268760681152344e+00
2.877314758300781250e+01,-6.523830413818359375e+00
3.278262329101562500e+01,-1.469628047943115234e+01
4.332619476318359375e+01,-1.569201850891113281e+01
3.750938796997070312e+01,2.213455772399902344e+01
2.149873542785644531e+01,3.697214126586914062e+00
1.352526378631591797e+01,1.226029491424560547e+01
3.106880950927734375e+01,5.209283828735351562e-01
2.878356742858886719e+01,-7.059215068817138672e+00
2.907892036437988281e+01,3.003049135208129883e+00
2.194290733337402344e+01,-1.014130711555480957e+00
2.652238082885742188e+01,-4.435583114624023438e+00
2.575078964233398438e+01,-8.211011886596679688e+00
3.574417114257812500e+01,1.820017337799072266e+00
2.513847541809082031e+01,1.712163805961608887e+00
2.448824119567871094e+01,-7.629380226135253906e-01
3.357014083862304688e+01,4.145971298217773438e+00
4.818023300170898438e+01,-1.106454563140869141e+01
4.341530227661132812e+01,-5.633884429931640625e+00
2.164025115966796875e+01,1.016175365447998047e+01
1.937584686279296875e+01,1.001729106903076172e+01
3.348402786254882812e+01,-7.632268428802490234e+00
1.243613243103027344e+01,-1.989308166503906250e+01
1.972027587890625000e+01,1.580393886566162109e+01
1.873827362060546875e+01,1.222634601593017578e+01
1.728408432006835938e+01,-2.268906593322753906e+00
4.322114181518554688e+01,2.889698266983032227e+00
3.026955986022949219e+01,-6.461830139160156250e+00
2.416519546508789062e+01,2.524861335754394531e+00
2.938405418395996094e+01,-8.303873240947723389e-02
2.891586303710937500e+01,2.398759126663208008e+00
2.954154968261718750e+01,-4.325438499450683594e+00
3.275599670410156250e+01,-5.986346006393432617e-01
2.277324485778808594e+01,5.496692657470703125e+00
8.056397438049316406e+00,-1.018503475189208984e+01
3.711537551879882812e+01,4.585431575775146484e+00
3.316949844360351562e+01,4.818445205688476562e+00
2.596461486816406250e+01,4.432743549346923828e+00
2.679820442199707031e+01,-7.090934276580810547e+00
1.964481353759765625e+01,-2.799031972885131836e+00
3.292298889160156250e+01,5.277923583984375000e+00
3.816066741943359375e+01,-9.918471336364746094e+00
2.972302055358886719e+01,-1.869147109985351562e+01
3.218462753295898438e+01,-6.751554012298583984e+00
4.068953990936279297e+00,-7.186711788177490234e+00
2.645715713500976562e+01,-6.916588783264160156e+00
1.664109802246093750e+01,-1.639403343200683594e+01
2.726751136779785156e+01,-3.540590524673461914e+00
2.838576316833496094e+01,1.047528648376464844e+01
1.988998794555664062e+01,-7.025902748107910156e+00
4.659525394439697266e+00,1.197041130065917969e+01
3.070434570312500000e+01,4.137602329254150391e+00
2.217986679077148438e+01,8.937364578247070312e+00
2.812219810485839844e+01,-3.177069187164306641e+00
2.140955162048339844e+01,1.535948085784912109e+01
3.248402404785156250e+01,2.556391954421997070e+00
2.986739349365234375e+01,4.413264751434326172e+00
2.682561683654785156e+01,8.907670021057128906e+00
4.216599655151367188e+01,-1.390121841430664062e+01
2.810570907592773438e+01,1.144585990905761719e+01
2.699004364013671875e+01,1.944763183593750000e+00
3.738409805297851562e+01,-2.460178756713867188e+01
3.374297714233398438e+01,8.977516174316406250e+00
3.176984977722167969e+01,9.952339172363281250e+00
1.415909862518310547e+01,-2.389393997192382812e+01
2.998462867736816406e+01,2.864051103591918945e+00
2.851236152648925781e+01,1.480283975601196289e+00
2.972065162658691406e+01,-5.867289066314697266e+00
2.191917228698730469e+01,6.573698520660400391e-01
3.752361679077148438e+01,-2.552976846694946289e+00
1.341566753387451172e+01,-1.295088958740234375e+01
2.685566902160644531e+01,9.047512054443359375e+00
2.646771240234375000e+01,5.776993274688720703e+00
1.947846412658691406e+01,-3.184050178527832031e+01
4.002941894531250000e+01,-3.935976266860961914e+00
2.665318107604980469e+01,-1.407015991210937500e+01
2.482203674316406250e+01,2.934076309204101562e+00
4.533796691894531250e+01,-3.955247640609741211e+00
1.848825836181640625e+01,-3.300595998764038086e+00
-2.411746978759765625e+01,-7.936905860900878906e+00
-2.058141136169433594e+01,-7.073240280151367188e+00
3.044454383850097656e+01,1.986441731452941895e+00
2.387179756164550781e+01,1.034774184226989746e+00
-1.611953139305114746e+00,1.137498188018798828e+01
3.743730163574218750e+01,-7.311525821685791016e+00
3.532098770141601562e+01,9.872959136962890625e+00
2.530133628845214844e+01,7.902035117149353027e-01
2.503416061401367188e+01,5.801605701446533203e+00
2.988136291503906250e+01,8.792713165283203125e+00
7.504615306854248047e+00,1.258411979675292969e+01
3.316217041015625000e+01,5.530609130859375000e+00
4.781966018676757812e+01,-8.029100418090820312e+00
3.911694717407226562e+01,1.155133628845214844e+01
2.408009529113769531e+01,5.091297626495361328e+00
3.293543624877929688e+01,-1.027897644042968750e+01
3.898719406127929688e+01,4.290658473968505859e+00
2.970375251770019531e+01,-8.016218185424804688e+00
3.039475631713867188e+01,3.422128260135650635e-01
3.250170898437500000e+01,-9.197753071784973145e-01
2.858468627929687500e+01,-8.410589218139648438e+00
2.561970329284667969e+01,2.987885773181915283e-01
3.345468902587890625e+01,-2.347820758819580078e+00
3.073030662536621094e+01,6.550598144531250000e+00
2.850323677062988281e+01,-4.475425720214843750e+00
2.188394546508789062e+01,2.062102317810058594e+00
2.368876838684082031e+01,2.510515451431274414e+00
1.587920188903808594e+01,-3.126886844635009766e+00
8.673803329467773438e+00,-2.197186660766601562e+01
2.901480102539062500e+01,1.037198543548583984e+01
3.209240722656250000e+01,7.035288810729980469e+00
4.625603199005126953e+00,1.196673965454101562e+01
2.562205505371093750e+01,2.769365549087524414e+00
1.521162796020507812e+01,8.010375022888183594e+00
3.133736419677734375e+01,2.833631277084350586e+00
3.124161911010742188e+01,-3.288748502731323242e+00
2.651350212097167969e+01,-6.404503822326660156e+00
2.183544158935546875e+01,8.813899040222167969e+00
3.955440521240234375e+01,-1.297526168823242188e+01
1.043022918701171875e+01,-1.101329040527343750e+01
2.936533355712890625e+01,6.922712326049804688e+00
3.118709373474121094e+01,-8.107947349548339844e+00
2.900780296325683594e+01,9.376624107360839844e+00
4.433694458007812500e+01,2.151422977447509766e+00
2.912900733947753906e+01,8.415047645568847656e+00
2.847189331054687500e+01,7.030150890350341797e-01
2.221132850646972656e+01,9.184066772460937500e+00
1.906415367126464844e+01,4.559531509876251221e-01
3.623565673828125000e+01,2.312264204025268555e+00
3.920920181274414062e+01,8.680253982543945312e+00
3.743549728393554688e+01,5.070009231567382812e+00
3.239787673950195312e+01,-3.976933717727661133e+00
2.871966171264648438e+01,-7.159053087234497070e-01
2.251077651977539062e+01,-1.922941780090332031e+01
1.085461997985839844e+01,-1.860437774658203125e+01
3.108151817321777344e+01,9.021030426025390625e+00
3.521731185913085938e+01,9.968174934387207031e+00
2.345611572265625000e+01,-8.016111254692077637e-01
2.331176376342773438e+01,-2.298454523086547852e+00
2.218928337097167969e+01,9.188179016113281250e+00
3.541897583007812500e+01,1.082148551940917969e+00
2.521341705322265625e+01,7.377346515655517578e+00
3.758664321899414062e+01,3.049767017364501953e-01
-8.895227432250976562e+00,6.163840770721435547e+00
2.781543350219726562e+01,-7.982306480407714844e+00
2.639948463439941406e+01,-9.303153038024902344e+00
2.234837722778320312e+01,-8.482046723365783691e-01
3.464841842651367188e+01,-1.432912540435791016e+01
3.302714538574218750e+01,-2.119161128997802734e+00
2.681552314758300781e+01,-4.642694294452667236e-01
1.825453948974609375e+01,4.980618000030517578e+00
2.089146041870117188e+01,-1.267458081245422363e+00
3.227960586547851562e+01,-1.495925307273864746e+00
1.745252609252929688e+01,-2.213524055480957031e+01
7.453752994537353516e+00,-4.260813236236572266e+00
3.138586997985839844e+01,6.793014049530029297e+00
2.766964340209960938e+01,-4.054620265960693359e+00
3.907611846923828125e+01,9.985996484756469727e-01
1.878980064392089844e+01,1.694511413574218750e+01
2.979402542114257812e+01,4.335128307342529297e+00
2.685079193115234375e+01,-9.473718643188476562e+00
2.068116760253906250e+01,3.477250337600708008e+00
2.646546745300292969e+01,8.472590446472167969e+00
-1.215966224670410156e+01,-3.519742727279663086e+00
2.934103775024414062e+01,8.292279243469238281e-01
2.530780792236328125e+01,1.634227561950683594e+01
3.238095092773437500e+01,1.615630531311035156e+01
2.226646041870117188e+01,3.416361808776855469e+00
2.836837959289550781e+01,-4.827188253402709961e-01
2.399312973022460938e+01,-2.757709026336669922e+00
3.452675247192382812e+01,-1.919562339782714844e+01
3.526261520385742188e+01,-8.722470283508300781e+00
2.693073081970214844e+01,-4.091837406158447266e+00
3.720960998535156250e+01,-1.559989929199218750e+00
3.094087028503417969e+01,-2.457634449005126953e+00
-2.572939872741699219e+00,1.023121738433837891e+01
2.766700935363769531e+01,-3.733807802200317383e+00
1.976341819763183594e+01,1.534916460514068604e-01
2.082025337219238281e+01,1.373829936981201172e+01
5.712914943695068359e+00,-6.651262760162353516e+00
4.092434692382812500e+01,1.655382537841796875e+01
4.163523864746093750e+01,8.162376403808593750e+00
3.024899482727050781e+01,5.854301929473876953e+00
1.879877090454101562e+01,7.480714917182922363e-01
2.301673698425292969e+01,7.676508903503417969e+00
2.353489494323730469e+01,2.415972948074340820e+00
4.252296829223632812e+01,5.809445381164550781e+00
1.752338027954101562e+01,1.404091238975524902e+00
2.485845565795898438e+01,-1.164091777801513672e+01
4.112334823608398438e+01,1.228970909118652344e+01
3.072025680541992188e+01,1.507783031463623047e+01
3.215826797485351562e+01,-1.060453128814697266e+01
-1.298698663711547852e+00,-7.555215835571289062e+00
3.404694747924804688e+01,-5.375105142593383789e-01
2.498066329956054688e+01,9.028221130371093750e+00
2.910373878479003906e+01,-3.100546121597290039e+00
2.219137001037597656e+01,-4.403873920440673828e+00
3.646586990356445312e+01,-2.344812870025634766e+00
1.753654861450195312e+01,4.697107076644897461e-01
2.412361526489257812e+01,9.447626113891601562e+00
2.792292404174804688e+01,-7.186406850814819336e-01
3.359031677246093750e+01,8.654972076416015625e+00
2.397707366943359375e+01,1.913589715957641602e+00
2.974379348754882812e+01,6.142619609832763672e+00
2.261235046386718750e+01,-1.177026081085205078e+01
3.535289382934570312e+01,-3.590527772903442383e+00
3.088759040832519531e+01,6.212561607360839844e+00
2.661183357238769531e+01,-6.490325450897216797e+00
3.489585494995117188e+01,9.895109176635742188e+00
3.572821807861328125e+01,-5.881089344620704651e-02
3.527509307861328125e+01,1.019695281982421875e+01
4.128476333618164062e+01,1.073742008209228516e+01
3.219385147094726562e+01,-2.108547592163085938e+01
3.641218948364257812e+01,-4.845650196075439453e+00
3.679326629638671875e+01,2.067572355270385742e+00
3.872396469116210938e+01,-5.570571422576904297e-01
2.737218284606933594e+01,-6.348471641540527344e+00
3.632342529296875000e+01,-1.739286661148071289e+00
2.082480621337890625e+01,6.786466121673583984e+00
3.886953735351562500e+01,4.835445404052734375e+00
2.911035156250000000e+01,-5.569504737854003906e+00
9.191196560859680176e-01,-1.286337971687316895e+00
2.733761978149414062e+01,-1.082288265228271484e+01
3.184435462951660156e+01,-4.857306957244873047e+00
2.346625709533691406e+01,1.554264831542968750e+01
6.283400535583496094e+00,-8.565176129341125488e-01
2.930761337280273438e+01,5.511967182159423828e+00
1.136030673980712891e+01,5.005751132965087891e+00
3.785705947875976562e+01,1.684871673583984375e+01
4.011613845825195312e+01,4.042976379394531250e+00
2.543690299987792969e+01,-2.506439208984375000e+01
2.923550605773925781e+01,5.648416996002197266e+00
3.561173248291015625e+01,9.718142509460449219e+00
3.129014205932617188e+01,1.102049446105957031e+01
1.205973911285400391e+01,4.137907505035400391e+00
3.083025169372558594e+01,-8.771700859069824219e+00
3.081885337829589844e+01,4.355210304260253906e+00
2.039753723144531250e+01,5.239049434661865234e+00
2.935105705261230469e+01,5.678690433502197266e+00
1.891175842285156250e+01,1.219102382659912109e+01
4.174351119995117188e+01,-1.291759586334228516e+01
4.169910812377929688e+01,-2.408968448638916016e+00
3.288774871826171875e+01,-1.645927238464355469e+01
2.393155860900878906e+01,4.974789619445800781e+00
2.708135032653808594e+01,-2.401381301879882812e+01
4.603218078613281250e+01,3.490975856781005859e+00
2.110753631591796875e+01,-3.610829114913940430e+00
1.194154834747314453e+01,-6.429281234741210938e+00
3.525920867919921875e+01,-9.530011177062988281e+00
3.598401260375976562e+01,4.784992694854736328e+00
2.982209396362304688e+01,9.637331008911132812e+00
2.690492248535156250e+01,9.131653308868408203e-01
2.523506927490234375e+01,1.313106155395507812e+01
4.768257904052734375e+01,-1.661856460571289062e+01
3.750911331176757812e+01,5.372771739959716797e+00
4.062903976440429688e+01,-9.618369102478027344e+00
2.113992309570312500e+01,-9.784587621688842773e-01
2.426181983947753906e+01,-2.870530605316162109e+00
-2.358304977416992188e+01,-3.639557063579559326e-01
2.273481941223144531e+01,4.254896640777587891e+00
3.555591201782226562e+01,-8.612626791000366211e-01
4.044780731201171875e+01,1.122505664825439453e+01
2.457266616821289062e+01,-6.609956026077270508e-01
2.880554199218750000e+01,9.336256980895996094e+00
3.139388465881347656e+01,6.207500457763671875e+00
3.197706413269042969e+01,1.514165163040161133e+00
2.668252563476562500e+01,-3.440718650817871094e+00
2.946440315246582031e+01,2.168781280517578125e+00
2.300984191894531250e+01,-5.161489009857177734e+00
2.201529312133789062e+01,6.477968692779541016e+00
2.882487678527832031e+01,7.950857281684875488e-01
8.655466079711914062e+00,-1.027134990692138672e+01
2.093538093566894531e+01,6.627227067947387695e-01
3.652103424072265625e+01,5.683340072631835938e+00
3.028559875488281250e+01,-3.759730160236358643e-01
3.879137039184570312e+01,-4.567279815673828125e+00
-3.973825275897979736e-02,-1.281202220916748047e+01
3.155558586120605469e+01,5.366528034210205078e+00
2.449886131286621094e+01,-8.491813659667968750e+00
2.186766242980957031e+01,6.829683780670166016e-01
3.078872108459472656e+01,-4.518754482269287109e+00
2.650553512573242188e+01,8.329336166381835938e+00
2.992359924316406250e+01,-9.037882804870605469e+00
4.168238067626953125e+01,9.504011154174804688e+00
3.586535263061523438e+01,5.411330223083496094e+00
1.225674247741699219e+01,9.374664306640625000e+00
2.020448875427246094e+01,-5.461499691009521484e+00
1.681755828857421875e+01,2.061823308467864990e-01
1.991157531738281250e+01,6.117117404937744141e+00
3.618345260620117188e+01,5.992430210113525391e+00
2.105588340759277344e+01,7.535932064056396484e+00
2.232458114624023438e+00,-1.049922704696655273e+00
3.111851119995117188e+01,2.373575210571289062e+00
3.131804466247558594e+01,1.070712471008300781e+01
3.410116577148437500e+01,3.934605121612548828e+00
2.812759208679199219e+01,5.692732334136962891e+00
3.810897445678710938e+01,-1.799695968627929688e+00
2.777522468566894531e+01,4.708490371704101562e+00
2.752466011047363281e+01,1.082830429077148438e+00
3.541363906860351562e+01,9.603671073913574219e+00
5.595525741577148438e+01,-7.684917449951171875e+00
-5.669147372245788574e-01,5.834570407867431641e+00
1.317018699645996094e+01,6.566034793853759766e+00
2.353146362304687500e+01,-1.648377060890197754e+00
2.995830345153808594e+01,-5.322404384613037109e+00
2.927134132385253906e+01,1.188894081115722656e+01
3.196310234069824219e+01,-7.222480773925781250e+00
3.187800216674804688e+01,8.897380828857421875e+00
3.509688949584960938e+01,-1.081486129760742188e+01
3.032485580444335938e+01,7.748108863830566406e+00
3.691013336181640625e+01,-6.818980693817138672e+00
3.671251296997070312e+01,7.153870105743408203e+00
3.284898757934570312e+01,7.510321617126464844e+00
3.550994110107421875e+01,8.853400230407714844e+00
2.007217979431152344e+01,8.248013496398925781e+00
2.359471893310546875e+01,3.234600305557250977e+00
2.569895935058593750e+01,-2.555039644241333008e+00
1.204789352416992188e+01,-2.332742118835449219e+01
2.285799789428710938e+01,4.730466842651367188e+00
3.270526504516601562e+01,-7.391347885131835938e-01
2.042714881896972656e+01,2.869603157043457031e+00
2.933401489257812500e+01,-2.825244188308715820e+00
2.022355079650878906e+01,1.094979047775268555e+00
3.391172409057617188e+01,-2.830699539184570312e+01
2.684502410888671875e+01,-3.768220663070678711e+00
1.898093032836914062e+01,-2.097630649805068970e-01
3.497339630126953125e+01,9.334119796752929688e+00
-1.830935597419738770e+00,-7.909215450286865234e+00
3.749168014526367188e+01,6.033337593078613281e+00
3.828334045410156250e+01,-7.485489368438720703e+00
2.725616264343261719e+01,-4.837493419647216797e+00
3.089384078979492188e+01,1.164587116241455078e+01
3.086906623840332031e+01,-5.588948726654052734e+00
2.329963684082031250e+01,2.610203266143798828e+00
2.851391983032226562e+01,-5.678298473358154297e+00
4.103309249877929688e+01,8.645359992980957031e+00
1.590006256103515625e+01,4.539073944091796875e+00
1.723209190368652344e+01,2.206772804260253906e+00
2.214122772216796875e+01,-6.705944061279296875e+00
1.284040546417236328e+01,-2.364945220947265625e+01
3.027244949340820312e+01,7.648283958435058594e+00
3.782642745971679688e+01,-1.134523200988769531e+01
2.058365631103515625e+01,-8.153991699218750000e-01
1.825954818725585938e+01,-6.128381252288818359e+00
3.841216659545898438e+01,-1.361544704437255859e+01
3.056399345397949219e+01,-3.298768758773803711e+00
3.364437484741210938e+01,1.139188289642333984e+01
2.376758766174316406e+01,9.997523307800292969e+00
3.250226974487304688e+01,-6.652609109878540039e-01
3.731655120849609375e+01,-1.752762603759765625e+01
4.653827285766601562e+01,1.270028305053710938e+01
3.752089691162109375e+01,5.202727317810058594e+00
2.238032722473144531e+01,4.791918754577636719e+00
2.703242492675781250e+01,-1.002818965911865234e+01
3.797204208374023438e+01,-1.016012287139892578e+01
2.422034454345703125e+01,4.821937561035156250e+00
1.961825752258300781e+01,1.872579693794250488e+00
2.899351310729980469e+01,1.421461391448974609e+01
2.996942901611328125e+01,5.891933441162109375e+00
2.007836914062500000e+01,4.721071243286132812e+00
2.270930671691894531e+01,3.875622272491455078e+00
4.269640731811523438e+01,1.056140422821044922e+01
3.418837738037109375e+01,1.375303506851196289e+00
3.235187149047851562e+01,-8.652636528015136719e+00
2.895078468322753906e+01,-1.619477868080139160e+00
1.466799926757812500e+01,1.889868164062500000e+01
2.974954223632812500e+01,1.433122992515563965e+00
1.332919025421142578e+01,7.909321784973144531e+00
2.836491012573242188e+01,-6.067854404449462891e+00
2.623746681213378906e+01,-1.508776473999023438e+01
-1.026186180114746094e+01,7.925379276275634766e+00
2.810906410217285156e+01,-1.262092876434326172e+01
2.514038848876953125e+01,2.458147525787353516e+00
5.454139709472656250e+00,3.573518037796020508e+00
3.200579071044921875e+01,8.285181045532226562e+00
1.946377372741699219e+01,9.097170829772949219e+00
1.836436080932617188e+01,9.804340004920959473e-01
3.297972488403320312e+01,5.361506462097167969e+00
3.246849441528320312e+01,2.685841321945190430e+00
2.853834342956542969e+01,-5.250671863555908203e+00
2.846763801574707031e+01,-1.222485780715942383e+00
1.809932327270507812e+01,-4.236318588256835938e+00
2.498938751220703125e+01,2.255481004714965820e+00
1.784373283386230469e+01,1.380734062194824219e+01
3.031416702270507812e+01,6.378369927406311035e-01
3.118135070800781250e+01,2.069265937805175781e+01
3.497203826904296875e+01,5.324469089508056641e+00
3.895631790161132812e+01,8.107246160507202148e-01
-6.303451156616210938e+01,-1.814358139038085938e+01
3.714340209960937500e+01,1.738644027709960938e+01
2.155135536193847656e+01,6.853618621826171875e+00
5.156462669372558594e+00,6.262087821960449219e+00
4.639907455444335938e+01,-2.922286987304687500e+00
2.616829681396484375e+01,-6.201958179473876953e+00
-9.745424270629882812e+00,-6.518714904785156250e+00
2.280224418640136719e+01,-1.959553122520446777e+00
2.311902427673339844e+01,2.988756597042083740e-01
2.035263442993164062e+01,-5.149020195007324219e+00
1.862941169738769531e+01,-5.743982315063476562e+00
4.113981628417968750e+01,6.006587982177734375e+00
-2.114552736282348633e+00,8.766356468200683594e+00
3.408203506469726562e+01,3.259300947189331055e+00
1.951333999633789062e+01,-1.650351905822753906e+01
3.750134277343750000e+01,-1.594232654571533203e+01
3.043418884277343750e+01,5.391807556152343750e-01
3.474895477294921875e+01,2.750310659408569336e+00
3.555816268920898438e+01,-1.552453637123107910e+00
4.073048782348632812e+01,3.857226133346557617e+00
3.381838226318359375e+01,1.075272560119628906e+01
2.326737022399902344e+01,4.975806713104248047e+00
2.999973106384277344e+01,7.217476844787597656e+00
3.046382904052734375e+01,4.557646751403808594e+00
3.336452484130859375e+01,2.555866956710815430e+00
2.938458251953125000e+01,8.173864364624023438e+00
1.215183734893798828e+00,1.787698745727539062e+01
1.768475532531738281e+01,1.132515144348144531e+01
1.626003074645996094e+01,-1.021243572235107422e+01
3.937767791748046875e+01,-8.100837707519531250e+00
3.461816024780273438e+01,-1.446593093872070312e+01
2.436095619201660156e+01,-8.546750068664550781e+00
2.323764228820800781e+01,-1.578970718383789062e+01
3.650810241699218750e+01,1.532726383209228516e+01
1.650606155395507812e+01,3.655337810516357422e+00
3.247866058349609375e+01,9.515441894531250000e+00
3.214377212524414062e+01,5.774260759353637695e-01
2.956854629516601562e+01,-1.300213146209716797e+01
2.332716751098632812e+01,-2.824368476867675781e+00
3.243533325195312500e+01,8.212958335876464844e+00
3.590436935424804688e+01,5.480402469635009766e+00
2.380845642089843750e+01,3.728532314300537109e+00
3.215092849731445312e+01,4.921753406524658203e+00
3.009311866760253906e+01,-6.400454998016357422e+00
4.584544754028320312e+01,-8.248285293579101562e+00
2.484587478637695312e+01,3.878444910049438477e+00
1.526992416381835938e+01,-3.516698455810546875e+01
3.783045959472656250e+01,-2.812618494033813477e+00
2.465246391296386719e+01,-2.953372478485107422e+00
2.662795639038085938e+01,-6.514008522033691406e+00
3.164099693298339844e+01,-4.570894241333007812e+00
3.141423416137695312e+01,-6.206053256988525391e+00
2.985633659362792969e+01,1.934691667556762695e-01
3.903965950012207031e+00,1.943290328979492188e+01
2.255875015258789062e+01,-4.050640106201171875e+00
2.269432449340820312e+01,1.712837409973144531e+01
2.990461349487304688e+01,1.329286289215087891e+01
2.833571434020996094e+01,-8.360483169555664062e+00
1.947415351867675781e+01,-6.838079929351806641e+00
2.228796577453613281e+01,-1.926953315734863281e+01
1.103009605407714844e+01,-1.256174087524414062e+01
1.215088176727294922e+01,9.763464927673339844e+00
3.067060089111328125e+01,4.326165199279785156e+00
4.076471710205078125e+01,1.470444679260253906e+01
2.937695121765136719e+01,-1.784456443786621094e+01
3.883926010131835938e+01,8.754714965820312500e+00
2.321028900146484375e+01,-5.233386516571044922e+00
2.560553741455078125e+01,-1.860372304916381836e+00
2.835531806945800781e+01,6.524796485900878906e+00
4.426043319702148438e+01,-3.392066478729248047e+00
5.160048007965087891e+00,-1.155178833007812500e+01
2.864288330078125000e+01,7.481988430023193359e+00
2.449173164367675781e+01,-1.735292196273803711e+00
2.718834877014160156e+01,-7.972527027130126953e+00
1.913666725158691406e+01,3.979449510574340820e+00
2.655859565734863281e+01,-1.205078125000000000e+00
3.876021957397460938e+01,-4.547447860240936279e-01
4.022901535034179688e+01,3.360645771026611328e+00
3.571786117553710938e+01,3.184981107711791992e+00
2.755497360229492188e+01,-7.164469242095947266e+00
2.767188835144042969e+01,4.723765850067138672e+00
2.516869163513183594e+01,-3.751574516296386719e+00
1.695877647399902344e+01,-2.085984706878662109e+00
2.724080467224121094e+01,1.356039810180664062e+01
2.288080787658691406e+01,-5.266836166381835938e+00
2.359929084777832031e+01,-6.777420997619628906e+00
3.133792686462402344e+01,1.472395038604736328e+01
3.212097549438476562e+01,9.634779930114746094e+00
3.904951095581054688e+01,-9.696893692016601562e+00
6.916371345520019531e+00,-4.717867374420166016e+00
2.377908515930175781e+01,3.983033418655395508e+00
3.875136566162109375e+01,1.640212059020996094e+00
2.278153610229492188e+01,1.115260505676269531e+01
4.044760513305664062e+01,1.307983875274658203e+01
1.137433815002441406e+01,-2.553167152404785156e+01
2.237920379638671875e+01,1.182214736938476562e+01
2.480263710021972656e+01,5.079548358917236328e+00
2.127881240844726562e+01,6.380002498626708984e+00
3.560455322265625000e+01,-1.753242492675781250e+01
3.561573410034179688e+01,-1.835942268371582031e+01
3.312071990966796875e+01,-9.912865757942199707e-01
4.533242034912109375e+01,-4.028363227844238281e+00
3.045474624633789062e+01,2.673166751861572266e+00
2.737962150573730469e+01,-1.025488041341304779e-02
3.622233200073242188e+01,-1.510341072082519531e+01
4.139655685424804688e+01,-7.925334453582763672e+00
2.423284912109375000e+01,-6.443664073944091797e+00
3.291257095336914062e+01,2.741063594818115234e+00
2.543975639343261719e+01,-1.237916755676269531e+01
3.249804306030273438e+01,-3.744676828384399414e+00
2.092060852050781250e+01,-1.654280853271484375e+01
3.677560424804687500e+01,-8.262246131896972656e+00
2.924027824401855469e+01,-2.302374839782714844e+00
3.474613571166992188e+01,-5.247685432434082031e+00
4.083724594116210938e+01,5.466047286987304688e+00
7.059152603149414062e+00,-7.889328479766845703e+00
2.582722282409667969e+01,-7.287928462028503418e-01
3.047083663940429688e+01,5.871368408203125000e+00
2.074224662780761719e+01,4.125467777252197266e+00
2.338651275634765625e+01,1.514599990844726562e+01
2.108389854431152344e+01,-9.054600715637207031e+00
2.006795883178710938e+01,1.376987218856811523e+00
1.907748413085937500e+01,1.721584498882293701e-01
2.646859169006347656e+01,-6.616989374160766602e-01
3.179809188842773438e+01,8.317829132080078125e+00
2.697446441650390625e+01,1.739850616455078125e+01
1.436840057373046875e+01,-1.079856967926025391e+01
5.401393508911132812e+01,-9.323807716369628906e+00
4.056817245483398438e+01,1.205554676055908203e+01
1.906523132324218750e+01,-2.009894180297851562e+01
3.048433685302734375e+01,6.452476978302001953e-01
2.756280899047851562e+01,-5.652924060821533203e+00
2.024450683593750000e+01,-3.402507007122039795e-01
2.948743629455566406e+01,2.133781015872955322e-01
2.388327598571777344e+01,-6.932310461997985840e-01
4.462163925170898438e+01,1.953049659729003906e+01
4.128527164459228516e+00,-1.603000450134277344e+01
1.837479972839355469e+01,4.599176406860351562e+00
3.347012329101562500e+01,8.388604164123535156e+00
3.147128868103027344e+01,-2.295719146728515625e+00
4.260982513427734375e+01,1.691670989990234375e+01
9.966827392578125000e+00,-8.224156379699707031e+00
3.831309127807617188e+01,5.298001766204833984e+00
-2.912751913070678711e+00,-4.967009067535400391e+00
3.285071182250976562e+01,8.013067245483398438e+00
4.085604858398437500e+01,1.445776939392089844e+01
3.023040199279785156e+01,-6.088612675666809082e-01
2.083990859985351562e+01,-1.793173027038574219e+01
2.839374923706054688e+01,-8.453193664550781250e+00
3.306317138671875000e+01,-2.097681999206542969e+00
3.763358688354492188e+01,2.415234565734863281e+00
1.962366485595703125e+01,-1.077728629112243652e+00
3.571430969238281250e+01,5.016586303710937500e+00
3.224294662475585938e+01,8.725831031799316406e+00
2.770980834960937500e+01,8.262619018554687500e+00
1.673965454101562500e+01,2.807102680206298828e+00
3.478272247314453125e+01,-2.970915555953979492e+00
-5.855593681335449219e+00,1.282615852355957031e+01
